sample10.jpg,462.28952,155.01993,-474.59753,467.31668,142.60002,-468.59552,471.32568,141.97832,-468.51505,475.326,141.28427,-468.4959,456.4643,143.57169,-465.9594,452.65204,143.45862,-465.9998,448.84174,143.46062,-465.9729,483.53067,140.66869,-370.0228,446.2151,143.41089,-355.3908,471.56497,160.64441,-432.72992,457.7592,161.77316,-428.76532,517.3439,170.69536,-224.6787,428.90714,183.72096,-242.85936,519.96954,217.41371,-42.70261,424.78433,242.37149,-179.11327,508.4298,249.0893,33.614292,418.15466,290.0445,-226.14865,508.06503,257.52017,51.828037,411.84613,302.09985,-235.1048,507.9693,257.9219,25.698044,414.71402,303.3229,-265.9978,505.4091,255.52296,27.180195,421.00394,299.041,-238.94206,500.77313,259.80917,3.510173,449.70142,262.9297,-3.5054173,522.43616,337.72418,-80.5149,437.24573,341.7558,-42.280994,527.2555,397.63495,112.78355,429.8161,405.14856,130.73007,523.3174,404.11795,125.2189,430.581,412.64447,140.84746,530.54004,431.0828,15.935372,430.9602,435.98334,30.53965
sample103.jpg,705.3216,144.94267,-166.1853,704.1405,133.83128,-145.04611,705.30994,134.26048,-145.05606,706.6759,134.72961,-145.1063,696.7575,132.12068,-176.43053,692.4783,130.91281,-176.39136,688.23395,129.78314,-176.52872,695.3083,138.00687,-22.122742,671.85974,131.40874,-165.10837,701.224,157.47057,-118.605,692.0763,155.47726,-159.19452,663.6905,202.2404,137.74321,648.61786,186.6164,-254.70018,704.1671,274.57285,200.09477,701.6006,265.5417,-288.20764,754.7886,316.7287,103.56118,758.13995,308.19626,-201.43736,767.05237,323.41275,108.52554,769.7577,312.44135,-234.6083,767.72986,318.36078,72.891495,772.1238,308.3093,-220.42754,763.2864,318.85623,87.06455,765.36255,308.84995,-194.04031,580.9819,326.4603,124.382416,556.4386,327.28284,-124.39496,668.6524,378.08932,222.68259,595.1197,440.5342,-208.30759,625.6985,489.37292,347.84073,589.30493,590.1976,-209.9766,604.2384,506.62012,357.7284,571.23206,614.16486,-216.3642,671.3357,524.54395,321.9768,648.1173,622.0588,-328.55536
sample104.jpg,705.3216,144.94267,-166.1853,704.1405,133.83128,-145.04611,705.30994,134.26048,-145.05606,706.6759,134.72961,-145.1063,696.7575,132.12068,-176.43053,692.4783,130.91281,-176.39136,688.23395,129.78314,-176.52872,695.3083,138.00687,-22.122742,671.85974,131.40874,-165.10837,701.224,157.47057,-118.605,692.0763,155.47726,-159.19452,663.6905,202.2404,137.74321,648.61786,186.6164,-254.70018,704.1671,274.57285,200.09477,701.6006,265.5417,-288.20764,754.7886,316.7287,103.56118,758.13995,308.19626,-201.43736,767.05237,323.41275,108.52554,769.7577,312.44135,-234.6083,767.72986,318.36078,72.891495,772.1238,308.3093,-220.42754,763.2864,318.85623,87.06455,765.36255,308.84995,-194.04031,580.9819,326.4603,124.382416,556.4386,327.28284,-124.39496,668.6524,378.08932,222.68259,595.1197,440.5342,-208.30759,625.6985,489.37292,347.84073,589.30493,590.1976,-209.9766,604.2384,506.62012,357.7284,571.23206,614.16486,-216.3642,671.3357,524.54395,321.9768,648.1173,622.0588,-328.55536
sample11.jpg,462.28952,155.01993,-474.59753,467.31668,142.60002,-468.59552,471.32568,141.97832,-468.51505,475.326,141.28427,-468.4959,456.4643,143.57169,-465.9594,452.65204,143.45862,-465.9998,448.84174,143.46062,-465.9729,483.53067,140.66869,-370.0228,446.2151,143.41089,-355.3908,471.56497,160.64441,-432.72992,457.7592,161.77316,-428.76532,517.3439,170.69536,-224.6787,428.90714,183.72096,-242.85936,519.96954,217.41371,-42.70261,424.78433,242.37149,-179.11327,508.4298,249.0893,33.614292,418.15466,290.0445,-226.14865,508.06503,257.52017,51.828037,411.84613,302.09985,-235.1048,507.9693,257.9219,25.698044,414.71402,303.3229,-265.9978,505.4091,255.52296,27.180195,421.00394,299.041,-238.94206,500.77313,259.80917,3.510173,449.70142,262.9297,-3.5054173,522.43616,337.72418,-80.5149,437.24573,341.7558,-42.280994,527.2555,397.63495,112.78355,429.8161,405.14856,130.73007,523.3174,404.11795,125.2189,430.581,412.64447,140.84746,530.54004,431.0828,15.935372,430.9602,435.98334,30.53965
sample13.jpg,470.32846,161.97882,-516.5355,474.56924,149.77142,-510.44153,478.52676,149.1003,-510.32214,482.53275,148.34497,-510.27805,463.04547,151.22356,-511.1599,458.85815,151.36365,-511.21057,454.69025,151.66586,-511.14395,488.27527,149.12074,-409.70236,449.6516,153.36543,-408.52075,478.34262,168.84322,-472.89462,464.23196,170.4844,-472.45972,517.21765,176.91301,-262.3698,431.98758,195.3234,-269.38757,521.30457,209.92052,-75.64242,428.9113,247.83377,-118.91866,509.975,242.5111,37.605415,412.01065,292.74414,-26.958147,510.05356,251.11343,68.944084,403.6476,303.02438,-4.251585,510.81064,252.63907,45.69462,403.04745,303.34372,-35.282406,508.23807,250.78484,34.1898,409.0775,299.5807,-34.873085,502.49973,251.52306,6.708955,452.35065,257.98245,-6.9763846,528.55695,324.9982,-182.96008,440.17432,332.1594,-146.53552,528.4692,399.09512,28.357979,438.2085,404.96368,24.656437,523.837,408.26776,42.544773,438.51788,414.97763,35.278313,532.6104,432.6303,-75.6737,444.6077,436.15958,-83.81472
sample131.jpg,736.6301,209.29288,-82.166214,731.96936,200.55234,-52.238693,732.2162,200.89186,-52.15382,732.63965,201.28882,-52.177162,727.3599,199.13908,-87.01352,724.42444,198.37552,-86.902405,721.46545,197.68602,-86.970634,719.96387,202.9814,82.60434,703.99805,198.5278,-69.06133,729.615,219.64679,-32.180542,724.30023,218.18582,-75.346466,707.8816,266.63037,156.66208,655.0878,236.29219,-183.82748,737.4152,329.52094,35.232502,689.9902,311.21213,-312.57678,773.01526,349.06503,-232.61859,754.8773,345.36856,-314.20657,787.1002,361.1689,-263.78485,765.87756,357.17303,-346.4125,779.7141,350.0637,-283.1233,775.2031,352.17044,-333.4854,773.1642,348.603,-247.24942,767.4179,350.18127,-306.5247,637.3673,388.9386,88.22801,590.2366,379.31345,-88.24806,741.0393,397.73425,-115.917435,623.0354,474.3521,-350.34305,656.1475,502.9668,17.290785,580.8167,603.5612,-279.009,634.7427,516.46387,28.934807,566.2283,621.4136,-279.37625,672.8479,533.8807,-85.38229,605.8762,645.7005,-430.804
sample132.jpg,735.8412,210.63069,-160.24219,733.4303,202.72592,-132.14307,734.41437,203.3433,-132.04031,735.5716,204.00598,-131.95767,727.43286,200.7619,-160.67477,724.18286,199.78008,-160.58594,720.902,198.89957,-160.63956,724.04895,207.62756,-5.2617264,703.36176,201.24754,-131.63376,729.3395,222.21921,-113.99179,721.6348,219.76909,-150.21907,709.8423,270.1889,79.728,651.4352,239.65216,-240.70602,741.32477,328.0745,-26.776564,686.1034,306.5697,-378.5578,781.1462,352.1252,-281.1032,753.91614,346.3428,-396.37912,795.4707,363.6204,-310.93604,764.43286,358.95865,-440.51578,789.06213,354.0849,-330.9984,774.57715,355.09406,-425.3802,781.68396,352.84296,-296.22803,766.08307,352.73557,-387.91083,636.3706,381.34863,81.77391,588.12225,371.43008,-81.7826,709.939,430.71307,-111.70532,626.87445,466.07944,-363.49734,653.5188,547.51843,48.689236,566.0901,580.47546,-263.01608,631.85785,566.57965,59.978962,547.32587,592.3774,-262.0319,682.72217,587.02966,-28.625345,586.8271,633.4918,-391.91888
sample133.jpg,736.5638,212.99684,-61.618095,733.24066,203.8614,-32.097668,733.73157,204.32281,-31.940628,734.42773,204.8013,-31.827835,728.3944,202.34097,-65.32045,725.18604,201.26848,-65.22348,721.92163,200.32349,-65.157,721.5573,207.8842,95.51732,703.6843,202.39056,-50.545456,729.9969,224.15907,-15.368815,722.5515,221.52472,-57.600132,705.87256,273.14926,172.80695,650.9807,235.2369,-177.76105,738.1774,329.8187,55.99431,684.3653,304.19315,-341.13647,780.6809,351.21494,-171.8476,752.976,341.09915,-340.53342,798.28186,361.08893,-198.62521,761.97504,351.60812,-381.26785,792.8683,355.13547,-225.76364,771.298,348.1941,-370.331,783.6431,353.68195,-192.25966,763.8678,347.13916,-334.30762,629.09845,383.62738,90.96788,584.1662,368.2994,-90.634735,711.32434,439.97488,-213.30872,651.974,448.49918,-380.61444,659.2013,563.4942,-99.03441,563.39856,553.3009,-279.64127,634.8439,582.2432,-94.25766,539.78204,559.751,-274.5313,692.87177,605.7206,-200.30458,579.23895,615.535,-386.93497
sample134.jpg,719.70245,200.43611,-136.67021,714.9002,193.5479,-107.24574,715.3301,194.16403,-107.15415,715.97375,194.83922,-107.10842,709.9151,191.85646,-138.96175,706.975,191.16765,-138.82901,704.0078,190.5714,-138.94595,703.7903,198.77222,29.167746,686.24963,193.22325,-111.262314,713.0587,211.9955,-86.98887,707.00745,210.01212,-126.73413,695.73236,264.40582,101.8289,635.247,234.95923,-222.8993,733.2295,323.4882,-9.75274,673.20984,308.64542,-360.65942,768.5688,349.00415,-254.2235,737.26746,342.05417,-377.93118,781.98175,363.93353,-280.13693,747.81494,353.234,-418.58566,771.17706,351.8006,-303.34293,757.60486,348.54382,-402.9604,764.557,350.53986,-268.9518,749.0984,347.28668,-370.71082,623.82367,388.34518,87.14427,573.1968,379.35794,-87.17182,718.667,405.7174,-152.65897,623.2075,462.3032,-433.34424,627.5571,519.92786,15.587942,576.3244,592.2643,-338.62292,602.0521,535.5266,29.533865,559.69946,609.28613,-336.27423,649.4864,556.0709,-78.91548,605.24255,636.59546,-485.4948
sample135.jpg,719.9158,207.78004,-121.542114,716.1848,200.46266,-91.30121,716.2201,200.86731,-91.28434,716.4415,201.33977,-91.28949,712.367,198.7984,-123.21659,709.9201,197.93726,-123.13058,707.4591,197.15558,-123.24077,704.217,203.42902,34.601208,691.0936,198.3477,-106.24257,712.05817,218.19466,-75.93027,707.6471,216.19345,-115.92613,688.13995,268.49243,122.883606,638.9571,236.74507,-221.88,724.1735,330.79938,96.58362,670.34155,307.91653,-348.23694,763.2501,354.69675,-78.263405,736.34973,340.90283,-352.32184,775.5985,363.886,-92.59472,749.07776,350.22913,-387.70877,772.00226,354.86496,-120.136826,757.0924,344.3911,-372.13818,766.82874,354.83633,-93.93981,748.99347,342.80505,-344.8718,618.07544,381.69788,90.69785,572.8361,374.1829,-90.61847,715.0625,393.63107,-88.70134,604.0736,469.52356,-320.42618,635.9722,502.96637,67.55631,556.89923,589.39856,-233.52023,613.6907,517.6926,81.24432,541.08466,604.0095,-232.70651,656.3834,538.5958,-12.100762,582.2989,633.594,-367.63486
sample136.jpg,720.21484,205.76917,-153.71823,717.708,199.38045,-123.69401,718.6183,200.45686,-123.55798,719.72266,201.57494,-123.45772,712.027,196.57727,-151.06087,708.91046,195.40958,-150.96713,705.75464,194.35999,-150.98763,707.91907,206.88942,5.032731,687.8891,197.85564,-116.24899,713.42664,218.58614,-107.60734,705.7416,214.83987,-142.4949,693.5476,273.8727,81.13319,631.283,235.86136,-229.75508,730.87573,333.8069,-39.538174,666.0395,301.61572,-380.18445,777.2313,355.48618,-274.22482,736.94775,340.3221,-395.86487,794.4458,365.71777,-298.87997,747.5762,352.08417,-440.4928,787.5553,356.73538,-319.82153,759.29553,348.8338,-423.55273,779.00214,355.94653,-290.3706,749.9208,347.52133,-387.71832,616.7062,382.86194,80.342545,565.9011,371.04657,-80.18744,697.83136,427.0206,-162.017,616.30566,453.15262,-401.39542,641.07086,551.1704,-0.6224473,546.3388,571.3946,-281.45108,617.92236,569.95044,10.668229,525.8329,581.7232,-277.64133,671.3552,592.7171,-87.22052,568.3619,629.7285,-411.56888
sample137.jpg,719.0134,208.057,-91.399315,716.6266,200.73834,-60.033325,717.2895,201.45074,-59.939598,718.1398,202.1748,-59.856285,711.53204,198.6703,-89.44742,708.4293,197.52386,-89.35116,705.2637,196.50188,-89.29114,706.5919,206.66296,69.85019,688.4916,199.61906,-59.982933,713.1414,219.95041,-44.782505,705.6162,216.65257,-82.322205,690.35706,272.48492,154.7446,635.6757,236.6319,-184.79703,729.39075,331.15182,87.518326,669.7395,311.6145,-332.63278,772.43317,353.09006,-95.423546,736.8436,343.56354,-330.8749,790.3354,361.79425,-114.368484,747.62756,351.97235,-370.49915,785.2772,356.43213,-145.86095,755.56244,346.12625,-357.16678,776.45264,355.91855,-116.78101,748.2211,345.58597,-324.7876,615.5958,383.43784,84.91042,569.94073,369.10873,-84.59122,695.5714,434.9268,-234.96936,622.7582,451.8333,-412.04474,643.6634,562.15594,-99.82065,543.24274,560.9231,-287.3013,621.80225,581.4431,-92.994225,523.9247,568.5069,-280.70367,671.5164,600.4873,-209.74622,557.9922,619.9113,-409.33154
sample138.jpg,694.9511,207.27325,-88.79903,689.6744,197.919,-61.02906,689.3711,197.89809,-60.956856,689.2408,197.9469,-60.966686,686.1638,197.25298,-97.89646,683.5635,196.65154,-97.77353,680.95184,196.14577,-97.835,675.73157,199.15407,63.032932,663.13446,196.73795,-100.699814,687.089,216.87007,-42.936478,683.1002,216.29149,-89.629456,661.74756,263.05835,134.69563,613.91675,234.02278,-218.03001,694.8546,326.0519,54.36345,649.36804,306.50378,-346.0091,729.1676,347.94522,-164.10538,710.71497,339.99265,-334.83466,741.8354,359.6128,-182.92542,721.52435,350.50885,-366.13248,735.00354,348.70013,-204.5056,729.355,345.87067,-352.35486,729.6886,347.64938,-178.30737,721.8966,344.0728,-327.05536,585.5039,384.77014,92.80051,541.5604,374.88788,-92.73421,681.6507,398.5039,-103.997604,577.6371,466.47766,-354.38165,599.0307,505.85785,26.594183,534.00806,588.77167,-283.40646,576.6773,519.8934,38.141876,518.435,604.1794,-283.71762,618.7055,538.6258,-69.12816,562.68176,634.40485,-427.9416
sample14.jpg,470.32846,161.97882,-516.5355,474.56924,149.77142,-510.44153,478.52676,149.1003,-510.32214,482.53275,148.34497,-510.27805,463.04547,151.22356,-511.1599,458.85815,151.36365,-511.21057,454.69025,151.66586,-511.14395,488.27527,149.12074,-409.70236,449.6516,153.36543,-408.52075,478.34262,168.84322,-472.89462,464.23196,170.4844,-472.45972,517.21765,176.91301,-262.3698,431.98758,195.3234,-269.38757,521.30457,209.92052,-75.64242,428.9113,247.83377,-118.91866,509.975,242.5111,37.605415,412.01065,292.74414,-26.958147,510.05356,251.11343,68.944084,403.6476,303.02438,-4.251585,510.81064,252.63907,45.69462,403.04745,303.34372,-35.282406,508.23807,250.78484,34.1898,409.0775,299.5807,-34.873085,502.49973,251.52306,6.708955,452.35065,257.98245,-6.9763846,528.55695,324.9982,-182.96008,440.17432,332.1594,-146.53552,528.4692,399.09512,28.357979,438.2085,404.96368,24.656437,523.837,408.26776,42.544773,438.51788,414.97763,35.278313,532.6104,432.6303,-75.6737,444.6077,436.15958,-83.81472
sample141.jpg,666.4904,198.1845,-124.445724,663.43317,190.95981,-94.73403,664.2739,191.59355,-94.628525,665.3108,192.28061,-94.63237,657.71063,189.04185,-124.07874,654.6754,188.2391,-123.99094,651.62866,187.52861,-124.10927,655.04755,195.7486,40.967583,635.76117,189.94232,-88.06698,661.29645,209.4415,-74.60607,654.3917,207.20567,-111.47237,646.174,259.1738,126.26671,585.79535,227.98317,-203.69034,675.39154,322.52576,28.900108,613.81104,302.4147,-334.07446,711.50055,351.493,-213.17828,680.4959,341.90475,-357.92358,725.65344,366.57785,-239.70421,690.9783,356.99722,-394.71893,718.3855,357.5372,-264.5557,703.03467,351.7288,-386.01123,711.2445,355.98712,-229.61716,694.7241,349.2904,-352.35962,573.9989,379.76782,87.517204,522.214,371.20718,-87.47388,667.15015,383.4492,-156.55623,549.28,471.42267,-318.41306,578.47284,495.52008,-19.260708,510.15735,598.6968,-227.64832,555.47296,510.73148,-7.4507093,496.41534,615.639,-227.31003,594.9998,530.69324,-120.036995,535.01666,643.85614,-381.06396
sample142.jpg,666.3702,208.87254,-145.06197,663.79205,200.72676,-117.387985,664.3867,201.28316,-117.28313,665.1727,201.89342,-117.2516,658.7387,198.61841,-148.55025,655.8955,197.54745,-148.43347,653.05347,196.56183,-148.51318,653.2968,203.14763,16.558348,636.13165,196.5974,-121.278595,659.46155,218.5655,-95.25573,653.4585,216.0634,-134.4768,642.59454,260.05112,103.1203,583.4272,229.56497,-228.91702,677.6246,323.7581,3.5364504,617.9658,299.54684,-362.9391,711.3989,354.22873,-235.3479,680.7254,335.90686,-388.18753,725.15466,369.87906,-261.0706,690.9695,350.32773,-427.68155,714.9098,359.44058,-282.27765,702.0199,345.5339,-418.37222,707.968,357.51938,-249.48132,693.60443,343.74243,-382.12924,571.5521,376.1931,89.741905,520.8342,369.41937,-89.6984,661.5783,385.5154,-82.73009,560.15063,466.81296,-308.8605,594.33185,505.57916,81.758766,501.11646,587.67535,-239.86331,573.21704,523.87915,96.842354,481.45047,602.2927,-240.55998,616.0697,542.1258,10.194248,527.72754,637.8122,-373.0761
sample143.jpg,665.55334,207.30592,-85.56385,663.7845,198.36353,-56.52909,664.94946,198.76907,-56.33705,666.3067,199.18893,-56.24918,657.68317,196.65222,-83.597534,654.34326,195.61368,-83.517685,650.95154,194.68607,-83.50936,655.31506,201.79814,68.30342,633.7782,196.65242,-50.297665,659.7296,218.36035,-40.429306,650.9979,215.94208,-74.82019,642.8779,266.39023,128.51294,578.7691,229.15968,-160.30151,673.7607,329.07956,-10.80678,611.9695,296.0281,-309.25717,713.6109,353.2211,-253.69186,681.1338,335.5511,-326.6206,732.17377,367.15472,-292.07056,689.8999,349.18494,-371.377,723.07043,358.43845,-311.7995,702.1286,345.85162,-362.94467,713.60657,355.3759,-271.70633,693.95874,343.7895,-322.0496,571.60895,377.0029,77.57371,521.40454,363.05127,-77.29414,638.85034,439.35437,-210.58368,573.74744,457.23633,-343.17932,587.602,563.97516,-107.06996,487.68738,561.8751,-263.17816,563.20953,583.5449,-102.29755,463.48395,568.3186,-261.444,624.67236,604.1222,-203.47354,509.7183,622.7737,-384.0222
sample144.jpg,648.7751,194.72629,-184.3533,643.6517,186.95181,-150.11781,644.2025,186.97894,-150.05383,644.9643,187.06885,-150.01407,637.70557,186.14464,-182.57056,634.50604,185.73387,-182.4463,631.3056,185.4136,-182.53604,633.6482,189.13481,0.62087,614.93616,187.62955,-142.18799,643.82074,204.94466,-129.98999,637.36096,204.48857,-170.65594,628.60657,253.38931,94.84494,567.93427,228.20929,-252.25807,665.7479,315.86038,7.2496915,606.80286,297.08005,-385.7451,695.3744,350.9244,-249.76027,669.2536,333.58688,-406.3963,709.19305,365.98282,-275.94232,680.542,347.0588,-444.12866,699.26117,358.41055,-300.53653,689.3745,342.691,-432.6176,693.0913,356.21057,-265.93976,681.75354,340.00534,-398.58597,558.81586,375.64117,85.1559,508.2147,367.57993,-85.29682,638.65015,393.53162,-143.9461,528.85693,475.6187,-289.15845,562.1581,510.85403,7.0559793,512.5257,603.5794,-238.07076,544.01263,528.7174,19.572308,504.00073,625.70935,-244.12256,577.7987,542.0308,-106.27331,538.3999,638.58856,-414.4402
sample145.jpg,649.8855,202.57613,-109.562515,644.7471,193.9661,-81.31421,644.8441,194.1506,-81.23692,645.12354,194.41312,-81.27188,640.3305,192.89308,-115.88518,637.4938,192.2873,-115.76003,634.65204,191.75258,-115.81642,632.2732,195.45522,57.188187,617.4995,192.30861,-94.47098,643.27,211.84866,-57.643013,638.30066,210.90123,-100.79189,622.82434,253.14633,138.09656,571.3608,229.68777,-196.90723,654.5513,316.60184,20.950687,602.26526,301.92215,-311.17572,681.1957,347.2442,-248.9305,662.8323,336.5694,-308.26544,692.1289,362.6757,-281.31107,674.0869,348.6842,-338.39362,682.14056,350.2789,-298.21384,682.5477,343.32135,-326.65173,677.25134,347.78302,-261.77557,674.886,341.30328,-299.55096,553.2409,380.08838,93.224655,507.43835,372.52612,-93.27672,651.7649,381.1654,-104.10091,531.7401,473.8326,-279.8073,563.1916,487.90967,12.099495,489.51282,597.83887,-237.78825,541.06744,502.50977,23.512978,472.9384,616.604,-242.45093,581.5084,517.5435,-80.92381,518.73724,636.3987,-393.4515
sample146.jpg,650.59094,202.5028,-157.16502,648.2616,195.23239,-127.035255,648.9871,195.96298,-126.91467,649.8999,196.73303,-126.81207,642.8543,192.95065,-156.5685,639.8703,191.85547,-156.44489,636.88403,190.87746,-156.52713,638.3623,200.16191,9.628594,619.9334,192.89273,-122.77066,644.0631,213.6994,-107.93499,637.26556,210.83882,-146.00542,626.93353,263.38654,107.731125,566.4735,230.27475,-240.46524,662.9181,324.8983,23.385256,598.1856,295.42325,-381.7722,702.8911,356.7129,-211.22202,664.2733,337.3995,-414.92947,717.4759,368.79965,-232.03403,673.9387,349.83994,-465.43335,710.59265,360.44937,-258.30777,685.77094,346.3394,-449.6712,703.569,359.88736,-228.05006,677.3148,345.1559,-407.7132,556.2421,377.3081,91.39329,505.8324,369.3539,-91.28905,634.30347,403.1844,-112.77416,551.3813,468.47528,-367.45056,580.151,526.458,62.309284,480.65555,579.23413,-257.00082,560.0541,547.3291,76.09128,460.72525,589.69604,-254.66602,606.2073,562.2036,-19.195328,498.92792,632.89465,-391.25092
sample147.jpg,653.68396,208.1177,-84.101295,650.36694,198.85104,-55.145172,650.6637,199.12361,-55.03064,651.12976,199.4151,-54.972046,645.8203,197.30078,-87.61946,642.8411,196.16257,-87.53255,639.8114,195.13626,-87.499405,638.12006,200.54385,69.5313,621.86206,195.40422,-74.33813,646.2074,218.04405,-38.70044,639.8744,215.83066,-80.40135,620.74243,262.6226,152.18884,566.97437,230.53162,-194.00957,655.2619,319.32022,66.14066,598.8276,303.04276,-338.13074,694.2682,345.54184,-149.58205,667.66547,338.4979,-328.07034,710.6156,354.96368,-172.0296,678.8974,346.76282,-367.7216,706.2622,349.60956,-198.69257,686.7626,341.63965,-352.27942,698.03864,348.9996,-169.15057,679.0139,340.87732,-319.94244,547.44666,377.0159,85.20674,501.9308,364.4877,-85.00955,625.0527,427.3197,-206.91725,544.4703,453.65002,-419.61255,570.9809,549.65607,-96.8712,473.13858,564.9916,-337.7271,548.05225,568.4875,-91.84727,453.76422,573.54126,-336.52072,604.33374,588.9517,-197.9324,492.22766,622.4658,-469.43723
sample148.jpg,642.62695,196.59613,-93.36435,638.3814,189.28143,-60.903362,639.049,189.78189,-60.80015,639.93933,190.34764,-60.758194,632.7761,187.47668,-92.00519,629.60767,186.63405,-91.957825,626.41583,185.87181,-92.09004,628.2379,193.58968,78.79152,608.96606,188.08102,-59.720375,636.2324,208.21182,-42.824017,629.3248,206.1049,-82.213745,617.9125,259.39886,155.79446,557.407,226.3171,-181.15063,660.9551,321.91623,55.610107,592.43085,298.4664,-325.0362,702.5126,349.03625,-170.28108,658.61804,338.27554,-351.94214,718.16077,361.3882,-193.76717,668.9151,350.04706,-392.5899,710.53906,353.85687,-215.40596,679.805,345.3861,-373.9834,703.1381,353.02615,-186.25311,671.98096,343.43707,-343.16425,547.9021,376.49417,88.605316,496.05118,366.98712,-88.633026,640.47046,393.17267,-172.04028,522.68195,462.57837,-415.4853,549.05023,507.08444,-33.880756,489.72824,599.37335,-331.21658,525.1083,522.16144,-22.861769,477.89874,618.2404,-330.55148,567.36743,546.01935,-139.43169,512.32306,644.02313,-490.446
sample149.jpg,644.59686,202.67886,-91.07864,640.31604,194.1629,-60.955585,640.514,194.52731,-60.87135,640.8936,194.96422,-60.90341,635.78784,192.375,-95.12508,632.976,191.42078,-95.03081,630.14526,190.54697,-95.121826,628.108,196.02249,71.33958,612.6793,190.64552,-79.00357,637.3951,212.434,-42.462692,632.1609,210.50551,-85.49584,612.56616,258.68552,144.1302,562.8041,226.59154,-196.22209,643.5229,322.36804,50.586197,595.2412,303.96445,-319.07233,680.8597,346.42822,-180.76979,657.64215,337.6009,-303.78873,694.00146,359.5575,-204.86069,669.02454,348.2702,-334.4419,687.469,348.24997,-225.87878,676.5703,342.6982,-320.11337,681.7929,346.47977,-195.90852,668.7378,340.71997,-295.96817,539.36725,378.2863,92.67806,493.5227,368.08554,-92.638885,634.96375,395.20822,-109.397354,524.16125,472.65182,-294.70892,548.83014,499.85672,34.98317,487.319,594.17065,-214.62268,526.6413,512.7887,48.250637,472.9389,608.988,-213.85626,567.417,535.87067,-58.235546,516.11536,640.9253,-357.57007
sample15.jpg,470.32846,161.97882,-516.5355,474.56924,149.77142,-510.44153,478.52676,149.1003,-510.32214,482.53275,148.34497,-510.27805,463.04547,151.22356,-511.1599,458.85815,151.36365,-511.21057,454.69025,151.66586,-511.14395,488.27527,149.12074,-409.70236,449.6516,153.36543,-408.52075,478.34262,168.84322,-472.89462,464.23196,170.4844,-472.45972,517.21765,176.91301,-262.3698,431.98758,195.3234,-269.38757,521.30457,209.92052,-75.64242,428.9113,247.83377,-118.91866,509.975,242.5111,37.605415,412.01065,292.74414,-26.958147,510.05356,251.11343,68.944084,403.6476,303.02438,-4.251585,510.81064,252.63907,45.69462,403.04745,303.34372,-35.282406,508.23807,250.78484,34.1898,409.0775,299.5807,-34.873085,502.49973,251.52306,6.708955,452.35065,257.98245,-6.9763846,528.55695,324.9982,-182.96008,440.17432,332.1594,-146.53552,528.4692,399.09512,28.357979,438.2085,404.96368,24.656437,523.837,408.26776,42.544773,438.51788,414.97763,35.278313,532.6104,432.6303,-75.6737,444.6077,436.15958,-83.81472
sample16.jpg,612.61115,156.44884,-76.047585,609.5928,139.54053,-57.524944,607.7986,139.1869,-57.506355,606.19666,138.83194,-57.559624,608.95593,138.80647,-112.81994,606.1132,137.12921,-112.87802,603.3152,135.50397,-113.05682,584.5886,137.60367,51.57706,581.32794,132.77666,-200.4617,598.52966,168.45695,-29.707237,597.2505,166.76488,-102.454475,527.5347,211.26295,217.17352,528.9023,185.74835,-334.07513,580.978,315.63297,293.7513,593.1968,298.96414,-414.4945,674.3097,367.13974,198.7519,680.2755,367.8104,-386.18988,698.3351,368.61993,221.08719,699.5483,376.164,-443.6888,710.04755,365.64944,167.89656,705.85126,366.46933,-418.35968,701.70807,368.7826,174.51628,696.40894,366.64136,-375.19464,429.2292,382.85046,166.11993,409.4742,381.5353,-165.83998,508.84738,493.95932,304.22858,436.87247,547.70935,-219.91885,508.2298,646.5498,480.9142,428.8133,740.4145,-176.44482,492.30725,674.43933,495.24176,410.19888,770.73926,-180.71535,567.1828,682.9414,449.4343,487.78662,789.6161,-310.41705
sample17.jpg,867.44385,121.06989,-426.41418,874.3075,104.52474,-405.9834,878.5513,105.83035,-405.85254,883.0713,107.1805,-405.9049,860.49915,99.08505,-428.64948,854.40674,95.97437,-428.6427,848.32983,92.98493,-428.58493,874.70526,106.298065,-253.87894,828.2838,88.21517,-349.3476,864.1324,135.2613,-364.05542,845.60236,127.8132,-391.55014,867.1741,173.2285,-118.538445,749.4091,135.18744,-385.10443,941.9266,273.27084,-213.26688,744.5834,251.77855,-481.48685,996.0943,343.54028,-472.573,831.6848,337.92664,-532.1071,1014.3994,375.76282,-518.0476,847.1305,368.40082,-579.6797,997.63336,357.67276,-544.77185,864.58875,359.63324,-574.50183,985.18854,349.3438,-491.98553,856.2467,351.32278,-527.84033,746.91736,353.84103,76.600235,668.0378,347.30276,-76.50807,856.27655,425.28702,-82.35725,695.9588,503.5063,-160.3843,771.04395,562.3873,131.34457,665.7427,667.6246,2.1465259,739.45715,577.0372,149.75662,646.7446,685.7847,11.260489,801.68304,639.2723,72.115295,695.7228,742.9817,-129.66519
sample18.jpg,867.44385,121.06989,-426.41418,874.3075,104.52474,-405.9834,878.5513,105.83035,-405.85254,883.0713,107.1805,-405.9049,860.49915,99.08505,-428.64948,854.40674,95.97437,-428.6427,848.32983,92.98493,-428.58493,874.70526,106.298065,-253.87894,828.2838,88.21517,-349.3476,864.1324,135.2613,-364.05542,845.60236,127.8132,-391.55014,867.1741,173.2285,-118.538445,749.4091,135.18744,-385.10443,941.9266,273.27084,-213.26688,744.5834,251.77855,-481.48685,996.0943,343.54028,-472.573,831.6848,337.92664,-532.1071,1014.3994,375.76282,-518.0476,847.1305,368.40082,-579.6797,997.63336,357.67276,-544.77185,864.58875,359.63324,-574.50183,985.18854,349.3438,-491.98553,856.2467,351.32278,-527.84033,746.91736,353.84103,76.600235,668.0378,347.30276,-76.50807,856.27655,425.28702,-82.35725,695.9588,503.5063,-160.3843,771.04395,562.3873,131.34457,665.7427,667.6246,2.1465259,739.45715,577.0372,149.75662,646.7446,685.7847,11.260489,801.68304,639.2723,72.115295,695.7228,742.9817,-129.66519
sample19.jpg,867.44385,121.06989,-426.41418,874.3075,104.52474,-405.9834,878.5513,105.83035,-405.85254,883.0713,107.1805,-405.9049,860.49915,99.08505,-428.64948,854.40674,95.97437,-428.6427,848.32983,92.98493,-428.58493,874.70526,106.298065,-253.87894,828.2838,88.21517,-349.3476,864.1324,135.2613,-364.05542,845.60236,127.8132,-391.55014,867.1741,173.2285,-118.538445,749.4091,135.18744,-385.10443,941.9266,273.27084,-213.26688,744.5834,251.77855,-481.48685,996.0943,343.54028,-472.573,831.6848,337.92664,-532.1071,1014.3994,375.76282,-518.0476,847.1305,368.40082,-579.6797,997.63336,357.67276,-544.77185,864.58875,359.63324,-574.50183,985.18854,349.3438,-491.98553,856.2467,351.32278,-527.84033,746.91736,353.84103,76.600235,668.0378,347.30276,-76.50807,856.27655,425.28702,-82.35725,695.9588,503.5063,-160.3843,771.04395,562.3873,131.34457,665.7427,667.6246,2.1465259,739.45715,577.0372,149.75662,646.7446,685.7847,11.260489,801.68304,639.2723,72.115295,695.7228,742.9817,-129.66519
sample2.webp,1020.21906,200.94002,-115.60777,1021.4617,179.1567,-93.30202,1019.7988,177.25932,-93.109985,1018.3369,175.60391,-93.18432,1018.8369,179.73553,-158.95679,1015.4531,177.27373,-159.01573,1011.9657,174.89635,-159.10107,991.9945,167.89037,40.990936,984.89734,166.80037,-260.01987,998.878,212.29028,-61.128925,996.10315,211.64221,-146.81084,882.04663,224.89587,265.03027,915.4774,230.78157,-421.85956,910.6265,372.4649,398.11328,979.51697,389.00653,-457.03223,1017.60394,462.1272,329.23428,1086.9569,481.94235,-289.97595,1046.7684,471.52612,363.94653,1121.1829,500.25024,-328.40976,1056.3634,475.58685,309.79364,1126.8777,482.78424,-296.9738,1043.4822,477.6453,306.75543,1110.3682,478.5558,-273.13843,662.59595,335.2884,218.87422,649.32117,347.87323,-218.72319,839.55835,464.8778,487.35202,714.34216,558.0794,-307.80795,748.85675,606.02606,716.137,657.15137,810.1017,-237.55011,714.14526,624.1536,740.489,617.6789,847.0522,-232.37259,799.1744,665.2127,741.0828,736.0973,884.3169,-342.4891
sample20.jpg,674.67316,116.870155,-514.4335,683.73193,102.88472,-506.4282,689.0723,102.321884,-506.4896,694.52216,101.6941,-506.542,670.7865,103.96711,-488.84198,666.35,103.98391,-488.79117,661.8924,104.087425,-488.85193,706.9868,105.958725,-420.3941,662.9589,108.57973,-341.7146,687.54785,127.84829,-481.27835,669.5212,128.75958,-457.94278,746.82623,173.91396,-398.90622,643.42413,158.94232,-254.86548,745.7559,279.33646,-451.91562,577.9325,216.27711,-474.05872,728.1094,366.25464,-474.70715,580.9673,161.23056,-725.9539,733.03595,392.81366,-510.05908,578.19116,142.92679,-775.3403,713.942,393.46603,-513.5358,589.10736,137.79337,-762.0935,712.2622,385.2226,-474.6843,596.1644,147.58818,-730.1726,730.78796,315.08453,-47.01628,679.04,312.9245,47.38459,733.43634,401.88013,-147.99834,680.3251,390.7237,210.17937,740.8975,481.8875,34.982086,704.9758,451.1975,540.8062,745.9051,491.25046,46.69893,712.1251,456.19766,568.90265,731.7416,522.91455,-86.603355,703.11066,492.662,497.47845
sample21.jpg,674.67316,116.870155,-514.4335,683.73193,102.88472,-506.4282,689.0723,102.321884,-506.4896,694.52216,101.6941,-506.542,670.7865,103.96711,-488.84198,666.35,103.98391,-488.79117,661.8924,104.087425,-488.85193,706.9868,105.958725,-420.3941,662.9589,108.57973,-341.7146,687.54785,127.84829,-481.27835,669.5212,128.75958,-457.94278,746.82623,173.91396,-398.90622,643.42413,158.94232,-254.86548,745.7559,279.33646,-451.91562,577.9325,216.27711,-474.05872,728.1094,366.25464,-474.70715,580.9673,161.23056,-725.9539,733.03595,392.81366,-510.05908,578.19116,142.92679,-775.3403,713.942,393.46603,-513.5358,589.10736,137.79337,-762.0935,712.2622,385.2226,-474.6843,596.1644,147.58818,-730.1726,730.78796,315.08453,-47.01628,679.04,312.9245,47.38459,733.43634,401.88013,-147.99834,680.3251,390.7237,210.17937,740.8975,481.8875,34.982086,704.9758,451.1975,540.8062,745.9051,491.25046,46.69893,712.1251,456.19766,568.90265,731.7416,522.91455,-86.603355,703.11066,492.662,497.47845
sample22.jpg,674.67316,116.870155,-514.4335,683.73193,102.88472,-506.4282,689.0723,102.321884,-506.4896,694.52216,101.6941,-506.542,670.7865,103.96711,-488.84198,666.35,103.98391,-488.79117,661.8924,104.087425,-488.85193,706.9868,105.958725,-420.3941,662.9589,108.57973,-341.7146,687.54785,127.84829,-481.27835,669.5212,128.75958,-457.94278,746.82623,173.91396,-398.90622,643.42413,158.94232,-254.86548,745.7559,279.33646,-451.91562,577.9325,216.27711,-474.05872,728.1094,366.25464,-474.70715,580.9673,161.23056,-725.9539,733.03595,392.81366,-510.05908,578.19116,142.92679,-775.3403,713.942,393.46603,-513.5358,589.10736,137.79337,-762.0935,712.2622,385.2226,-474.6843,596.1644,147.58818,-730.1726,730.78796,315.08453,-47.01628,679.04,312.9245,47.38459,733.43634,401.88013,-147.99834,680.3251,390.7237,210.17937,740.8975,481.8875,34.982086,704.9758,451.1975,540.8062,745.9051,491.25046,46.69893,712.1251,456.19766,568.90265,731.7416,522.91455,-86.603355,703.11066,492.662,497.47845
sample23.jpg,868.74054,118.38461,-417.67636,876.48224,102.91572,-396.2917,880.9484,104.670074,-396.1404,885.69086,106.45076,-396.1426,862.40344,96.7979,-418.8318,856.246,93.56478,-418.83237,850.0994,90.46207,-418.8186,877.6306,107.606255,-242.63039,830.005,87.01573,-337.02875,865.5486,133.91566,-355.22873,846.3375,125.38327,-382.31122,867.791,174.22847,-113.75307,748.698,135.25198,-383.77182,935.1431,271.92343,-240.79309,746.4801,251.59004,-485.9798,986.35803,337.27866,-532.80225,832.31415,340.255,-536.1071,1004.808,369.94208,-580.70844,845.67255,372.53424,-583.95135,986.8542,351.3412,-606.2352,864.64124,364.56152,-578.2046,974.05566,342.6418,-551.44977,856.6259,355.62625,-530.911,748.45166,354.07825,78.1943,667.64343,350.2251,-78.06943,868.9777,413.2915,-63.106228,696.15686,493.03122,-230.12689,794.3442,552.9617,143.12308,653.02246,658.7701,-62.30038,763.38696,569.49084,160.61172,633.1021,675.1528,-53.006115,830.76483,629.11365,93.37151,680.01807,741.008,-192.69916
sample24.jpg,868.74054,118.38461,-417.67636,876.48224,102.91572,-396.2917,880.9484,104.670074,-396.1404,885.69086,106.45076,-396.1426,862.40344,96.7979,-418.8318,856.246,93.56478,-418.83237,850.0994,90.46207,-418.8186,877.6306,107.606255,-242.63039,830.005,87.01573,-337.02875,865.5486,133.91566,-355.22873,846.3375,125.38327,-382.31122,867.791,174.22847,-113.75307,748.698,135.25198,-383.77182,935.1431,271.92343,-240.79309,746.4801,251.59004,-485.9798,986.35803,337.27866,-532.80225,832.31415,340.255,-536.1071,1004.808,369.94208,-580.70844,845.67255,372.53424,-583.95135,986.8542,351.3412,-606.2352,864.64124,364.56152,-578.2046,974.05566,342.6418,-551.44977,856.6259,355.62625,-530.911,748.45166,354.07825,78.1943,667.64343,350.2251,-78.06943,868.9777,413.2915,-63.106228,696.15686,493.03122,-230.12689,794.3442,552.9617,143.12308,653.02246,658.7701,-62.30038,763.38696,569.49084,160.61172,633.1021,675.1528,-53.006115,830.76483,629.11365,93.37151,680.01807,741.008,-192.69916
sample25.jpg,868.74054,118.38461,-417.67636,876.48224,102.91572,-396.2917,880.9484,104.670074,-396.1404,885.69086,106.45076,-396.1426,862.40344,96.7979,-418.8318,856.246,93.56478,-418.83237,850.0994,90.46207,-418.8186,877.6306,107.606255,-242.63039,830.005,87.01573,-337.02875,865.5486,133.91566,-355.22873,846.3375,125.38327,-382.31122,867.791,174.22847,-113.75307,748.698,135.25198,-383.77182,935.1431,271.92343,-240.79309,746.4801,251.59004,-485.9798,986.35803,337.27866,-532.80225,832.31415,340.255,-536.1071,1004.808,369.94208,-580.70844,845.67255,372.53424,-583.95135,986.8542,351.3412,-606.2352,864.64124,364.56152,-578.2046,974.05566,342.6418,-551.44977,856.6259,355.62625,-530.911,748.45166,354.07825,78.1943,667.64343,350.2251,-78.06943,868.9777,413.2915,-63.106228,696.15686,493.03122,-230.12689,794.3442,552.9617,143.12308,653.02246,658.7701,-62.30038,763.38696,569.49084,160.61172,633.1021,675.1528,-53.006115,830.76483,629.11365,93.37151,680.01807,741.008,-192.69916
sample27.jpg,469.93878,162.81313,-501.16006,473.9639,150.19466,-495.2574,477.88504,149.45715,-495.14072,481.81406,148.63608,-495.1455,462.66125,151.62456,-495.88834,458.535,151.68774,-495.92212,454.41373,151.91206,-495.85275,487.62393,148.55417,-395.47998,449.34674,152.71002,-395.21912,478.03387,169.04318,-457.8699,464.02295,170.70525,-457.82678,517.60956,176.04713,-248.54285,429.61008,193.08488,-259.6787,520.681,212.73593,-47.043716,425.53006,244.49055,-100.40906,510.18277,242.17139,73.0003,414.383,288.90152,-12.673815,510.48615,250.12115,103.65129,407.30328,299.42447,10.757809,510.0501,250.97437,80.2854,407.5992,300.3336,-23.500872,507.1209,249.31993,69.288635,413.39526,296.81815,-21.869368,500.59805,258.26794,9.869143,450.76315,264.7829,-10.113594,522.9143,338.34836,-115.76494,444.96802,350.16177,-76.64227,521.3226,401.6254,82.50955,441.9477,422.28854,67.65104,515.98895,408.17532,95.26549,441.85553,430.37546,74.58744,527.85754,437.1476,-8.465907,450.76346,457.79636,-39.591404
sample29.jpg,675.1432,114.19631,-518.84314,684.51355,101.27753,-508.1897,689.9063,100.95302,-508.20587,695.3887,100.57788,-508.25687,671.5609,101.846985,-491.67114,667.0263,101.748955,-491.61237,662.44995,101.73995,-491.6872,707.41754,106.32242,-414.41983,662.95605,107.25366,-342.63794,687.937,125.80111,-482.8686,669.2563,126.18477,-461.6396,746.3751,175.3514,-386.633,645.2649,161.1105,-254.75296,747.8421,282.38626,-435.8083,579.4645,223.07434,-472.32623,730.15027,369.10608,-466.5291,582.86835,164.98601,-725.14496,736.3246,396.6107,-504.35492,579.95715,147.27641,-775.7712,715.0092,397.43842,-507.33392,592.19464,141.5449,-763.81525,713.0199,388.61136,-465.974,599.4075,151.54544,-729.56226,730.4483,318.42197,-40.542503,679.71606,315.70535,40.942345,728.3468,410.46002,-38.694016,689.4479,405.43738,141.9778,729.9933,489.92947,203.83936,715.22437,479.81296,398.20114,734.39294,500.18683,220.0583,720.77734,487.6225,417.00592,717.74023,529.98413,87.77363,718.65674,521.1593,313.10046
sample30.jpg,675.1432,114.19631,-518.84314,684.51355,101.27753,-508.1897,689.9063,100.95302,-508.20587,695.3887,100.57788,-508.25687,671.5609,101.846985,-491.67114,667.0263,101.748955,-491.61237,662.44995,101.73995,-491.6872,707.41754,106.32242,-414.41983,662.95605,107.25366,-342.63794,687.937,125.80111,-482.8686,669.2563,126.18477,-461.6396,746.3751,175.3514,-386.633,645.2649,161.1105,-254.75296,747.8421,282.38626,-435.8083,579.4645,223.07434,-472.32623,730.15027,369.10608,-466.5291,582.86835,164.98601,-725.14496,736.3246,396.6107,-504.35492,579.95715,147.27641,-775.7712,715.0092,397.43842,-507.33392,592.19464,141.5449,-763.81525,713.0199,388.61136,-465.974,599.4075,151.54544,-729.56226,730.4483,318.42197,-40.542503,679.71606,315.70535,40.942345,728.3468,410.46002,-38.694016,689.4479,405.43738,141.9778,729.9933,489.92947,203.83936,715.22437,479.81296,398.20114,734.39294,500.18683,220.0583,720.77734,487.6225,417.00592,717.74023,529.98413,87.77363,718.65674,521.1593,313.10046
sample31.jpg,675.1432,114.19631,-518.84314,684.51355,101.27753,-508.1897,689.9063,100.95302,-508.20587,695.3887,100.57788,-508.25687,671.5609,101.846985,-491.67114,667.0263,101.748955,-491.61237,662.44995,101.73995,-491.6872,707.41754,106.32242,-414.41983,662.95605,107.25366,-342.63794,687.937,125.80111,-482.8686,669.2563,126.18477,-461.6396,746.3751,175.3514,-386.633,645.2649,161.1105,-254.75296,747.8421,282.38626,-435.8083,579.4645,223.07434,-472.32623,730.15027,369.10608,-466.5291,582.86835,164.98601,-725.14496,736.3246,396.6107,-504.35492,579.95715,147.27641,-775.7712,715.0092,397.43842,-507.33392,592.19464,141.5449,-763.81525,713.0199,388.61136,-465.974,599.4075,151.54544,-729.56226,730.4483,318.42197,-40.542503,679.71606,315.70535,40.942345,728.3468,410.46002,-38.694016,689.4479,405.43738,141.9778,729.9933,489.92947,203.83936,715.22437,479.81296,398.20114,734.39294,500.18683,220.0583,720.77734,487.6225,417.00592,717.74023,529.98413,87.77363,718.65674,521.1593,313.10046
sample36.jpg,459.21127,154.28897,-507.52454,464.5299,141.86153,-500.77765,468.5878,141.20795,-500.6921,472.63943,140.47601,-500.6458,453.70233,143.03952,-498.41452,449.97183,143.01138,-498.4826,446.23007,143.09607,-498.45062,481.8647,140.09567,-399.84195,444.55518,143.37149,-387.33536,469.11758,160.07501,-464.94785,455.41968,161.46835,-461.41196,516.8429,168.59998,-249.82384,429.35687,182.62643,-268.94568,521.7142,217.62239,-56.474464,424.14838,242.81548,-192.85431,510.65295,250.96709,27.17049,416.25223,292.9043,-220.00227,510.72797,258.63605,45.073704,409.94302,304.00208,-224.6646,510.01196,258.96237,17.91878,411.9261,306.18347,-259.32935,507.21747,257.48596,20.417086,418.28064,302.7676,-233.70119,502.6259,252.64346,6.148614,452.2256,255.29483,-6.2251315,526.7352,327.39606,-90.20352,437.8725,328.59805,-102.334404,524.52155,382.3478,119.92832,435.11047,396.71808,70.07587,519.4038,388.2242,133.67491,436.97052,404.27505,79.89782,528.97723,414.4002,21.403448,436.81494,429.12323,-42.32038
sample37.jpg,459.21127,154.28897,-507.52454,464.5299,141.86153,-500.77765,468.5878,141.20795,-500.6921,472.63943,140.47601,-500.6458,453.70233,143.03952,-498.41452,449.97183,143.01138,-498.4826,446.23007,143.09607,-498.45062,481.8647,140.09567,-399.84195,444.55518,143.37149,-387.33536,469.11758,160.07501,-464.94785,455.41968,161.46835,-461.41196,516.8429,168.59998,-249.82384,429.35687,182.62643,-268.94568,521.7142,217.62239,-56.474464,424.14838,242.81548,-192.85431,510.65295,250.96709,27.17049,416.25223,292.9043,-220.00227,510.72797,258.63605,45.073704,409.94302,304.00208,-224.6646,510.01196,258.96237,17.91878,411.9261,306.18347,-259.32935,507.21747,257.48596,20.417086,418.28064,302.7676,-233.70119,502.6259,252.64346,6.148614,452.2256,255.29483,-6.2251315,526.7352,327.39606,-90.20352,437.8725,328.59805,-102.334404,524.52155,382.3478,119.92832,435.11047,396.71808,70.07587,519.4038,388.2242,133.67491,436.97052,404.27505,79.89782,528.97723,414.4002,21.403448,436.81494,429.12323,-42.32038
sample38.jpg,459.21127,154.28897,-507.52454,464.5299,141.86153,-500.77765,468.5878,141.20795,-500.6921,472.63943,140.47601,-500.6458,453.70233,143.03952,-498.41452,449.97183,143.01138,-498.4826,446.23007,143.09607,-498.45062,481.8647,140.09567,-399.84195,444.55518,143.37149,-387.33536,469.11758,160.07501,-464.94785,455.41968,161.46835,-461.41196,516.8429,168.59998,-249.82384,429.35687,182.62643,-268.94568,521.7142,217.62239,-56.474464,424.14838,242.81548,-192.85431,510.65295,250.96709,27.17049,416.25223,292.9043,-220.00227,510.72797,258.63605,45.073704,409.94302,304.00208,-224.6646,510.01196,258.96237,17.91878,411.9261,306.18347,-259.32935,507.21747,257.48596,20.417086,418.28064,302.7676,-233.70119,502.6259,252.64346,6.148614,452.2256,255.29483,-6.2251315,526.7352,327.39606,-90.20352,437.8725,328.59805,-102.334404,524.52155,382.3478,119.92832,435.11047,396.71808,70.07587,519.4038,388.2242,133.67491,436.97052,404.27505,79.89782,528.97723,414.4002,21.403448,436.81494,429.12323,-42.32038
sample4.jpg,1380.2554,463.92957,-204.97429,1394.1476,424.8112,-190.5779,1392.372,421.73975,-190.4828,1390.9465,418.83664,-190.70369,1392.2357,425.49515,-281.6431,1388.421,421.101,-281.77188,1384.6704,416.99304,-281.8501,1359.7383,390.24323,-25.702074,1351.2218,388.11954,-443.7664,1348.8163,465.95752,-128.4275,1347.0376,464.96277,-247.7381,1254.9937,459.80438,241.66898,1231.3806,440.76807,-590.3851,1398.2499,582.3135,482.2395,1391.9563,603.6758,-802.1008,1569.0298,588.9895,336.62878,1602.351,622.7466,-716.25055,1610.564,574.2973,343.75015,1660.4009,618.9229,-807.73206,1620.4836,565.07294,278.12253,1654.3591,586.9352,-762.4655,1604.5583,575.57965,298.12692,1634.9656,590.165,-698.5325,1042.8708,781.182,271.66397,999.2253,802.06976,-271.22864,1278.543,870.7234,475.63345,1167.0104,1057.1259,-465.93326,1181.0802,1115.431,847.32324,985.2042,1368.9174,-371.31442,1130.6198,1153.5144,880.6677,915.74927,1398.9441,-365.40738,1261.0104,1158.8387,864.7093,1065.3752,1466.4808,-470.7292
sample40.jpg,165.37178,50.36539,23.680674,168.3793,45.980556,29.022451,168.16838,45.963203,29.076654,168.0038,45.958817,28.991737,168.23637,44.83387,17.16848,167.8227,43.660465,17.12558,167.39236,42.50787,17.094418,163.14949,43.168537,53.451584,162.11848,38.659122,-0.8544593,159.84993,52.286953,33.88594,159.39694,50.235115,18.358564,135.67981,57.590916,88.33033,143.38725,48.656776,-37.197113,146.53484,96.19032,151.57005,159.79286,88.820526,-41.96279,171.35213,114.637825,193.7473,184.07034,110.895,4.5096908,177.23483,116.20799,206.6836,192.79886,113.95495,8.948519,180.38715,115.47833,204.1688,193.71135,109.85072,14.824364,177.88715,115.62968,193.43117,190.33174,110.037674,8.559177,90.29179,99.52236,41.976467,86.90056,98.99415,-41.96563,143.78174,126.30313,90.52513,100.44818,161.51476,-61.633068,112.38647,153.85382,123.6655,91.178764,229.79684,-69.74979,104.868805,153.78308,127.08894,82.990425,236.15407,-68.19729,113.32027,167.4211,138.02373,106.546486,253.4269,-80.12439
sample41.jpg,463.98523,156.58846,-492.2308,469.2469,144.23772,-486.12448,473.25372,143.67514,-486.04413,477.24518,143.04083,-486.00272,458.4913,145.14153,-483.8843,454.75845,145.00322,-483.9239,451.0222,144.96635,-483.87222,485.2918,142.67383,-387.34564,448.6333,144.92441,-375.34677,472.99698,162.51103,-450.45514,459.46262,163.49165,-447.11874,519.44495,171.76974,-241.0473,429.14572,186.49397,-255.03319,522.49207,218.51434,-49.407063,423.17114,244.86176,-164.81964,509.421,252.32094,12.068324,415.8159,292.4764,-195.75302,508.27396,260.99057,23.76403,410.95477,304.25815,-199.89519,507.7869,261.05548,-4.5795345,411.34515,305.67056,-236.38963,505.57132,259.057,4.4651737,417.35437,301.76022,-209.8598,504.30692,260.30103,7.782862,453.1006,263.94766,-7.812429,523.0738,345.87125,-14.72109,446.18936,343.8565,-51.464672,518.8604,391.5421,201.18124,437.95856,411.3321,102.71827,514.30273,395.2213,216.29147,437.63373,418.64795,110.75866,519.70276,424.5356,122.25833,443.4767,444.99994,-2.9271648
sample42.jpg,463.98523,156.58846,-492.2308,469.2469,144.23772,-486.12448,473.25372,143.67514,-486.04413,477.24518,143.04083,-486.00272,458.4913,145.14153,-483.8843,454.75845,145.00322,-483.9239,451.0222,144.96635,-483.87222,485.2918,142.67383,-387.34564,448.6333,144.92441,-375.34677,472.99698,162.51103,-450.45514,459.46262,163.49165,-447.11874,519.44495,171.76974,-241.0473,429.14572,186.49397,-255.03319,522.49207,218.51434,-49.407063,423.17114,244.86176,-164.81964,509.421,252.32094,12.068324,415.8159,292.4764,-195.75302,508.27396,260.99057,23.76403,410.95477,304.25815,-199.89519,507.7869,261.05548,-4.5795345,411.34515,305.67056,-236.38963,505.57132,259.057,4.4651737,417.35437,301.76022,-209.8598,504.30692,260.30103,7.782862,453.1006,263.94766,-7.812429,523.0738,345.87125,-14.72109,446.18936,343.8565,-51.464672,518.8604,391.5421,201.18124,437.95856,411.3321,102.71827,514.30273,395.2213,216.29147,437.63373,418.64795,110.75866,519.70276,424.5356,122.25833,443.4767,444.99994,-2.9271648
sample43.jpg,463.98523,156.58846,-492.2308,469.2469,144.23772,-486.12448,473.25372,143.67514,-486.04413,477.24518,143.04083,-486.00272,458.4913,145.14153,-483.8843,454.75845,145.00322,-483.9239,451.0222,144.96635,-483.87222,485.2918,142.67383,-387.34564,448.6333,144.92441,-375.34677,472.99698,162.51103,-450.45514,459.46262,163.49165,-447.11874,519.44495,171.76974,-241.0473,429.14572,186.49397,-255.03319,522.49207,218.51434,-49.407063,423.17114,244.86176,-164.81964,509.421,252.32094,12.068324,415.8159,292.4764,-195.75302,508.27396,260.99057,23.76403,410.95477,304.25815,-199.89519,507.7869,261.05548,-4.5795345,411.34515,305.67056,-236.38963,505.57132,259.057,4.4651737,417.35437,301.76022,-209.8598,504.30692,260.30103,7.782862,453.1006,263.94766,-7.812429,523.0738,345.87125,-14.72109,446.18936,343.8565,-51.464672,518.8604,391.5421,201.18124,437.95856,411.3321,102.71827,514.30273,395.2213,216.29147,437.63373,418.64795,110.75866,519.70276,424.5356,122.25833,443.4767,444.99994,-2.9271648
sample45.jpg,124.70706,89.45945,-68.14553,127.02005,85.82265,-56.917053,128.50793,86.359634,-56.849728,130.05794,86.90773,-56.81018,122.307365,84.0045,-64.46359,120.436325,83.23165,-64.42652,118.57643,82.49349,-64.4059,128.53362,88.301094,-0.6634199,112.86938,82.57525,-33.021767,124.67957,94.44559,-46.727154,118.38434,92.1215,-56.0617,125.57976,109.70609,36.55946,94.19646,96.83095,-69.210396,148.01115,129.95665,-8.3711605,104.31641,125.57842,-130.85359,168.22208,143.35266,-101.0536,128.34398,138.48878,-152.65672,174.9889,151.38412,-117.92352,132.14249,144.3743,-172.53627,170.73058,144.7585,-125.236626,136.92522,142.00731,-169.28783,167.53214,143.04442,-107.65971,133.8841,141.05835,-151.69409,96.513016,159.59067,27.70828,74.39914,155.77975,-27.648811,126.10131,179.60327,-74.6727,88.73979,203.98532,-80.56198,109.87013,228.91872,-28.82951,76.87378,247.84651,-22.843039,103.49201,236.25096,-26.86118,71.98181,252.51016,-21.054146,115.11521,245.16895,-72.95442,85.59702,270.26123,-77.73789
sample47.jpg,306.70932,58.73793,-160.19128,307.0663,50.411823,-143.82527,307.24896,50.910934,-143.77295,307.58652,51.561478,-143.83922,303.36023,48.221745,-170.2123,300.90555,46.679455,-170.27437,298.382,45.192078,-170.3998,295.98172,52.76115,-58.006256,283.91467,44.39707,-177.25092,298.6012,67.59338,-128.25156,293.81787,64.30776,-161.69536,259.05573,98.27269,56.98557,240.275,73.042885,-251.15312,296.52072,152.76466,89.93097,274.315,136.12227,-289.1709,351.94843,148.22949,0.37072983,339.06006,138.2166,-224.5004,365.04425,145.25626,-2.353377,357.7701,137.96443,-246.1891,363.903,138.28482,-16.254412,356.23535,125.9919,-237.7244,358.0963,139.97935,-9.314534,348.87537,127.61206,-219.64064,158.78181,157.68935,92.75887,130.896,149.17012,-92.8695,241.0336,202.78773,75.655075,131.0253,253.83122,-166.59953,177.44087,264.829,164.79468,103.30648,368.90527,-144.16367,159.9088,272.4644,173.82008,87.75537,384.2985,-145.45328,195.3897,298.2254,132.3478,129.73193,402.88635,-236.96507
sample5.jpg,336.80957,82.77134,-54.398182,342.94144,72.48936,-50.256104,343.54288,72.6213,-50.209137,344.25485,72.86202,-50.278442,340.3121,69.656715,-67.9644,338.801,67.12534,-67.98017,337.2817,64.70649,-67.99976,335.96765,63.554264,-4.631872,325.90384,53.318256,-83.2823,327.62222,84.008766,-35.094025,323.8776,79.65985,-57.754246,304.79556,89.5033,49.66447,278.1157,57.28191,-121.316414,345.95367,149.92938,64.13006,314.00018,131.6222,-159.68478,398.5147,179.12816,19.160528,381.38818,162.1939,-132.35886,411.46222,188.02914,10.479475,397.59793,173.20132,-146.52614,412.61856,180.47173,-2.3240137,402.75748,163.34743,-142.4098,405.61395,176.036,10.166331,396.7557,160.7942,-130.22227,202.06934,161.03055,56.63401,176.55753,149.54787,-56.46502,281.33075,208.46805,66.7492,281.96487,232.82983,-89.2751,222.41951,253.64339,156.49242,258.00305,328.31427,-0.8140033,204.9241,253.10004,166.90065,240.39865,332.9381,11.233614,227.55193,287.3051,183.5046,290.08557,379.1442,14.60988
sample57.jpg,657.5147,119.04412,-493.9474,668.8967,104.57849,-493.6276,674.86053,104.117455,-493.5794,680.9597,103.59747,-493.47925,655.1681,105.12296,-473.9641,650.76056,104.91583,-473.93048,646.27893,104.83448,-473.92157,698.5718,106.48823,-421.6423,650.7063,107.85068,-334.65112,673.31146,130.11157,-463.13818,654.53296,130.65038,-437.94254,745.5396,169.57605,-367.42255,630.3661,168.56953,-233.79886,745.14124,278.47757,-368.31482,608.70374,263.41837,-232.11923,735.18677,375.65887,-391.30222,571.6772,342.44086,-285.40927,742.7623,401.41507,-420.86002,555.68964,360.28036,-292.94113,726.1347,404.2579,-438.83008,558.7994,365.3405,-329.1773,719.74207,395.46112,-396.1172,571.99677,360.9577,-300.80853,729.3428,302.81848,-28.229408,671.01166,302.2656,28.746183,755.4599,352.45554,-256.42715,669.76044,374.20276,-117.51145,670.9408,375.88657,43.172432,729.4159,441.56577,86.54835,662.22784,370.13947,74.3537,739.44165,442.9477,104.85724,637.7727,399.4375,-4.3375244,744.4473,481.25592,9.643546
sample6.jpg,655.8596,123.5016,-492.26822,667.75,108.028755,-493.8683,673.8089,107.693504,-493.83084,679.97534,107.28261,-493.73196,654.40924,107.95696,-471.7384,649.99817,107.433395,-471.71402,645.50165,107.06389,-471.6693,697.50195,109.199615,-433.17896,650.8515,108.41253,-336.35266,671.4733,134.57175,-465.73285,652.83136,134.28519,-437.5693,745.38477,170.49106,-401.95856,628.7811,166.55644,-241.43959,745.10254,280.79456,-406.78735,604.66974,265.32703,-246.55212,734.24036,377.2026,-433.7024,567.5987,347.33926,-303.98306,742.6161,403.6552,-466.35767,551.80896,366.49643,-309.1291,725.4105,405.89392,-484.85675,554.9506,371.53186,-347.61276,718.3129,397.1228,-438.5816,568.745,366.6743,-320.49884,723.3871,309.90964,-39.789654,664.28107,304.83502,40.28047,743.792,382.77972,-265.01074,627.3556,378.1977,-52.101646,686.8175,393.05444,80.3207,693.2678,410.98184,200.89293,681.13715,385.71384,117.10364,704.4675,407.6085,226.90782,662.24005,419.91296,91.42356,706.62054,443.6269,197.76437
sample61.jpg,473.25095,150.40431,-419.70453,477.14474,138.42886,-410.15213,480.95764,137.71693,-410.1163,484.80396,136.93735,-410.08398,466.4335,139.74075,-410.7541,462.45618,139.85428,-410.7376,458.46744,140.04408,-410.70178,490.1785,137.81825,-310.0252,453.8955,141.6553,-308.70645,481.35846,156.91193,-378.12875,467.4241,158.46149,-377.92795,518.5133,174.78883,-185.54387,432.03644,186.92842,-207.07936,520.3598,226.5797,-44.784264,428.15768,249.0374,-130.52228,510.6883,263.0304,-42.402294,415.60553,296.51312,-159.16496,510.38412,272.44113,-47.765083,409.7843,307.72595,-166.00084,509.9684,272.75946,-75.91909,408.7569,308.0752,-201.83655,507.3052,269.9727,-53.618755,414.83447,304.06592,-174.0349,499.92535,269.88116,7.6870885,450.54694,274.69748,-7.606177,521.36896,350.44046,-73.155876,446.24878,357.80627,-47.32953,517.434,405.6282,134.89731,442.04984,422.162,133.45975,511.97736,410.52393,149.2673,440.9425,428.91708,144.64996,522.8025,442.0674,55.159416,452.8017,457.7175,41.648533
sample62.jpg,473.25095,150.40431,-419.70453,477.14474,138.42886,-410.15213,480.95764,137.71693,-410.1163,484.80396,136.93735,-410.08398,466.4335,139.74075,-410.7541,462.45618,139.85428,-410.7376,458.46744,140.04408,-410.70178,490.1785,137.81825,-310.0252,453.8955,141.6553,-308.70645,481.35846,156.91193,-378.12875,467.4241,158.46149,-377.92795,518.5133,174.78883,-185.54387,432.03644,186.92842,-207.07936,520.3598,226.5797,-44.784264,428.15768,249.0374,-130.52228,510.6883,263.0304,-42.402294,415.60553,296.51312,-159.16496,510.38412,272.44113,-47.765083,409.7843,307.72595,-166.00084,509.9684,272.75946,-75.91909,408.7569,308.0752,-201.83655,507.3052,269.9727,-53.618755,414.83447,304.06592,-174.0349,499.92535,269.88116,7.6870885,450.54694,274.69748,-7.606177,521.36896,350.44046,-73.155876,446.24878,357.80627,-47.32953,517.434,405.6282,134.89731,442.04984,422.162,133.45975,511.97736,410.52393,149.2673,440.9425,428.91708,144.64996,522.8025,442.0674,55.159416,452.8017,457.7175,41.648533
sample63.jpg,473.25095,150.40431,-419.70453,477.14474,138.42886,-410.15213,480.95764,137.71693,-410.1163,484.80396,136.93735,-410.08398,466.4335,139.74075,-410.7541,462.45618,139.85428,-410.7376,458.46744,140.04408,-410.70178,490.1785,137.81825,-310.0252,453.8955,141.6553,-308.70645,481.35846,156.91193,-378.12875,467.4241,158.46149,-377.92795,518.5133,174.78883,-185.54387,432.03644,186.92842,-207.07936,520.3598,226.5797,-44.784264,428.15768,249.0374,-130.52228,510.6883,263.0304,-42.402294,415.60553,296.51312,-159.16496,510.38412,272.44113,-47.765083,409.7843,307.72595,-166.00084,509.9684,272.75946,-75.91909,408.7569,308.0752,-201.83655,507.3052,269.9727,-53.618755,414.83447,304.06592,-174.0349,499.92535,269.88116,7.6870885,450.54694,274.69748,-7.606177,521.36896,350.44046,-73.155876,446.24878,357.80627,-47.32953,517.434,405.6282,134.89731,442.04984,422.162,133.45975,511.97736,410.52393,149.2673,440.9425,428.91708,144.64996,522.8025,442.0674,55.159416,452.8017,457.7175,41.648533
sample64.jpg,678.0038,213.88437,-105.99945,687.64685,201.28792,-99.734665,692.6345,200.27036,-99.61856,697.64636,199.18323,-99.503494,676.44434,203.2338,-74.723404,673.12866,203.33803,-74.71192,669.81415,203.56656,-74.78436,713.39075,201.62187,-34.01661,677.28644,206.09349,84.951744,693.2583,223.12854,-82.50922,678.83655,225.0831,-48.6454,758.6223,258.71747,-67.21928,672.12366,269.47675,198.65677,764.1736,347.9276,-194.77739,641.4685,360.95743,21.217754,721.8914,291.16208,-259.0043,660.6493,295.8597,-281.60913,707.9943,278.55417,-284.02658,660.9616,276.93155,-339.99997,713.3233,264.11774,-282.33392,664.8276,267.0076,-322.66913,717.2507,270.97812,-255.5917,669.53375,275.87122,-285.42722,730.1104,417.82996,-113.59549,683.1384,412.45996,113.517265,610.7169,372.96616,-197.36563,574.5905,415.22626,31.314497,617.76556,499.19443,-202.22577,502.84393,501.54733,5.240641,641.09424,526.00433,-201.62527,507.72903,524.8855,-5.2488036,567.16547,530.70166,-244.58345,437.66992,519.34204,-85.47327
sample65.jpg,678.0038,213.88437,-105.99945,687.64685,201.28792,-99.734665,692.6345,200.27036,-99.61856,697.64636,199.18323,-99.503494,676.44434,203.2338,-74.723404,673.12866,203.33803,-74.71192,669.81415,203.56656,-74.78436,713.39075,201.62187,-34.01661,677.28644,206.09349,84.951744,693.2583,223.12854,-82.50922,678.83655,225.0831,-48.6454,758.6223,258.71747,-67.21928,672.12366,269.47675,198.65677,764.1736,347.9276,-194.77739,641.4685,360.95743,21.217754,721.8914,291.16208,-259.0043,660.6493,295.8597,-281.60913,707.9943,278.55417,-284.02658,660.9616,276.93155,-339.99997,713.3233,264.11774,-282.33392,664.8276,267.0076,-322.66913,717.2507,270.97812,-255.5917,669.53375,275.87122,-285.42722,730.1104,417.82996,-113.59549,683.1384,412.45996,113.517265,610.7169,372.96616,-197.36563,574.5905,415.22626,31.314497,617.76556,499.19443,-202.22577,502.84393,501.54733,5.240641,641.09424,526.00433,-201.62527,507.72903,524.8855,-5.2488036,567.16547,530.70166,-244.58345,437.66992,519.34204,-85.47327
sample66.jpg,680.8971,211.05847,-124.21344,691.4102,198.15137,-120.49574,696.709,197.2881,-120.46178,702.0498,196.42451,-120.46147,679.7285,199.92427,-95.476036,676.22064,200.0925,-95.4252,672.706,200.39322,-95.41957,718.4739,200.30923,-59.05144,680.6631,204.75964,62.944366,696.3117,221.22798,-102.22497,681.0668,222.96542,-67.0054,765.5625,264.2495,-92.61534,675.60986,268.37225,179.95502,752.6427,353.4883,-234.1597,641.17444,349.82236,12.720591,727.72894,275.4879,-327.0844,655.0247,280.86566,-260.68796,716.58234,257.28275,-353.51443,654.24506,263.2213,-304.97778,725.9826,249.42545,-353.43835,659.9105,256.11707,-285.71353,726.85046,257.9388,-324.67374,665.3903,264.53607,-262.86713,732.3932,418.44138,-116.541504,686.8867,409.95642,116.20076,612.03394,345.44632,-218.92601,588.2588,392.71045,112.91393,609.69495,479.06287,-139.84918,540.819,490.6699,133.70607,629.9104,505.40857,-130.3088,548.9233,511.7624,128.8902,556.6819,512.89954,-174.314,486.74603,519.0157,60.744595
sample67.jpg,680.8971,211.05847,-124.21344,691.4102,198.15137,-120.49574,696.709,197.2881,-120.46178,702.0498,196.42451,-120.46147,679.7285,199.92427,-95.476036,676.22064,200.0925,-95.4252,672.706,200.39322,-95.41957,718.4739,200.30923,-59.05144,680.6631,204.75964,62.944366,696.3117,221.22798,-102.22497,681.0668,222.96542,-67.0054,765.5625,264.2495,-92.61534,675.60986,268.37225,179.95502,752.6427,353.4883,-234.1597,641.17444,349.82236,12.720591,727.72894,275.4879,-327.0844,655.0247,280.86566,-260.68796,716.58234,257.28275,-353.51443,654.24506,263.2213,-304.97778,725.9826,249.42545,-353.43835,659.9105,256.11707,-285.71353,726.85046,257.9388,-324.67374,665.3903,264.53607,-262.86713,732.3932,418.44138,-116.541504,686.8867,409.95642,116.20076,612.03394,345.44632,-218.92601,588.2588,392.71045,112.91393,609.69495,479.06287,-139.84918,540.819,490.6699,133.70607,629.9104,505.40857,-130.3088,548.9233,511.7624,128.8902,556.6819,512.89954,-174.314,486.74603,519.0157,60.744595
sample68.jpg,684.50916,213.01471,-106.985916,695.68274,200.43541,-104.213745,701.06506,199.53352,-104.09501,706.4927,198.62614,-104.08911,683.5476,202.18806,-76.7274,680.0909,202.29395,-76.67083,676.62964,202.55241,-76.68211,724.2389,202.23407,-48.465797,685.72296,206.41231,83.16071,700.2822,223.23665,-86.68438,685.2556,225.0453,-48.692593,768.3159,266.89902,-93.28803,676.09607,262.93735,190.03375,740.39545,351.973,-231.80853,646.2518,338.5295,16.09558,725.3541,262.57892,-277.17108,657.8156,264.1352,-246.5349,719.2856,239.12039,-291.36066,653.7212,244.65025,-286.58017,730.4746,235.93182,-291.4252,661.94696,238.20964,-266.97192,730.676,245.7443,-273.29596,667.949,248.23952,-248.35516,723.3485,422.82788,-113.85164,672.86865,413.33957,113.53702,608.3247,359.97058,-294.7173,568.17584,434.34067,5.2784386,608.2153,476.6667,-292.2069,496.8863,525.8843,-65.3939,627.24396,506.1507,-289.67923,500.86823,551.20355,-79.23715,558.69196,494.45374,-350.25208,434.4249,539.75555,-166.96011
sample69.jpg,684.50916,213.01471,-106.985916,695.68274,200.43541,-104.213745,701.06506,199.53352,-104.09501,706.4927,198.62614,-104.08911,683.5476,202.18806,-76.7274,680.0909,202.29395,-76.67083,676.62964,202.55241,-76.68211,724.2389,202.23407,-48.465797,685.72296,206.41231,83.16071,700.2822,223.23665,-86.68438,685.2556,225.0453,-48.692593,768.3159,266.89902,-93.28803,676.09607,262.93735,190.03375,740.39545,351.973,-231.80853,646.2518,338.5295,16.09558,725.3541,262.57892,-277.17108,657.8156,264.1352,-246.5349,719.2856,239.12039,-291.36066,653.7212,244.65025,-286.58017,730.4746,235.93182,-291.4252,661.94696,238.20964,-266.97192,730.676,245.7443,-273.29596,667.949,248.23952,-248.35516,723.3485,422.82788,-113.85164,672.86865,413.33957,113.53702,608.3247,359.97058,-294.7173,568.17584,434.34067,5.2784386,608.2153,476.6667,-292.2069,496.8863,525.8843,-65.3939,627.24396,506.1507,-289.67923,500.86823,551.20355,-79.23715,558.69196,494.45374,-350.25208,434.4249,539.75555,-166.96011
sample7.jpg,655.8596,123.5016,-492.26822,667.75,108.028755,-493.8683,673.8089,107.693504,-493.83084,679.97534,107.28261,-493.73196,654.40924,107.95696,-471.7384,649.99817,107.433395,-471.71402,645.50165,107.06389,-471.6693,697.50195,109.199615,-433.17896,650.8515,108.41253,-336.35266,671.4733,134.57175,-465.73285,652.83136,134.28519,-437.5693,745.38477,170.49106,-401.95856,628.7811,166.55644,-241.43959,745.10254,280.79456,-406.78735,604.66974,265.32703,-246.55212,734.24036,377.2026,-433.7024,567.5987,347.33926,-303.98306,742.6161,403.6552,-466.35767,551.80896,366.49643,-309.1291,725.4105,405.89392,-484.85675,554.9506,371.53186,-347.61276,718.3129,397.1228,-438.5816,568.745,366.6743,-320.49884,723.3871,309.90964,-39.789654,664.28107,304.83502,40.28047,743.792,382.77972,-265.01074,627.3556,378.1977,-52.101646,686.8175,393.05444,80.3207,693.2678,410.98184,200.89293,681.13715,385.71384,117.10364,704.4675,407.6085,226.90782,662.24005,419.91296,91.42356,706.62054,443.6269,197.76437
sample72.jpg,683.82697,216.21712,-90.72976,693.56537,202.77348,-88.364944,698.76575,201.61009,-88.25972,704.0217,200.42221,-88.25145,681.5499,205.03879,-60.486786,677.9597,205.18459,-60.466644,674.36743,205.46921,-60.504814,720.9065,203.03056,-40.22825,682.5571,208.49187,92.778915,700.0625,225.71342,-73.541405,684.9413,228.0539,-35.433453,765.0309,263.21027,-101.0917,680.9539,265.19556,200.52927,736.8279,343.13092,-255.77884,634.8382,323.23602,29.984287,718.7286,254.68555,-301.76392,657.8948,256.1474,-240.57024,710.8334,233.32716,-318.42743,655.56995,240.02357,-283.86066,721.2268,227.88863,-315.78336,666.46185,236.14247,-261.9676,721.7963,237.74138,-297.34918,671.4322,244.83148,-242.24174,725.3488,419.2079,-116.88637,680.157,412.05167,116.69568,600.5082,380.53186,-201.28603,566.83606,428.05832,66.04979,611.9497,494.88147,-154.69304,494.2605,508.76218,55.48099,633.41223,520.78644,-147.25142,497.44348,532.2287,46.91411,564.898,524.6194,-191.79247,431.79773,523.4639,-33.767773
sample73.jpg,683.82697,216.21712,-90.72976,693.56537,202.77348,-88.364944,698.76575,201.61009,-88.25972,704.0217,200.42221,-88.25145,681.5499,205.03879,-60.486786,677.9597,205.18459,-60.466644,674.36743,205.46921,-60.504814,720.9065,203.03056,-40.22825,682.5571,208.49187,92.778915,700.0625,225.71342,-73.541405,684.9413,228.0539,-35.433453,765.0309,263.21027,-101.0917,680.9539,265.19556,200.52927,736.8279,343.13092,-255.77884,634.8382,323.23602,29.984287,718.7286,254.68555,-301.76392,657.8948,256.1474,-240.57024,710.8334,233.32716,-318.42743,655.56995,240.02357,-283.86066,721.2268,227.88863,-315.78336,666.46185,236.14247,-261.9676,721.7963,237.74138,-297.34918,671.4322,244.83148,-242.24174,725.3488,419.2079,-116.88637,680.157,412.05167,116.69568,600.5082,380.53186,-201.28603,566.83606,428.05832,66.04979,611.9497,494.88147,-154.69304,494.2605,508.76218,55.48099,633.41223,520.78644,-147.25142,497.44348,532.2287,46.91411,564.898,524.6194,-191.79247,431.79773,523.4639,-33.767773
sample74.jpg,683.8882,217.73271,-106.25449,692.9232,204.11557,-102.26142,698.04333,202.74515,-102.18767,703.2327,201.38097,-102.18501,681.42426,206.87941,-76.9599,677.9223,207.2632,-76.96755,674.4022,207.77927,-76.99545,720.05554,203.63011,-46.87849,682.799,211.40279,76.28029,700.17847,226.4313,-86.61824,685.3252,229.47133,-51.0675,768.1617,262.7677,-92.137535,681.6831,265.87927,182.23709,746.75104,342.7112,-239.73747,636.3774,327.5515,11.242079,719.65906,257.1106,-298.18378,660.188,260.40396,-244.05222,708.1678,237.349,-316.41077,659.80334,244.59206,-283.56,718.1558,231.40968,-313.2135,669.0887,240.29889,-260.88336,719.44824,240.92099,-294.50482,673.46216,248.7041,-245.08446,729.2245,417.7735,-111.007416,685.46533,409.58603,110.68527,612.19165,353.30368,-221.78857,588.63574,400.6434,90.21742,606.8337,472.09042,-129.92444,533.54645,488.98523,110.05006,623.52466,496.1036,-118.48888,539.4378,511.12485,105.75433,558.9604,506.5075,-161.9913,476.64352,512.7225,35.47187
sample75.jpg,683.8882,217.73271,-106.25449,692.9232,204.11557,-102.26142,698.04333,202.74515,-102.18767,703.2327,201.38097,-102.18501,681.42426,206.87941,-76.9599,677.9223,207.2632,-76.96755,674.4022,207.77927,-76.99545,720.05554,203.63011,-46.87849,682.799,211.40279,76.28029,700.17847,226.4313,-86.61824,685.3252,229.47133,-51.0675,768.1617,262.7677,-92.137535,681.6831,265.87927,182.23709,746.75104,342.7112,-239.73747,636.3774,327.5515,11.242079,719.65906,257.1106,-298.18378,660.188,260.40396,-244.05222,708.1678,237.349,-316.41077,659.80334,244.59206,-283.56,718.1558,231.40968,-313.2135,669.0887,240.29889,-260.88336,719.44824,240.92099,-294.50482,673.46216,248.7041,-245.08446,729.2245,417.7735,-111.007416,685.46533,409.58603,110.68527,612.19165,353.30368,-221.78857,588.63574,400.6434,90.21742,606.8337,472.09042,-129.92444,533.54645,488.98523,110.05006,623.52466,496.1036,-118.48888,539.4378,511.12485,105.75433,558.9604,506.5075,-161.9913,476.64352,512.7225,35.47187
sample76.jpg,684.9227,216.59067,-111.7092,694.5836,203.28035,-107.37932,699.8028,202.0615,-107.28117,705.0837,200.86214,-107.26178,682.84937,205.83304,-81.60365,679.3735,206.1848,-81.58051,675.89124,206.68944,-81.57265,722.4249,203.79152,-49.812256,684.57635,210.63275,75.373764,701.24915,225.89154,-90.89616,686.30426,228.63585,-54.750175,768.75635,264.14325,-95.33206,681.47815,265.64664,175.55739,743.3877,344.23587,-255.7239,638.0145,326.90167,-13.646341,719.36395,257.75952,-321.9324,660.65424,259.1604,-277.44,709.63025,236.13524,-339.39038,659.6554,242.57231,-319.05334,720.03345,230.27219,-336.98785,670.23206,238.78278,-296.7672,720.63574,240.1626,-318.5333,674.18207,247.69136,-278.49664,727.53015,419.14508,-114.26027,681.8641,410.22485,113.87773,613.27136,355.64667,-239.27194,590.47925,402.9145,51.902714,597.3897,468.80576,-180.76277,532.0364,489.97144,36.39443,612.94775,494.99475,-173.1333,537.4612,513.1138,28.284035,546.9952,491.67578,-230.08313,475.75586,508.16714,-49.21147
sample77.jpg,684.9227,216.59067,-111.7092,694.5836,203.28035,-107.37932,699.8028,202.0615,-107.28117,705.0837,200.86214,-107.26178,682.84937,205.83304,-81.60365,679.3735,206.1848,-81.58051,675.89124,206.68944,-81.57265,722.4249,203.79152,-49.812256,684.57635,210.63275,75.373764,701.24915,225.89154,-90.89616,686.30426,228.63585,-54.750175,768.75635,264.14325,-95.33206,681.47815,265.64664,175.55739,743.3877,344.23587,-255.7239,638.0145,326.90167,-13.646341,719.36395,257.75952,-321.9324,660.65424,259.1604,-277.44,709.63025,236.13524,-339.39038,659.6554,242.57231,-319.05334,720.03345,230.27219,-336.98785,670.23206,238.78278,-296.7672,720.63574,240.1626,-318.5333,674.18207,247.69136,-278.49664,727.53015,419.14508,-114.26027,681.8641,410.22485,113.87773,613.27136,355.64667,-239.27194,590.47925,402.9145,51.902714,597.3897,468.80576,-180.76277,532.0364,489.97144,36.39443,612.94775,494.99475,-173.1333,537.4612,513.1138,28.284035,546.9952,491.67578,-230.08313,475.75586,508.16714,-49.21147
sample8.jpg,655.8596,123.5016,-492.26822,667.75,108.028755,-493.8683,673.8089,107.693504,-493.83084,679.97534,107.28261,-493.73196,654.40924,107.95696,-471.7384,649.99817,107.433395,-471.71402,645.50165,107.06389,-471.6693,697.50195,109.199615,-433.17896,650.8515,108.41253,-336.35266,671.4733,134.57175,-465.73285,652.83136,134.28519,-437.5693,745.38477,170.49106,-401.95856,628.7811,166.55644,-241.43959,745.10254,280.79456,-406.78735,604.66974,265.32703,-246.55212,734.24036,377.2026,-433.7024,567.5987,347.33926,-303.98306,742.6161,403.6552,-466.35767,551.80896,366.49643,-309.1291,725.4105,405.89392,-484.85675,554.9506,371.53186,-347.61276,718.3129,397.1228,-438.5816,568.745,366.6743,-320.49884,723.3871,309.90964,-39.789654,664.28107,304.83502,40.28047,743.792,382.77972,-265.01074,627.3556,378.1977,-52.101646,686.8175,393.05444,80.3207,693.2678,410.98184,200.89293,681.13715,385.71384,117.10364,704.4675,407.6085,226.90782,662.24005,419.91296,91.42356,706.62054,443.6269,197.76437
sample80.jpg,707.53485,201.61572,-176.51129,717.27637,191.72253,-164.22731,722.036,191.90952,-164.26016,726.85474,192.09505,-164.29312,705.7126,190.72931,-147.1709,702.14264,189.99016,-147.05461,698.5599,189.36554,-147.12462,738.9791,197.48863,-73.45536,701.6578,193.39218,7.4097786,718.4497,213.4739,-143.23625,703.23315,211.9613,-120.17434,773.3856,264.07224,-86.89704,678.3812,258.1634,154.75076,792.848,356.0746,-178.58765,658.92786,342.84717,68.97717,721.71094,335.07373,-288.43802,664.6852,328.4655,-243.95169,697.6842,335.21524,-328.23077,663.14624,329.57498,-307.69855,701.36957,313.35376,-329.70456,668.28015,316.02036,-321.0882,710.62103,316.55148,-287.51126,671.57007,317.08594,-259.28098,724.69904,417.27625,-108.2502,673.1756,402.9018,108.27935,614.02985,346.91177,-222.54219,579.45337,394.78363,44.862274,609.3971,473.2372,-158.0051,515.0732,486.4504,-40.396442,626.2966,498.9119,-150.3091,518.2758,509.4461,-56.23658,568.07245,494.78113,-185.99799,466.82663,498.94443,-129.67789
sample81.jpg,707.53485,201.61572,-176.51129,717.27637,191.72253,-164.22731,722.036,191.90952,-164.26016,726.85474,192.09505,-164.29312,705.7126,190.72931,-147.1709,702.14264,189.99016,-147.05461,698.5599,189.36554,-147.12462,738.9791,197.48863,-73.45536,701.6578,193.39218,7.4097786,718.4497,213.4739,-143.23625,703.23315,211.9613,-120.17434,773.3856,264.07224,-86.89704,678.3812,258.1634,154.75076,792.848,356.0746,-178.58765,658.92786,342.84717,68.97717,721.71094,335.07373,-288.43802,664.6852,328.4655,-243.95169,697.6842,335.21524,-328.23077,663.14624,329.57498,-307.69855,701.36957,313.35376,-329.70456,668.28015,316.02036,-321.0882,710.62103,316.55148,-287.51126,671.57007,317.08594,-259.28098,724.69904,417.27625,-108.2502,673.1756,402.9018,108.27935,614.02985,346.91177,-222.54219,579.45337,394.78363,44.862274,609.3971,473.2372,-158.0051,515.0732,486.4504,-40.396442,626.2966,498.9119,-150.3091,518.2758,509.4461,-56.23658,568.07245,494.78113,-185.99799,466.82663,498.94443,-129.67789
sample9.jpg,462.28952,155.01993,-474.59753,467.31668,142.60002,-468.59552,471.32568,141.97832,-468.51505,475.326,141.28427,-468.4959,456.4643,143.57169,-465.9594,452.65204,143.45862,-465.9998,448.84174,143.46062,-465.9729,483.53067,140.66869,-370.0228,446.2151,143.41089,-355.3908,471.56497,160.64441,-432.72992,457.7592,161.77316,-428.76532,517.3439,170.69536,-224.6787,428.90714,183.72096,-242.85936,519.96954,217.41371,-42.70261,424.78433,242.37149,-179.11327,508.4298,249.0893,33.614292,418.15466,290.0445,-226.14865,508.06503,257.52017,51.828037,411.84613,302.09985,-235.1048,507.9693,257.9219,25.698044,414.71402,303.3229,-265.9978,505.4091,255.52296,27.180195,421.00394,299.041,-238.94206,500.77313,259.80917,3.510173,449.70142,262.9297,-3.5054173,522.43616,337.72418,-80.5149,437.24573,341.7558,-42.280994,527.2555,397.63495,112.78355,429.8161,405.14856,130.73007,523.3174,404.11795,125.2189,430.581,412.64447,140.84746,530.54004,431.0828,15.935372,430.9602,435.98334,30.53965
sample90.jpg,706.05536,157.41518,-106.218765,705.33905,143.44136,-93.89527,704.972,142.9521,-93.85138,704.7842,142.50188,-93.88397,702.1677,143.20953,-130.21794,699.35547,142.0651,-130.18704,696.5874,140.99718,-130.29749,690.9199,140.14198,-3.4921021,680.69165,138.22197,-168.41302,697.5759,166.00821,-67.73673,693.6517,165.58827,-114.9984,655.28876,199.73212,145.51639,645.7355,185.34839,-254.5211,692.7794,275.81506,231.95135,695.94293,263.33594,-301.92245,749.6986,316.33862,170.21536,756.5449,307.6671,-230.06502,763.6981,320.8943,181.91199,769.0703,312.25266,-263.74506,768.7621,319.14407,145.56833,771.4802,307.78506,-248.24553,763.3664,320.26086,153.93454,765.78436,308.12808,-222.18542,577.11414,331.2767,123.92875,556.91644,330.9068,-123.82468,658.99194,383.17368,200.56677,604.7479,433.36404,-193.21286,623.1995,510.8296,312.8799,599.94354,587.6634,-176.40451,602.0486,532.29016,321.11447,581.7944,612.3683,-179.82373,668.23615,544.83093,283.16425,657.9205,623.2423,-279.73187
sample91.jpg,700.9234,157.27342,-203.94951,702.6965,145.12027,-181.56052,704.43823,145.80853,-181.585,706.33856,146.53185,-181.66681,694.4211,142.0445,-211.98396,690.0211,140.06967,-211.99469,685.6752,138.16089,-212.19028,695.1538,146.51483,-51.120167,669.0508,135.86497,-188.63394,696.2324,168.27335,-152.66873,685.9833,164.44797,-191.85518,658.4668,202.21547,117.51456,640.7168,186.11505,-265.60916,697.96326,274.19308,206.877,696.3171,264.94647,-307.23743,751.73816,316.36447,133.38559,754.9602,315.98215,-256.9882,762.687,321.2292,137.78917,768.8013,321.6759,-289.4197,767.80493,317.0979,104.65883,771.7427,315.66272,-276.9844,763.3601,318.19092,118.23173,764.89655,315.96207,-249.85501,583.4311,326.91882,117.632126,554.5193,332.51016,-117.57425,684.8931,366.29547,195.07545,581.9251,448.56516,-182.0118,639.82007,472.41708,305.99622,581.6736,587.69116,-161.8405,618.37604,488.8474,315.54327,564.0887,608.94086,-165.4592,683.25494,507.38553,286.5165,639.2583,616.6499,-274.00012
sample93.jpg,698.21826,154.03212,-215.95299,702.3703,144.22531,-191.7373,704.9181,145.57285,-191.74074,707.63617,146.95914,-191.74742,692.9367,139.81313,-217.88324,688.52295,137.61168,-217.81577,684.14294,135.49554,-217.9975,700.1925,149.3263,-45.794903,669.9875,134.61227,-164.85582,695.70886,166.49184,-159.63469,683.70905,161.02823,-192.86841,664.69763,202.98724,138.03223,646.6855,185.43275,-251.78352,708.24554,276.70505,207.90213,698.70306,265.1434,-282.25024,755.4231,320.0017,112.93492,751.84937,312.19348,-173.4088,766.001,329.41568,109.264496,763.61536,319.55634,-199.63976,766.41064,321.53174,76.0663,766.04126,314.7755,-188.86786,762.35565,321.44568,96.93141,758.7393,314.58127,-165.95935,581.5392,329.13663,125.44743,556.6503,332.13913,-125.49437,687.093,363.29123,198.59749,616.1293,426.59454,-221.87576,623.29034,478.64926,322.1039,613.77246,584.9152,-223.52686,599.18774,493.66772,332.9053,593.8992,610.0878,-228.16519,660.1928,521.2145,297.26492,675.579,620.04706,-337.7345
sample94.jpg,698.0911,154.39209,-214.11699,701.8979,144.61612,-190.30191,704.3438,145.98404,-190.31898,706.9586,147.3852,-190.33867,692.6618,140.27707,-215.94214,688.2514,138.11356,-215.88667,683.88074,136.03851,-216.02922,699.2581,149.8094,-49.145206,669.75793,135.224,-166.15187,695.42737,166.68686,-159.17506,683.7707,161.42575,-192.2339,663.6699,202.5874,133.81479,646.63385,184.89012,-250.78864,705.5747,272.25366,211.82816,697.9269,263.6823,-289.48367,752.5679,317.00827,125.65933,752.09314,315.12173,-198.27599,763.4408,325.1527,126.228165,762.9227,322.48682,-229.4137,765.0214,319.35474,89.663925,766.4466,318.49527,-217.45172,760.84595,319.52402,108.329895,759.50446,317.95126,-191.05756,579.9725,327.14517,120.65222,555.7466,329.2935,-120.594185,669.7993,376.73373,206.83743,604.18945,431.17923,-206.26212,625.7809,487.9492,336.3634,592.52026,578.6064,-194.33505,604.43646,504.16617,346.64087,572.835,600.1219,-198.26022,667.5829,526.4684,312.4033,647.8917,614.41876,-302.1355
sample97.jpg,696.23083,150.91452,-219.36914,700.7889,142.26549,-196.45901,703.3696,143.86815,-196.46654,706.12195,145.51036,-196.4598,691.5479,137.4124,-220.81468,687.3274,135.20432,-220.73494,683.1451,133.07857,-220.87912,699.4823,149.44983,-54.07988,670.0685,133.32706,-164.95277,694.0646,164.06479,-164.35825,682.25635,158.1068,-195.49799,666.54114,203.79802,126.961,646.90076,183.68651,-246.11024,709.9861,277.52158,183.73665,701.2549,262.63187,-277.5085,751.37146,314.1841,82.82494,753.55945,312.80487,-185.79231,761.3491,323.52475,76.64953,762.9587,322.51675,-215.63875,759.4272,315.24265,45.651646,766.9672,319.15405,-205.4345,755.2853,314.6566,67.52761,759.84467,317.63675,-178.91809,581.74414,331.1018,118.76296,556.3984,329.6519,-118.849655,676.1077,374.23608,155.63133,618.1664,424.8856,-211.7459,628.96387,507.75995,267.88898,608.75146,581.11066,-212.92921,607.002,527.9617,275.9289,588.44275,605.771,-217.29851,670.03186,548.65485,227.73175,668.06085,618.9562,-325.74612
sample98.jpg,696.23083,150.91452,-219.36914,700.7889,142.26549,-196.45901,703.3696,143.86815,-196.46654,706.12195,145.51036,-196.4598,691.5479,137.4124,-220.81468,687.3274,135.20432,-220.73494,683.1451,133.07857,-220.87912,699.4823,149.44983,-54.07988,670.0685,133.32706,-164.95277,694.0646,164.06479,-164.35825,682.25635,158.1068,-195.49799,666.54114,203.79802,126.961,646.90076,183.68651,-246.11024,709.9861,277.52158,183.73665,701.2549,262.63187,-277.5085,751.37146,314.1841,82.82494,753.55945,312.80487,-185.79231,761.3491,323.52475,76.64953,762.9587,322.51675,-215.63875,759.4272,315.24265,45.651646,766.9672,319.15405,-205.4345,755.2853,314.6566,67.52761,759.84467,317.63675,-178.91809,581.74414,331.1018,118.76296,556.3984,329.6519,-118.849655,676.1077,374.23608,155.63133,618.1664,424.8856,-211.7459,628.96387,507.75995,267.88898,608.75146,581.11066,-212.92921,607.002,527.9617,275.9289,588.44275,605.771,-217.29851,670.03186,548.65485,227.73175,668.06085,618.9562,-325.74612
