idle1.jpg,503.82678,118.61609,-93.21616,509.55432,110.72375,-76.78788,512.41,110.65374,-76.71044,515.3345,110.53924,-76.76061,500.80347,110.821205,-75.32314,498.03915,110.66285,-75.29202,495.25476,110.56146,-75.24231,520.3366,113.745285,27.183165,492.91934,113.2963,35.981495,509.59927,126.53228,-54.490116,499.52112,126.4539,-52.438488,537.8324,159.46815,84.30394,473.0815,156.17122,80.23782,556.9222,206.33893,-85.84786,453.03375,196.51785,-61.15457,525.14923,163.38605,-272.2259,500.74036,155.37373,-210.7341,520.61774,151.70596,-309.42532,512.28516,143.75916,-246.64667,517.21484,146.9383,-291.27728,513.50446,141.83179,-226.92131,516.6106,151.43166,-268.47134,511.201,147.80325,-205.01863,520.4547,275.407,1.7282679,476.21426,273.08633,-1.6830757,542.49866,374.47864,-45.55982,455.86682,369.55603,-28.127266,558.7559,464.94397,78.24284,436.2426,461.37576,92.63614,554.7778,477.67258,83.88748,436.5422,474.24606,96.46185,574.5324,490.02005,-47.223137,429.82556,489.68225,-30.226078
idle10.jpg,717.8646,178.26744,-550.2605,725.06836,166.58275,-532.7082,729.91095,166.42401,-532.6599,734.8853,166.15244,-532.4458,710.8767,166.93622,-534.91656,705.7834,166.90988,-534.7944,700.691,166.96857,-534.7276,741.71655,172.12433,-391.09512,694.7882,172.74153,-395.8592,726.95447,190.7787,-495.14062,709.1095,190.81032,-496.30847,776.6108,241.56891,-264.5265,661.06946,239.48796,-281.57864,784.8862,331.60757,-202.73859,644.0329,332.09155,-239.81796,787.6264,416.0331,-314.287,637.7727,423.94485,-328.1874,793.5525,440.54977,-353.36856,630.39606,450.7899,-348.81747,783.563,440.76184,-397.55923,638.2905,455.1319,-402.0259,777.50946,431.50528,-334.63574,648.61743,445.09903,-348.8658,750.57715,399.5377,9.415209,683.8124,394.22598,-9.504808,735.918,531.92395,42.048183,646.4325,522.43524,-25.52464,716.8231,637.92303,213.65358,610.6988,634.96643,136.31274,709.2947,652.10614,221.23978,615.8311,653.76,144.35512,718.8333,684.5457,75.06222,568.7815,678.2184,-9.373504
idle11.jpg,718.4049,178.17142,-539.37146,725.77124,166.6194,-522.38293,730.64825,166.4937,-522.3323,735.6587,166.25267,-522.1073,711.56683,166.91678,-524.355,706.479,166.8754,-524.2545,701.39307,166.91565,-524.20465,742.6394,172.23868,-384.46658,695.6272,172.65427,-387.616,727.5387,190.71858,-485.61832,709.6466,190.67397,-486.241,777.7319,241.16982,-261.22217,662.4242,239.51479,-273.8402,786.1841,332.74796,-200.4273,645.6819,332.85068,-231.77924,788.4869,418.27634,-299.94077,639.3992,424.70697,-315.31284,794.00793,442.49832,-336.81024,632.3009,451.274,-334.27338,784.27734,442.52664,-379.63757,639.6623,455.56522,-386.7908,778.4127,433.4591,-319.39948,650.04016,445.66492,-335.65994,752.9505,400.22806,8.757078,686.54517,395.7564,-8.864268,739.55273,531.14734,39.542995,648.3777,523.21686,-21.904184,718.97375,637.25464,205.3995,609.3653,635.23,135.1158,711.1135,651.53766,212.72458,614.49084,654.3125,143.14462,720.71436,683.96234,73.16808,563.89075,677.96716,-3.6255429
idle13.jpg,760.8349,130.41351,-462.7567,766.98157,117.106316,-442.54395,771.9464,116.75132,-442.496,777.07184,116.29118,-442.36707,751.76355,117.66973,-444.42188,746.1573,117.53676,-444.2644,740.553,117.496185,-444.10553,782.2049,120.99964,-295.16833,731.95874,122.301674,-293.38858,769.69946,142.87166,-405.4179,750.86127,143.25891,-405.12457,821.42426,197.43054,-183.4118,694.9143,198.42203,-184.2877,837.478,296.905,-130.52489,692.3314,299.29453,-131.32983,844.64087,395.6916,-240.44116,686.7909,395.36404,-234.64708,851.9263,422.71692,-268.60678,680.9673,423.66135,-259.9257,842.9182,426.06198,-315.43088,688.0067,428.75244,-308.98633,834.86725,416.03796,-260.2109,697.9564,418.3839,-255.37708,801.16425,378.1344,-8.302596,729.8329,380.79132,8.182148,795.47485,523.2268,-1.9949204,744.7394,520.6982,10.573043,801.02686,644.4423,170.6481,754.9369,635.8248,212.46245,798.62354,657.5806,179.45473,761.28503,650.9484,224.10722,797.6435,698.95996,11.459207,749.9507,687.42725,60.931553
idle14.jpg,764.67615,132.316,-481.66925,770.49,118.09152,-460.1698,775.56006,117.691536,-460.11255,780.78406,117.1826,-459.95782,754.8181,118.61065,-464.01126,748.9303,118.4121,-463.8571,743.039,118.30713,-463.7127,785.04114,121.46366,-304.3687,733.1494,122.77142,-312.36475,773.2506,144.69977,-420.97253,753.7576,145.0656,-423.4146,823.43805,197.32693,-184.54439,694.6711,198.44409,-203.95074,839.17053,297.31046,-126.09975,691.59973,302.04276,-154.88673,845.3952,396.1916,-241.91069,686.39435,397.597,-256.8616,852.4547,423.18585,-271.64072,680.82306,425.41495,-283.06366,843.5192,426.4754,-318.9238,687.013,430.3127,-331.46793,835.5804,416.5104,-262.4399,696.87244,420.032,-277.3264,803.7562,381.04724,-1.0088602,731.3781,383.71454,0.9025345,796.29114,524.58624,13.804221,746.7235,522.84607,7.837061,800.45154,642.388,199.07352,756.4642,635.97406,225.82253,797.46533,655.5119,208.85306,762.037,650.7129,238.62679,798.5156,696.2915,39.14036,754.01587,687.9953,70.42845
idle15.jpg,766.2146,132.7175,-485.89996,772.4777,118.7523,-465.03452,777.50916,118.43526,-464.9869,782.69946,118.01039,-464.8514,757.0547,119.11201,-468.1015,751.2947,118.84901,-467.9438,745.5327,118.68034,-467.7843,787.2716,122.36407,-309.49353,736.14014,122.926544,-313.78284,774.64264,145.08551,-425.07397,755.53107,145.1644,-426.55307,824.8838,197.35918,-187.42128,697.0913,199.30975,-198.336,839.6089,297.02744,-125.38581,693.79956,303.93842,-143.69882,847.32245,394.90802,-247.02492,688.9267,397.8868,-251.77713,854.53546,422.21375,-277.21045,683.5404,425.52185,-277.92062,845.92194,425.23187,-326.09247,690.3067,429.9213,-328.40573,837.66003,415.26437,-267.79703,700.2999,419.63382,-272.78275,804.2776,380.40878,-4.4180107,732.32996,383.13882,4.3505397,797.7141,523.73596,7.08356,747.0569,523.35236,6.7037177,799.3878,641.7925,194.77876,757.8311,638.57654,219.48425,795.7815,654.5397,205.1599,764.3385,653.5034,232.10176,797.9615,696.9885,38.55402,752.3563,691.6864,65.66302
idle16.jpg,767.16724,131.28848,-473.97076,773.129,117.6125,-454.46277,778.0626,117.21503,-454.41443,783.1611,116.70755,-454.27872,758.0041,118.31121,-457.18677,752.3561,118.20457,-457.04175,746.7154,118.1886,-456.8853,787.9474,121.144585,-305.5748,737.79895,122.798805,-307.98154,775.7678,143.58809,-415.6091,757.0538,144.09775,-416.5401,825.80005,197.07767,-184.98808,699.83105,198.88957,-192.66818,840.3238,296.2614,-119.61646,693.77686,301.46445,-137.52405,847.9241,393.59015,-238.80997,688.111,398.27637,-243.31448,854.87494,420.64252,-269.7115,681.8033,426.4261,-268.17615,846.0047,423.0362,-317.65735,689.9226,431.5083,-318.97995,838.03735,413.11963,-258.9166,700.3004,420.92407,-264.10822,804.4904,378.08865,-4.67653,733.309,380.73392,4.5669293,799.4201,521.8815,-0.1544982,749.1157,522.7652,0.74188745,801.2979,642.20844,172.3545,761.1295,640.6692,199.17464,797.38684,655.09143,181.37953,767.475,655.1509,210.58014,801.5036,698.19293,17.896387,757.1744,695.61414,47.2031
idle17.jpg,767.5591,132.1125,-471.87302,773.33466,118.31572,-450.4348,778.3751,117.86738,-450.39954,783.5742,117.31665,-450.27158,757.8391,119.11385,-453.2178,752.0408,119.048256,-453.0605,746.24255,119.07663,-452.89697,788.27,122.06027,-297.4814,737.00464,124.17031,-299.11874,776.50024,144.53976,-412.3838,757.1637,145.1989,-413.1264,826.7554,198.24796,-182.05539,700.0392,201.5653,-182.5547,841.53687,297.18195,-124.40016,696.12537,304.8251,-126.306366,848.53326,394.19177,-244.38821,689.72705,399.41553,-231.92749,855.3925,421.03802,-274.40936,683.9032,426.82224,-254.78798,846.99347,423.89563,-321.84784,690.0164,431.82166,-305.78983,839.09576,414.03122,-264.77286,700.2522,421.60767,-253.1738,806.2467,380.59525,-9.174349,734.9004,383.48953,9.073793,799.8901,522.98004,-3.8883116,750.04626,522.7762,10.287045,802.14594,641.7349,176.55875,762.06696,638.6697,215.59746,798.7063,654.74335,185.87204,769.3311,654.09717,227.4372,801.0827,696.036,18.388191,753.44855,690.5362,63.004612
idle18.jpeg,503.85355,197.07375,-768.7699,523.0581,179.46638,-718.9441,533.4776,180.59497,-719.03326,544.18207,181.45285,-718.95557,493.2399,178.5036,-717.7621,482.97095,178.28535,-717.5666,472.6633,178.27086,-717.63385,560.81824,204.35934,-416.94287,461.4287,198.70119,-403.64902,523.98944,230.84589,-654.511,484.4769,228.42589,-650.9753,635.3618,377.03345,-219.90025,380.04672,372.39407,-187.17981,699.972,561.57117,-122.576355,325.61432,556.8924,-104.089355,660.0309,713.53265,-418.37213,368.80966,721.5392,-390.52414,654.17303,768.891,-522.1572,372.9873,782.2458,-476.70648,626.3438,756.893,-591.05365,403.33026,772.1657,-555.3532,622.17993,735.5349,-450.24506,409.81064,747.4327,-425.9511,577.57874,771.95844,-11.51275,430.49057,772.3841,11.955796,595.24133,1058.8291,-13.818619,399.83563,1072.2454,7.422497,618.9792,1346.1201,272.21634,390.67273,1355.2113,344.60114,605.7746,1390.071,281.03598,417.97534,1399.9506,357.62,664.2369,1433.98,-37.123035,297.55865,1448.3153,41.109005
idle19.jpg,768.96277,129.84038,-448.00244,774.14685,116.972015,-428.50754,778.8477,116.42521,-428.46957,783.7125,115.77594,-428.35748,759.23456,118.071846,-430.4751,753.8026,118.14315,-430.3252,748.3737,118.30553,-430.19986,788.31366,119.52295,-282.31992,739.6478,122.68398,-280.3155,777.4988,141.38582,-390.67105,759.63806,142.48627,-390.2824,828.8745,193.80632,-172.38127,703.8776,198.05211,-166.95222,844.0982,293.25848,-119.714325,701.50946,299.6191,-108.46655,849.9878,391.88922,-230.56302,695.2627,396.3887,-208.69392,856.5046,418.22708,-258.74698,689.4868,423.6312,-229.7521,848.1113,421.58197,-305.47385,694.6683,429.61337,-281.52676,840.60846,412.22467,-250.31374,705.05347,419.7676,-230.26222,809.18713,378.37756,-9.885045,737.9245,381.13058,9.724392,803.8239,522.62,-13.043753,751.8102,520.3344,2.911726,802.88513,640.80756,169.38371,762.6969,638.5649,197.30124,799.61,653.26605,178.43498,769.22424,654.57776,207.88464,797.2192,693.5982,9.092081,755.78485,687.2913,41.82482
idle2.jpg,505.13477,118.52442,-103.90664,510.70926,110.57237,-86.66214,513.60205,110.55955,-86.576294,516.56024,110.499535,-86.616844,501.74533,110.52176,-86.144516,498.83292,110.3106,-86.107346,495.89853,110.15496,-86.04952,520.8828,113.78542,21.907494,492.63022,112.87495,27.125757,510.5325,126.53459,-63.429924,500.12735,126.26907,-62.410843,537.5078,158.60823,82.08227,471.9491,155.69502,73.03519,558.1388,204.0491,-91.74574,452.9618,197.4035,-72.99959,525.50287,163.65288,-291.7755,500.76257,156.94994,-228.33661,520.70306,153.2542,-331.46378,512.3036,145.67079,-266.3651,516.6589,148.21533,-314.10318,513.703,143.56583,-246.72578,516.30176,152.47949,-288.7246,511.41763,149.38559,-222.77272,520.59393,273.7039,1.4530264,476.17667,272.0015,-1.3890451,542.66425,373.06055,-48.787422,456.15198,368.49365,-26.50373,559.5911,463.93344,76.344284,436.65625,460.02625,99.401634,555.7309,476.63998,81.81632,436.8923,472.8327,103.56887,574.1895,490.02878,-53.086594,430.89563,489.1144,-25.749355
idle20.jpeg,494.65628,237.67976,-846.60645,511.6891,215.54422,-807.27484,521.8249,216.55302,-807.3246,532.24725,217.31096,-807.1945,482.26233,213.70969,-814.92444,471.44455,212.7614,-814.76074,460.61548,211.9968,-814.7121,543.03503,234.09767,-510.9283,443.71286,225.57034,-532.7167,510.2897,267.90744,-729.1799,471.7399,264.42682,-735.7646,602.63556,392.20108,-299.70312,356.23145,387.35587,-315.3931,648.1041,582.66113,-224.93346,327.16907,582.78143,-232.00221,619.9844,740.77325,-586.274,350.22958,748.20245,-488.67862,618.21875,798.0655,-695.3354,346.53848,806.25574,-562.4488,587.79504,789.2253,-766.03265,375.0836,802.3307,-652.7739,579.8251,767.8235,-620.0826,387.28265,780.9351,-525.6273,548.347,776.0798,1.5162333,409.334,780.21875,-1.2841634,596.3822,1042.656,-0.93347585,395.24734,1062.8364,21.694416,616.29333,1308.989,268.7335,393.0386,1320.7012,352.40588,598.7,1348.3737,278.76672,415.09482,1362.0869,366.2754,673.9415,1402.1935,-0.50626755,325.78827,1415.1619,72.79828
idle21.jpg,770.4606,130.34804,-480.75073,775.458,117.24459,-460.29865,780.23376,116.71927,-460.25052,785.16626,116.08521,-460.11307,760.2929,118.26595,-464.15787,754.6891,118.31293,-464.01123,749.093,118.44759,-463.89267,789.20374,120.01954,-307.20273,739.5495,123.03132,-314.18268,778.6997,142.22841,-420.6622,760.4413,143.29942,-422.87216,827.8858,194.30325,-184.66393,703.15283,199.33113,-200.58046,843.2626,293.20035,-126.75386,699.7202,301.39368,-142.05148,849.82007,392.5492,-241.42282,694.187,397.41064,-235.36365,856.9507,419.1411,-271.51257,687.6834,424.54184,-261.27133,847.95044,422.51028,-320.06488,695.1404,429.94467,-310.6739,840.3059,413.40994,-262.47418,705.13025,420.26004,-255.91733,810.26086,377.96954,-4.448488,738.7715,381.60062,4.2842216,807.34717,520.43134,-1.6837165,753.26196,520.73975,0.45324743,802.9579,640.76495,180.54977,762.532,638.0863,197.00745,798.60223,653.7637,189.15286,767.4342,654.0216,207.23535,798.1293,694.5218,16.656525,760.46136,687.1824,35.809204
idle22.jpg,771.0326,131.3278,-471.82083,776.1632,118.0558,-450.70865,780.9783,117.544846,-450.662,785.9502,116.93425,-450.52332,760.951,118.951614,-454.29608,755.34375,118.931915,-454.13022,749.74023,119.00483,-454.0076,790.05615,120.64127,-296.16937,740.35706,123.256836,-301.31454,779.34357,143.01468,-411.13074,761.0078,143.92421,-412.83978,829.2449,193.2228,-174.72186,703.29895,199.66583,-187.25192,844.77783,291.33768,-114.78885,698.10657,302.58975,-129.54388,850.6464,390.63678,-240.36902,693.3326,398.33105,-225.2825,857.3831,417.47156,-274.10013,687.87445,425.2002,-250.31113,848.8775,420.65195,-322.51175,693.7818,430.5223,-301.17883,841.2152,411.16312,-262.16507,703.5212,420.5311,-246.72319,812.02026,377.45853,-8.845287,740.2351,381.24542,8.693297,806.8747,520.35944,-10.956865,753.44104,518.73804,4.2592697,804.28107,640.1159,175.29915,762.724,634.8917,211.44745,801.1715,653.0347,183.8385,768.5469,650.96387,222.58238,796.8902,693.3626,6.490485,757.4786,683.6057,50.27058
idle23.jpeg,467.84073,201.08614,-1182.5881,481.6248,176.20917,-1145.2931,491.06445,175.66681,-1145.3093,500.80997,174.84842,-1145.135,452.92538,178.09515,-1145.7933,442.7827,178.28622,-1145.513,432.67233,178.66788,-1145.1896,513.65845,186.93958,-825.62805,418.94348,191.24803,-807.82074,486.1327,227.3839,-1055.9255,450.52484,228.44553,-1050.982,596.1305,344.997,-553.33966,339.3573,347.00223,-494.33987,635.0969,531.27704,-426.9619,296.46463,527.2207,-322.26544,639.9357,715.76935,-728.9138,306.03558,716.2632,-624.038,649.7029,769.0523,-831.49915,300.08414,778.2402,-701.77106,626.8838,772.7959,-924.5552,327.24152,778.8834,-816.0215,614.2976,752.7552,-769.16516,342.13516,753.34033,-671.1456,553.3589,716.7077,-21.863705,404.49225,721.97003,21.736912,595.6157,1001.8685,-16.148293,364.74493,1011.65753,67.976425,641.25934,1248.2494,409.94186,338.8912,1268.73,530.70526,636.724,1275.4341,432.80823,357.01825,1303.1968,556.9061,660.3405,1353.8295,77.991264,279.90994,1375.3602,203.43474
idle24.jpg,768.4304,130.99803,-494.62643,774.3911,117.68662,-474.4181,779.33545,117.18897,-474.37332,784.4327,116.58784,-474.23126,759.09296,118.527954,-476.8747,753.61053,118.48042,-476.70667,748.131,118.529564,-476.6029,790.2735,120.19313,-319.8738,740.28503,122.525604,-320.5109,777.6636,142.66545,-433.77106,759.33435,143.5112,-434.12534,831.8867,193.48555,-190.11353,704.1376,198.747,-208.53767,847.8755,293.2611,-129.15524,700.1222,302.72565,-148.0149,853.4939,392.2668,-252.18787,695.43634,397.3248,-241.72212,860.12573,418.79556,-284.62604,690.0134,423.92673,-268.40387,852.44196,421.9572,-334.49097,695.87866,428.78436,-319.5107,844.66986,412.71704,-274.5727,705.6082,419.10208,-263.32516,813.2532,378.40826,-5.9830737,740.5198,381.6423,5.836799,807.97174,521.22015,-0.33973154,754.12744,520.44696,6.60912,803.48944,640.3912,195.25957,761.96747,636.2954,218.59648,800.01965,653.779,204.47113,766.98206,652.7657,229.93558,796.68524,692.4007,25.146137,758.7228,683.4802,54.00576
idle25.jpeg,518.79,281.7794,-1124.1616,534.77655,258.45575,-1073.73,545.3033,258.30374,-1073.7133,556.1848,257.9428,-1073.5137,503.9934,259.77472,-1072.2871,493.04352,260.1237,-1071.9546,482.08704,260.6869,-1071.8136,571.6052,276.52777,-745.8601,469.9776,279.2109,-718.4577,539.7627,312.05283,-1001.2873,499.9091,312.81775,-993.6495,647.0486,450.15707,-458.22754,399.51575,448.73248,-436.39832,674.17896,645.3087,-291.60867,384.037,646.9168,-279.00464,684.9247,832.3054,-546.03973,356.891,831.22485,-507.69122,698.3076,884.19476,-610.6967,342.36862,883.94824,-549.14575,684.23663,891.1542,-722.80804,348.34888,895.0351,-681.6121,669.0724,873.37665,-591.94495,370.75464,877.1605,-563.9288,588.6255,792.52075,-10.472096,443.06134,790.37616,10.669697,554.6762,1076.4043,5.855312,451.4881,1075.355,15.508185,552.188,1316.0135,447.51517,453.8343,1325.3125,472.36475,548.4045,1338.8551,466.73462,462.11206,1354.9519,495.7185,534.49615,1428.5753,62.04393,440.92206,1431.4241,105.972275
idle26.jpg,772.74756,131.41844,-469.29425,778.6183,118.01675,-449.09702,783.49725,117.5992,-449.05148,788.5338,117.07842,-448.9169,763.3735,118.584236,-451.8626,757.83215,118.4061,-451.7036,752.29333,118.32106,-451.5778,793.3475,120.445816,-296.78165,743.465,121.876335,-298.7275,781.19336,143.04178,-409.32996,762.86224,143.49443,-410.034,832.6282,193.06099,-177.13046,705.1173,196.60435,-187.67763,848.1406,292.31488,-122.30676,699.81683,299.59134,-130.35168,854.0215,391.30774,-240.10126,696.40063,394.9823,-230.64192,860.7942,417.86517,-270.9099,691.1929,422.55423,-257.55646,852.65173,421.1905,-318.85168,698.2001,427.16113,-306.4868,844.8821,411.76495,-261.24435,707.7595,417.02402,-251.28883,812.3392,377.61703,-7.845562,739.97363,380.71036,7.671321,807.18774,520.4444,-5.574438,753.5816,519.3972,7.567298,805.54596,638.9493,184.43793,763.2537,635.7302,216.43867,802.4873,651.77545,193.96332,769.3142,652.0774,228.23595,798.1387,691.9922,20.394173,757.17847,684.05383,58.33394
idle27.jpg,771.3131,127.9592,-470.99658,777.4749,114.50552,-449.08044,782.5538,114.081024,-449.05093,787.7937,113.55643,-448.9177,761.84314,115.22469,-451.44586,756.134,115.14479,-451.27863,750.4227,115.15766,-451.14154,793.3419,118.16105,-293.70105,741.8761,120.06928,-293.79626,780.6851,140.38208,-410.63904,761.39746,140.98651,-410.87238,833.3051,195.27843,-175.99048,705.2141,197.55806,-180.75769,848.5218,296.00296,-118.86838,700.5712,301.08734,-122.16171,855.52673,394.16428,-241.26488,695.9638,396.356,-227.14706,862.5744,420.87537,-272.7065,690.5402,423.95566,-253.25449,854.3924,423.76874,-321.34628,697.1758,428.5927,-303.7669,846.42456,413.94528,-262.49042,706.8788,418.42654,-248.50018,813.0458,377.73108,-8.441738,740.5907,380.401,8.322725,806.4499,519.5608,-4.079972,754.8646,520.7834,8.7635975,805.83923,638.7385,186.73843,763.91425,637.7132,220.69893,802.708,651.68787,196.44644,769.7645,653.69934,232.65588,800.1083,692.30347,22.723436,758.7149,687.78455,62.114223
idle28.jpg,651.2164,168.21686,-385.8046,653.7053,158.29863,-360.86713,656.699,158.63518,-360.8461,659.8131,158.82527,-360.7703,642.61633,157.25365,-380.32733,637.6813,156.61607,-380.2327,632.78143,156.0482,-380.25296,654.6759,162.00127,-204.25127,618.3383,158.43266,-294.3652,652.1597,179.4248,-325.1907,638.67737,177.36208,-351.55307,668.41003,220.65901,-54.09092,577.48987,224.09601,-249.228,686.6981,308.56808,35.28695,575.7446,322.02847,-246.6873,707.2726,386.37164,-61.815086,576.6336,410.23016,-347.8863,715.71136,407.70984,-77.39153,569.5574,434.3535,-385.47797,711.1747,411.4123,-120.3345,580.64954,435.0815,-418.15845,704.0043,404.8674,-79.190216,588.0655,425.64746,-361.09912,663.1723,376.47073,67.65067,615.0203,381.5693,-67.306984,641.6112,508.8709,108.34823,618.0022,508.6881,-76.3409,628.12305,603.84204,266.49988,617.1481,612.6384,95.200516,620.6166,619.29517,275.2222,611.7178,626.7717,105.0311,646.9313,639.8638,149.4916,641.69434,659.58704,-39.96122
idle29.jpg,648.30194,167.46591,-344.46378,651.397,158.38245,-320.6042,654.4036,158.91884,-320.53848,657.53564,159.2987,-320.5177,640.65765,156.98824,-338.02203,636.10785,156.25891,-337.90768,631.57623,155.60405,-337.9329,654.19037,163.1458,-168.73917,619.0148,158.43796,-249.4461,650.17633,179.0854,-285.86615,637.1211,176.64261,-309.52405,669.52704,224.5926,-16.5044,582.60004,223.21439,-211.70511,688.2853,311.25076,79.77626,581.5637,319.23077,-202.48633,709.0034,386.92682,-25.131737,581.23193,404.4379,-300.61542,717.87787,408.65274,-41.812668,573.8771,427.3322,-334.3225,713.6128,412.34088,-84.957306,583.9042,429.9975,-369.7948,706.2976,405.4494,-42.535675,591.59595,421.43796,-314.6142,664.1914,376.30203,75.903275,617.7018,377.96103,-75.50464,650.42694,510.71252,95.8851,619.05554,505.97342,-100.11051,631.8714,609.4612,248.68517,617.6846,615.8894,37.26119,621.518,625.87787,256.93683,609.88007,631.36163,44.209114,656.62537,645.7712,133.60815,648.2541,662.41046,-105.04724
idle3.jpg,504.9428,117.18287,-60.292217,510.67816,109.37658,-42.306614,513.61597,109.41676,-42.216827,516.6255,109.404465,-42.256912,501.53253,109.20649,-42.262856,498.5503,108.96786,-42.2354,495.5492,108.78438,-42.192173,520.9148,112.99963,66.32605,492.0786,111.7675,68.93593,510.29944,125.521286,-20.119867,499.64304,125.141624,-19.894703,537.21954,159.4107,122.22854,470.50323,155.49283,111.23001,557.64954,205.26465,-47.53736,455.18954,197.28511,-32.22236,525.8214,164.40414,-238.88968,501.63437,155.17342,-181.92136,521.5686,153.89197,-278.14862,512.8802,143.35536,-217.28273,517.67773,149.33968,-258.88522,513.2912,141.23256,-198.11758,516.80005,153.15341,-235.07375,511.3519,146.99292,-176.09323,520.1642,274.54483,2.6220481,474.62457,272.12564,-2.5300415,542.78235,374.95963,-44.699093,455.3322,369.51065,-25.80873,559.6556,464.34308,86.245514,435.98868,460.64218,101.96485,555.371,476.92346,92.62909,436.61798,473.52347,106.76371,576.40924,489.59915,-38.831238,428.29843,489.02264,-20.330597
idle30.jpg,648.30194,167.46591,-344.46378,651.397,158.38245,-320.6042,654.4036,158.91884,-320.53848,657.53564,159.2987,-320.5177,640.65765,156.98824,-338.02203,636.10785,156.25891,-337.90768,631.57623,155.60405,-337.9329,654.19037,163.1458,-168.73917,619.0148,158.43796,-249.4461,650.17633,179.0854,-285.86615,637.1211,176.64261,-309.52405,669.52704,224.5926,-16.5044,582.60004,223.21439,-211.70511,688.2853,311.25076,79.77626,581.5637,319.23077,-202.48633,709.0034,386.92682,-25.131737,581.23193,404.4379,-300.61542,717.87787,408.65274,-41.812668,573.8771,427.3322,-334.3225,713.6128,412.34088,-84.957306,583.9042,429.9975,-369.7948,706.2976,405.4494,-42.535675,591.59595,421.43796,-314.6142,664.1914,376.30203,75.903275,617.7018,377.96103,-75.50464,650.42694,510.71252,95.8851,619.05554,505.97342,-100.11051,631.8714,609.4612,248.68517,617.6846,615.8894,37.26119,621.518,625.87787,256.93683,609.88007,631.36163,44.209114,656.62537,645.7712,133.60815,648.2541,662.41046,-105.04724
idle31.jpg,649.2386,166.6119,-364.73462,652.8586,158.10086,-339.94513,656.0717,159.18158,-339.88165,659.3778,160.11559,-339.85092,641.364,155.64584,-357.15845,636.5429,154.64429,-357.0694,631.71625,153.71689,-357.0606,654.85645,165.7631,-181.56268,617.4397,157.77438,-260.5563,650.2619,179.96974,-302.98108,636.28107,175.99832,-326.36722,668.59143,226.75952,-47.69924,574.9816,227.58496,-197.14388,684.34143,316.4217,32.21259,569.30597,323.2292,-182.29825,701.3358,391.2298,-86.30211,574.45,407.83038,-259.8708,708.9735,412.18433,-115.17381,568.0517,430.5594,-288.8173,703.1238,415.7925,-154.15842,578.60645,432.7563,-326.19183,696.4269,408.86456,-103.98439,585.689,424.02734,-274.00415,668.77496,379.5599,49.784275,617.98755,384.97562,-49.466347,654.04047,507.64734,62.409523,617.0558,510.40445,-71.766235,629.52704,601.943,234.31184,615.7094,614.7295,131.08232,618.4371,615.92065,245.75804,611.4015,627.36096,143.89014,644.4412,642.3156,121.51501,637.84753,661.9388,-3.838315
idle32.jpg,216.60844,71.06947,-193.25037,220.1587,65.77378,-183.60529,222.51614,65.7289,-183.65514,224.89526,65.6168,-183.65813,213.70859,66.06206,-182.14081,211.4016,66.08086,-182.10103,209.09242,66.14546,-182.11716,228.63342,69.730576,-122.0459,207.09877,70.06605,-116.23891,221.53535,77.26936,-170.07831,212.27042,77.560814,-168.20741,247.87106,103.052055,-66.032684,192.47942,106.21921,-75.78105,275.87283,131.27258,-21.998533,164.11227,134.30893,-40.24413,254.92557,159.65236,-47.78464,190.19968,165.99509,-56.344345,249.22978,168.50652,-61.285385,197.10938,170.86641,-68.90757,244.45256,163.87935,-70.830666,198.79813,163.58868,-76.98142,246.20471,160.75986,-51.014103,195.77095,162.18304,-58.945755,238.69975,181.76364,4.464099,207.47935,183.19217,-4.286069,237.10818,247.484,6.241275,214.64552,248.91068,-6.3505235,235.21236,304.64056,86.650696,220.11096,304.59207,74.80296,232.13036,311.60638,90.87044,221.51578,311.73993,78.38975,237.01114,325.3652,17.923956,220.2139,324.85693,5.319571
idle33.jpg,216.64648,71.21877,-195.36893,220.29985,65.89843,-185.69221,222.6813,65.86352,-185.73741,225.08339,65.7621,-185.73778,213.75851,66.161446,-184.25473,211.43555,66.170555,-184.2134,209.1099,66.22652,-184.22704,228.90106,69.85675,-123.25799,207.095,70.11404,-117.43396,221.59723,77.47878,-171.76389,212.31815,77.728294,-169.90742,247.99643,103.062744,-65.88024,192.38367,106.02834,-74.483635,275.4994,131.1857,-19.404955,164.92546,134.35388,-36.705425,255.02031,159.57266,-43.94074,190.22626,165.77367,-53.340477,249.47548,168.56172,-57.32348,197.04976,170.86903,-65.83821,244.61754,163.77982,-67.184326,198.82217,163.68874,-74.56907,246.3317,160.56364,-47.179787,195.882,162.11925,-56.153008,238.84811,181.92746,3.9761758,207.50392,183.22104,-3.8008935,236.4896,247.87933,5.1142035,214.454,248.86246,-6.471503,235.13373,304.94763,86.23978,220.13838,304.68607,75.18115,232.18448,311.88837,90.33055,221.63818,311.70435,78.67739,237.0395,325.69897,15.620508,220.63617,325.37415,4.5342555
idle34.jpg,216.52293,71.17533,-198.71408,220.17892,65.85495,-189.12978,222.55127,65.816895,-189.17186,224.94461,65.711006,-189.17091,213.68282,66.125336,-187.75471,211.38564,66.13849,-187.71414,209.08607,66.1984,-187.7314,228.8364,69.79224,-126.77129,207.19191,70.07317,-121.62612,221.52625,77.392456,-175.15073,212.27188,77.653076,-173.47252,248.11919,103.3042,-68.60068,192.46829,105.89227,-79.781555,275.87518,131.48798,-20.855892,164.72318,133.85686,-42.457302,255.0029,160.01956,-45.045155,190.41428,165.46944,-58.747585,249.36307,168.96577,-58.443497,197.47829,170.55899,-71.1949,244.4796,164.28322,-68.21946,199.04442,163.45396,-79.90521,246.28166,161.01036,-48.24769,196.00163,161.89787,-61.495926,238.86107,181.95245,5.922981,207.44409,183.26537,-5.759005,237.14708,247.88538,8.559639,214.65103,249.10901,-7.6281924,236.4885,304.63324,91.081924,219.93181,304.677,74.90949,233.66586,311.58167,95.4203,221.12126,311.61465,78.55909,238.61703,325.06635,21.897942,221.13089,325.10397,4.577253
idle35.jpg,557.27606,565.3515,-400.7034,571.2819,549.5877,-377.05594,579.56506,550.4905,-376.93497,588.16864,551.2696,-376.72842,548.5611,547.1722,-378.04034,540.49194,546.0062,-378.07663,532.4838,544.95245,-378.1887,600.7229,562.96655,-220.87936,524.05286,553.5499,-214.06914,571.6928,587.32166,-340.67892,542.23035,583.9336,-338.57156,644.41895,676.0023,-101.168144,463.6729,658.0099,-152.84439,662.4532,818.3436,-83.5989,427.47925,804.0934,-116.990654,680.5009,954.1394,-223.43239,407.22925,929.9896,-212.80629,696.3313,992.1193,-241.49965,392.31116,965.1173,-245.86472,685.60675,995.88763,-299.93658,409.69684,971.56323,-294.98334,671.87836,985.6699,-246.67065,424.98486,961.8624,-232.89061,586.3802,943.0841,9.910928,482.41245,934.75354,-9.912946,560.7501,1156.6804,-29.666168,496.27283,1150.4197,-17.29311,541.5865,1341.098,137.63202,521.36774,1326.973,234.57089,530.85474,1361.8174,144.12381,527.3738,1345.1597,249.90335,550.8203,1417.8911,-37.185734,533.3732,1409.0992,82.09971
idle36.jpg,216.75626,71.31128,-201.03876,220.48544,65.97849,-191.47447,222.87976,65.96656,-191.51288,225.29338,65.88701,-191.51207,213.921,66.19036,-190.2694,211.59407,66.18822,-190.2301,209.2653,66.23314,-190.24316,229.15141,70.04896,-129.12036,207.27351,70.15199,-124.52524,221.72653,77.64753,-177.38081,212.41882,77.833405,-175.87476,248.13142,103.386024,-70.662094,192.31508,105.93092,-81.135506,276.07452,131.46358,-21.476824,165.1879,134.32005,-40.78034,255.1837,159.87491,-42.55792,190.5455,165.49933,-53.7959,249.52637,168.81808,-55.407608,197.4935,170.54736,-65.306404,244.54288,164.06937,-64.94335,199.20422,163.61783,-74.31277,246.35803,160.82169,-45.55289,196.23213,162.0507,-56.44916,238.84926,182.01083,5.5184884,207.41608,183.27377,-5.366898,236.75597,247.89027,7.3056836,214.23137,248.91902,-7.5920167,235.61992,304.2904,89.22098,219.5494,304.4157,74.1279,232.71864,311.10938,93.42557,220.86601,311.25525,77.633995,237.77483,325.12817,20.231699,220.65169,325.34015,4.055313
idle37.jpg,553.2521,568.96545,-439.3846,567.79315,552.0877,-419.63568,576.01105,553.01697,-419.53113,584.57227,553.81757,-419.38065,545.6331,549.4545,-416.11313,537.6592,548.0475,-416.09232,529.75085,546.77856,-416.05368,597.3647,564.99207,-262.63135,522.14044,554.2799,-236.88776,567.65704,590.4779,-378.58972,538.3964,586.61865,-370.85913,644.9522,677.15283,-144.2436,456.6453,655.02106,-141.4133,678.09375,820.301,-130.51001,402.7456,793.2639,-93.16728,725.4295,948.0174,-272.036,346.9915,911.0876,-221.70384,749.0876,981.11847,-278.5688,323.5261,941.76373,-243.02261,744.9661,985.1638,-344.5439,331.36603,946.55817,-304.0066,728.7243,976.2117,-297.98712,349.35205,938.90875,-248.84839,578.7869,942.147,-5.0205894,473.4554,931.00604,5.277697,555.57806,1162.023,-78.98877,497.99573,1147.1559,-0.48539564,539.4056,1349.9833,47.280907,525.8099,1333.1738,217.36862,528.7318,1371.341,49.172142,532.4133,1353.9708,228.31065,550.9572,1430.6318,-142.07718,535.5691,1415.9316,45.832817
idle38.jpg,653.6343,195.13036,-261.95132,659.3082,180.9603,-239.45479,664.47296,180.24417,-239.44748,669.74677,179.46251,-239.35983,644.66736,182.73164,-239.35591,639.1126,183.14468,-239.19778,633.50134,183.63158,-239.17981,676.1927,185.18863,-101.40996,625.745,190.20677,-99.41771,664.0817,206.99213,-210.41658,644.4683,208.96742,-209.9949,712.58875,256.88022,-12.561731,591.45874,258.9885,-20.474499,749.382,337.02176,-41.386257,538.6346,331.79617,-97.001274,719.18896,365.42715,-279.2119,583.8054,356.10968,-332.74884,706.9471,378.9284,-336.25098,602.5748,370.6899,-394.6725,700.5567,364.93594,-348.86075,609.6772,352.62796,-398.43747,701.54004,361.66357,-288.72607,607.4942,348.60672,-339.37897,691.8428,443.37704,2.398264,621.1112,445.81094,-1.550685,687.4075,581.0363,4.4481983,625.7455,579.9488,-35.721855,685.1561,679.55774,229.42406,629.05115,684.191,195.10953,682.9898,691.068,244.08797,631.60657,695.87573,208.74911,684.0357,726.29553,113.41707,631.4321,735.1012,61.705414
idle39.jpg,530.66974,571.9304,-618.87933,541.8734,555.96655,-590.91315,549.51013,556.82477,-590.7543,557.3956,557.52356,-590.50085,519.7505,553.334,-600.91003,511.47977,551.9746,-600.9019,503.24973,550.75793,-601.01776,563.7984,567.0507,-383.33545,489.5236,557.36804,-425.13757,541.3263,592.64215,-537.67633,513.1309,589.00214,-549.8165,600.706,677.1308,-198.89365,422.05432,663.12115,-324.32864,616.67957,824.07935,-107.00069,394.31915,813.9939,-284.61108,636.1663,964.14514,-217.72914,377.9337,961.16547,-359.91522,649.74316,998.66846,-226.04274,363.73572,1000.91895,-386.1093,643.6851,1006.38965,-294.41022,380.35962,1008.3664,-442.4354,629.97363,997.43176,-244.85649,396.03116,995.9199,-381.00266,554.7758,949.97107,37.890015,449.68762,945.0169,-37.88303,536.24585,1167.6984,87.07124,462.1196,1158.9137,-29.52998,521.5164,1344.3525,340.084,478.6527,1333.7169,278.6401,511.01703,1364.6553,352.81354,484.2035,1351.735,297.10147,531.04126,1418.865,144.636,486.83383,1415.25,82.56005
idle4.jpg,504.75952,117.67616,-75.37964,510.34174,109.93392,-58.150436,513.2281,109.96633,-58.059868,516.18286,109.9456,-58.099247,501.36737,109.79977,-57.958683,498.43552,109.5766,-57.93236,495.48328,109.40791,-57.883404,520.4286,113.55104,50.06249,492.09464,112.455925,53.684353,510.09784,125.95649,-35.103664,499.63498,125.614555,-34.593315,537.0241,159.84087,110.981964,470.89987,156.47925,99.575966,557.9367,206.34184,-51.389637,456.4826,200.67245,-39.08518,526.43225,166.41394,-247.1398,502.07153,158.09566,-189.45056,522.03687,156.24214,-287.6091,512.91437,146.0142,-225.43729,518.14923,151.36249,-269.99875,513.3655,143.61575,-207.1517,517.4146,155.0529,-244.30573,511.54883,149.34528,-183.9998,520.63806,274.81552,1.2641842,475.61783,272.68143,-1.1817805,543.763,374.80637,-49.110073,456.11972,370.18753,-26.28886,560.1368,465.06473,77.309204,437.21338,461.6064,102.04193,555.6791,478.00305,83.01809,438.04218,474.53098,106.601845,577.7056,490.14175,-50.229153,429.18787,490.25293,-21.328568
idle40.jpg,656.34467,187.10817,-325.24673,662.17017,172.93843,-302.62128,667.55,172.40254,-302.75623,673.02155,171.77147,-302.70468,647.4183,174.00662,-301.47565,641.691,174.1181,-301.2762,635.9162,174.31734,-301.289,679.0839,177.93008,-163.94228,628.1001,180.82211,-157.99423,666.7705,199.18166,-273.39313,645.7241,200.4838,-271.61746,716.9038,250.25821,-51.639397,593.8843,253.25725,-96.66012,756.0851,326.29575,-3.0104618,539.9023,326.57782,-109.69841,722.92053,383.6481,-153.40996,588.9313,381.08963,-253.20013,713.7583,401.65363,-198.20222,605.20325,397.70367,-305.50253,706.275,392.53,-220.33661,611.4854,380.06238,-312.99258,706.27466,385.5512,-165.78117,608.01355,374.16525,-259.05637,696.67224,439.28867,7.184664,627.78143,440.70337,-6.2705526,683.88196,577.06287,-22.482487,631.4672,567.3494,-43.87461,681.57074,690.66547,178.34532,634.2698,671.47345,207.46588,680.0608,703.2619,191.99438,635.5945,683.93555,224.13019,676.1554,742.6266,49.356644,635.41754,721.8864,79.86548
idle41.jpg,654.4384,188.08888,-327.50317,659.93774,173.42284,-306.74487,665.26556,172.69812,-306.844,670.6924,171.8827,-306.80728,645.21326,174.93474,-305.18292,639.50476,175.144,-305.00894,633.7521,175.45284,-305.02985,676.199,177.07466,-175.03503,626.22034,181.28255,-167.82315,664.9029,199.3804,-277.37555,644.0742,201.22865,-274.9927,713.884,246.61685,-62.695374,592.8342,252.76016,-104.3851,759.3373,318.74783,7.813268,535.6507,317.49435,-44.99127,726.703,379.97333,-73.16651,588.5336,382.62137,-88.874115,717.1982,397.83228,-106.85515,603.2122,397.01062,-124.0102,710.82996,388.7096,-129.4938,609.36224,381.97137,-132.32257,711.9761,382.53442,-83.45302,605.29565,376.49442,-92.84856,695.81146,436.26416,18.104504,626.3716,438.49118,-17.390621,685.2451,578.92255,28.530512,629.1106,568.9841,-53.845512,683.5611,675.8481,268.15167,629.101,675.90625,183.29054,680.296,684.8769,286.40958,628.5607,687.74316,198.46774,679.0173,727.29486,154.79091,637.1408,729.31976,53.460484
idle42.jpg,523.7587,571.9808,-534.7065,535.74615,555.8224,-510.80368,543.3932,556.8523,-510.66263,551.29913,557.7653,-510.44162,514.45667,553.00037,-519.7819,506.4036,551.6374,-519.7813,498.3969,550.3926,-519.9016,558.0533,568.99817,-326.0096,485.73505,558.48584,-364.14456,534.6694,593.30084,-461.47525,506.05518,589.30426,-472.49197,594.5307,676.54004,-168.67395,419.87622,668.5206,-284.78192,609.00995,818.52594,-77.40037,405.7153,819.45374,-245.27985,610.87366,956.90955,-189.69955,410.4908,952.8008,-307.03232,618.2798,996.6309,-208.47589,403.73935,993.8838,-336.59137,607.91187,1000.58453,-266.23083,421.0595,994.7181,-381.8662,596.8844,987.66907,-212.32826,430.88916,979.86786,-323.24152,555.1069,945.42957,29.087547,453.605,943.2055,-28.920465,533.62396,1162.6418,47.19608,465.9837,1157.8806,-24.170343,518.62335,1344.8268,251.5277,480.38846,1336.9619,230.75407,508.16122,1364.9525,260.75262,484.88028,1355.1792,244.23517,528.62946,1420.9938,70.9773,489.49194,1420.4147,46.893734
idle43.jpg,656.0361,183.1159,-340.75137,661.2593,168.248,-319.64734,666.64197,167.54762,-319.76385,672.11395,166.73933,-319.70868,646.34924,169.73438,-319.86945,640.492,169.97356,-319.6886,634.6041,170.2883,-319.7195,677.39655,172.30695,-185.47198,626.2551,176.60115,-187.70386,666.53076,194.49901,-289.7502,645.0499,196.37152,-290.15082,713.1031,243.03136,-74.01944,593.7069,245.14095,-130.67072,762.5746,312.4455,-4.262294,528.83594,305.28342,-94.81036,730.72565,374.64413,-91.50737,579.8348,376.7469,-155.5671,721.6145,393.12726,-124.16119,594.1933,391.9402,-192.23102,714.16675,384.27112,-145.1883,600.9638,377.239,-200.6156,715.32587,378.03287,-100.88533,596.3706,372.52493,-159.23438,693.18713,430.56982,23.795914,625.4264,431.21317,-23.02596,685.60034,571.90356,13.861181,627.4187,560.05646,-71.551704,687.9468,677.7502,214.79611,628.5288,671.60706,141.44397,685.0519,687.9492,228.47534,627.0806,684.9085,154.4211,684.34924,731.1099,85.56065,635.3844,723.0101,5.1701603
idle44.jpg,688.721,152.43947,-291.55698,695.2456,140.00632,-270.19186,699.8887,139.8934,-270.126,704.6605,139.70126,-270.06967,680.60156,140.08647,-272.00803,675.5468,139.93698,-271.77957,670.46265,139.85959,-271.75516,709.9303,144.82794,-114.33894,662.4629,144.69737,-121.816025,696.9476,165.18105,-231.41724,679.20294,165.16432,-233.94107,744.3206,218.97325,7.0723176,624.7484,214.90395,-3.7050989,769.485,297.60135,-11.487346,581.6488,298.01736,-85.16585,748.47986,328.71793,-300.36035,628.1506,313.18533,-359.96307,742.7803,345.0575,-374.7049,643.05756,323.70184,-428.88425,732.31006,333.3193,-396.85126,652.27484,310.4959,-436.63388,731.8602,327.8164,-315.7645,649.7711,307.44443,-367.52234,725.1288,398.1361,-2.2990267,655.73615,398.0879,2.6773775,722.19006,534.60693,-58.00451,659.4889,533.4944,-33.790188,716.93536,656.2987,135.96678,664.26917,645.1687,212.17545,714.00146,669.8213,145.04129,669.4036,657.91547,225.0646,711.42834,706.9317,-28.308014,660.5138,696.4344,53.077908
idle45.jpg,690.46204,152.15044,-284.31088,696.33734,139.6957,-262.67358,700.8606,139.4369,-262.6345,705.5105,139.10425,-262.59985,681.8464,140.17397,-264.9212,676.7823,140.1634,-264.68854,671.6886,140.2214,-264.65872,710.17786,143.96272,-109.03836,663.2267,145.15063,-118.715324,698.4817,164.5565,-225.24023,680.9894,165.03304,-228.43433,744.0936,216.82903,9.984754,625.91516,214.86938,-3.163022,768.57104,295.71637,-4.5572333,584.5043,297.51376,-73.59808,747.6694,329.9052,-289.1673,630.8367,316.23608,-337.96445,742.76404,346.7937,-362.5324,645.6827,328.04776,-404.8627,731.97327,336.0333,-384.96353,654.4611,314.62534,-415.24753,731.3782,330.15036,-304.5181,651.8332,310.87125,-346.2616,725.01575,395.84637,0.6000652,655.39734,396.4856,-0.17302467,720.97784,531.6596,-44.395824,657.3349,533.3617,-46.767635,715.47943,651.1918,151.20093,660.5616,649.0505,178.25768,712.1009,664.31976,160.40137,664.85443,662.1811,188.93028,711.04333,701.4661,-7.2382708,658.8223,700.5667,16.801424
idle46.jpg,690.2658,148.90363,-303.6052,697.1062,137.31415,-280.92133,701.748,137.3117,-280.8861,706.5191,137.23035,-280.84885,682.5341,137.2219,-283.0998,677.52716,137.07347,-282.88046,672.4805,136.99529,-282.88525,711.9996,143.20526,-124.79927,664.61237,142.50946,-134.8811,698.5114,162.13022,-243.99414,680.7501,161.91118,-247.25232,746.5039,217.41916,-4.2406726,625.5797,214.30408,-23.492275,770.9696,296.07382,-15.014052,584.2633,297.20456,-79.585976,748.3155,331.96347,-309.24997,631.0273,322.16595,-330.02774,742.98486,350.24057,-385.56207,645.80676,335.99097,-396.8256,731.8534,339.16483,-410.12396,654.3279,322.90274,-409.82385,731.29584,332.82623,-325.99792,651.6033,318.00018,-339.12054,728.0864,398.75797,7.270825,656.89276,399.3014,-6.916379,724.50287,537.6237,-21.408808,659.64044,538.02045,-42.60023,714.1096,655.106,191.44739,662.0344,651.50073,197.1277,707.78674,668.54895,202.3935,665.5436,664.41345,209.16025,715.70825,704.9995,35.22779,662.9943,702.8438,33.668514
idle47.jpg,522.678,469.64993,-767.5842,533.43256,454.35596,-737.981,540.80493,454.7302,-737.92944,548.3867,454.99008,-737.6318,513.2357,453.58597,-742.77313,505.83508,453.08875,-742.70544,498.41296,452.70822,-742.71027,558.7109,466.497,-527.38855,490.04913,462.87286,-540.762,536.33405,489.238,-686.71173,509.3556,487.95343,-690.84375,598.9192,574.6958,-331.78055,434.85083,560.76984,-431.73523,601.24084,708.14087,-240.69244,416.31003,699.3572,-402.2688,597.04596,831.8259,-399.4827,415.01428,819.31055,-485.16977,604.45197,867.5943,-434.41302,408.82748,855.10767,-519.5174,595.06305,872.56036,-504.4067,419.05237,859.18463,-580.5984,584.776,861.16425,-428.29,428.99167,847.5655,-509.09976,551.2538,813.7212,19.249748,455.3512,805.5987,-19.091322,527.4572,1007.0652,38.849045,468.80545,999.0063,0.65940917,517.86255,1169.4237,289.19,480.18393,1162.4188,295.3699,513.17,1186.8081,299.341,486.4328,1181.2985,309.9386,510.53864,1236.9702,50.029972,477.56512,1234.1842,62.306847
idle48.jpg,521.77716,470.89096,-611.0035,532.3415,456.4418,-585.94836,539.8217,456.33667,-585.81415,547.5735,456.11075,-585.5506,511.8575,457.33655,-586.51294,504.51663,457.55283,-586.43604,497.2111,457.90347,-586.43256,560.0406,468.61142,-408.94666,490.91843,470.04205,-407.31454,537.6421,490.2906,-544.55286,510.20624,490.96585,-543.9457,603.48883,578.4454,-251.50061,443.46857,568.6061,-317.19742,610.9816,708.3811,-171.81914,420.0985,695.8968,-284.7719,605.68054,834.5029,-275.77408,406.68906,813.2259,-388.27924,613.05835,869.46423,-288.0277,395.9389,848.37024,-420.6197,601.8942,875.71313,-348.1868,408.77066,852.4133,-469.7443,592.5373,864.1702,-296.83945,420.7911,840.5838,-408.63333,546.7134,813.58276,26.559155,453.30243,806.1378,-26.281107,520.33044,999.73926,49.089554,465.4732,995.76324,-32.977425,511.31906,1161.0122,242.97672,472.66663,1164.8634,182.48419,504.84564,1178.8867,250.11824,477.47855,1183.7002,189.90071,513.8213,1228.215,38.65216,474.95755,1237.9219,-33.787006
idle49.jpg,519.3668,474.83487,-610.8313,530.30634,459.94662,-582.705,537.9358,460.1523,-582.6275,545.819,460.2332,-582.3834,509.65714,459.7455,-584.4755,502.08603,459.47272,-584.4064,494.50955,459.33282,-584.5104,557.8721,472.57306,-395.2189,487.05847,470.61673,-399.70218,534.79016,494.41248,-540.1463,506.5758,493.73245,-541.2101,602.9432,580.53265,-242.87,436.11786,568.6314,-309.16013,610.79266,712.3311,-146.84216,420.56534,704.2162,-273.771,606.85443,838.8012,-248.39153,412.5042,825.0912,-368.08444,613.78723,874.2319,-260.87903,406.1394,862.66565,-396.14612,606.7719,881.98016,-324.78885,415.19925,864.5503,-450.66418,596.3663,870.74005,-271.53534,425.177,852.27374,-389.90784,553.5502,826.5538,19.740984,456.78046,820.4582,-19.36248,525.89496,1009.5256,65.029816,471.39362,1009.009,18.08571,514.05634,1165.1566,324.00415,480.65872,1168.2985,305.80383,507.45203,1182.4154,337.75372,487.57867,1186.5518,320.4136,515.3635,1231.7299,121.37616,475.90176,1238.7401,94.083534
idle5.jpg,505.15527,118.32837,-71.505806,510.86145,110.4023,-54.161022,513.7653,110.44216,-54.075523,516.7392,110.43075,-54.113583,501.81088,110.19682,-53.947433,498.85828,109.9284,-53.9262,495.88492,109.71235,-53.88633,520.8771,113.82184,54.49988,492.3746,112.46064,57.932632,510.37097,126.53607,-31.148832,499.86035,126.09969,-30.669561,537.2042,159.51993,114.23182,470.60046,156.30952,103.29045,557.929,206.34088,-50.894184,455.6018,200.95276,-37.69535,525.82544,166.70811,-245.83302,500.5908,158.30867,-192.70839,521.1613,156.5074,-285.91113,511.55072,146.2449,-229.2918,517.3452,151.73216,-267.85718,511.90082,143.58766,-210.8608,516.7406,155.4569,-242.6255,510.11725,149.34453,-187.31265,520.8165,274.24353,2.5189252,475.49704,272.15308,-2.4285069,543.49475,374.8143,-46.08773,456.26834,370.3809,-28.541193,559.9751,464.0253,85.435196,436.95374,461.92657,97.273445,555.9532,476.2177,91.75305,437.3486,474.66824,101.802826,575.1156,490.12744,-40.967983,430.0938,490.79376,-26.867558
idle50.jpg,518.38043,475.69888,-615.4603,529.583,461.33823,-590.7725,537.2444,461.45532,-590.6776,545.1329,461.46066,-590.43787,509.61148,461.75836,-588.4782,502.32617,461.77197,-588.40265,495.05832,461.91113,-588.4127,558.5438,474.79764,-422.0042,490.13153,474.56543,-406.35004,534.8966,495.4949,-552.3032,507.10013,495.47916,-547.88763,601.02454,584.1588,-275.93216,444.84995,571.2884,-316.49832,603.7534,715.20166,-197.90744,422.6032,699.75037,-277.36908,596.77264,835.29346,-294.72824,411.79788,809.00134,-378.97403,603.1097,869.71045,-307.1313,403.8562,842.0393,-410.9375,594.08093,874.2771,-363.5204,413.08676,844.3452,-457.90042,585.3557,862.8925,-313.71002,423.45932,832.72455,-398.87085,542.2026,812.38184,17.55258,451.88312,801.2376,-17.2631,513.2388,1001.1012,29.57152,466.7595,989.839,-16.062098,506.75024,1163.795,209.93407,483.07007,1161.5371,183.33699,501.6575,1182.4568,215.85255,490.2653,1182.7639,190.93338,507.13464,1231.629,10.25707,476.27692,1232.7997,-15.036031
idle51.jpg,519.4573,483.13727,-506.65158,531.32117,468.05643,-485.8427,539.16907,468.42096,-485.69025,547.2926,468.69482,-485.43295,510.913,467.72287,-485.6798,503.40323,467.4441,-485.63553,495.95148,467.28326,-485.66064,559.38293,482.1628,-333.85178,489.49442,479.09668,-327.76248,534.9589,503.21725,-448.8765,506.29993,502.17133,-447.21338,595.6979,587.1889,-199.36255,442.2582,574.4965,-262.35544,597.6566,715.1854,-133.11592,424.44016,703.7234,-226.92166,594.9583,831.6695,-238.1329,418.82907,815.6019,-309.24188,602.58386,867.02747,-245.64406,412.1391,850.16785,-335.56226,594.71027,870.677,-298.856,422.32834,852.169,-377.1798,585.34283,859.257,-256.81274,431.8475,840.5206,-325.5952,541.6115,815.5858,19.120031,451.62753,805.97986,-18.837488,517.50543,1009.79785,-21.414587,470.21738,994.9242,-35.570015,503.58,1184.673,92.6017,483.47662,1170.8768,110.50732,496.8519,1204.3861,93.304054,488.20508,1193.2458,113.51564,502.9987,1254.3607,-93.95599,484.84875,1240.9413,-74.45558
idle52.jpg,522.11487,479.28278,-585.6595,534.1047,464.75766,-563.4077,541.7531,465.3048,-563.3213,549.6499,465.75888,-563.042,514.11334,463.95795,-564.7279,506.76093,463.48825,-564.6952,499.45053,463.13574,-564.7031,561.10455,479.1209,-398.357,492.558,474.625,-399.12646,536.6805,499.54422,-522.8095,508.70706,497.90015,-523.1255,595.26276,582.7612,-244.08736,440.60052,569.8797,-328.84833,598.19025,711.48334,-166.567,420.54135,701.77954,-307.55453,592.3719,831.70215,-269.77844,413.212,813.81104,-390.90485,598.7939,866.7916,-279.9143,405.3672,847.50903,-423.02066,590.1963,871.66516,-337.2238,416.46164,849.8891,-466.00858,581.0582,860.73517,-290.16135,426.07214,838.8604,-408.01602,535.1686,812.6813,23.694668,444.3246,802.3125,-23.457216,507.86636,1005.577,6.1963186,460.35712,993.7675,-35.90494,495.70337,1178.8102,130.54391,476.52,1166.9774,127.243355,489.39136,1199.194,131.23283,480.61194,1187.8265,132.13513,496.4499,1245.8608,-63.60023,480.85013,1238.5928,-61.71469
idle53.jpg,522.06085,486.63174,-686.19476,533.80756,470.43277,-662.0625,541.5437,470.7839,-662.0026,549.5237,471.02863,-661.7671,513.31,469.7899,-661.9012,505.69586,469.24854,-661.7973,498.10483,468.84485,-661.8094,561.4396,482.71487,-481.42868,490.86084,478.7614,-473.14236,537.14557,506.10602,-616.9218,508.8723,504.64194,-614.49963,601.20966,588.5398,-319.18768,439.44614,574.87573,-358.29996,606.48395,718.99414,-229.45338,415.2809,708.57184,-302.86212,599.7589,841.2289,-337.57928,405.61575,825.66754,-395.37027,606.0068,877.15985,-359.76425,397.95688,862.68964,-425.29218,594.8499,879.79663,-416.74673,409.71204,863.306,-480.97455,585.3827,867.3269,-358.7651,420.27347,851.38385,-417.321,543.9448,822.7442,6.813255,451.4185,813.78644,-6.6268063,519.5654,1009.91223,23.699192,464.80313,1002.1271,41.564957,504.73663,1172.8091,236.71077,472.58698,1161.3605,312.37625,497.66617,1190.9763,245.61707,477.69864,1181.1069,326.75226,506.30576,1242.5967,24.848698,468.9364,1232.0502,110.30617
idle54.jpg,528.97986,488.23026,-631.5123,542.751,473.74246,-605.77264,550.25854,474.70703,-605.60126,558.02167,475.55524,-605.41736,522.45795,471.2611,-602.4423,515.2701,469.98767,-602.3153,508.07867,468.85345,-602.3478,570.35864,487.59772,-407.3486,501.467,477.5367,-391.466,542.8134,508.07294,-556.2765,515.6117,504.23297,-551.6108,603.9437,593.95135,-231.24704,449.68497,566.0174,-240.54514,602.2968,724.1552,-130.88525,396.26324,684.23,-230.29327,595.33215,845.79846,-235.07603,337.4008,761.3053,-457.38336,602.8706,880.5319,-246.57222,316.59564,782.74536,-500.87634,595.5833,886.77295,-309.08386,318.07346,782.758,-560.19806,586.8355,874.66504,-257.2221,333.50613,778.0948,-486.27176,540.6031,822.2017,19.668354,449.85638,807.5699,-19.22174,513.4911,1012.93445,3.9231317,467.47556,999.9327,-12.822632,496.43286,1175.1133,275.3355,480.09775,1164.0427,303.65216,488.05618,1191.1631,289.85007,484.89343,1182.4801,321.23517,495.18948,1247.1779,53.607822,481.72235,1236.1387,88.35233
idle55.jpg,534.2838,488.08673,-709.5282,547.08307,473.1769,-683.964,554.3198,473.59525,-683.8678,561.8449,473.8633,-683.68066,526.98474,472.1593,-680.66656,519.97,471.46426,-680.52057,512.9162,470.9302,-680.5126,575.4794,484.82404,-488.07263,507.55118,479.63382,-467.74838,549.00226,507.5924,-635.49664,522.90784,505.7214,-629.2784,613.7403,595.37177,-318.8579,451.01077,565.2459,-294.5657,603.32056,726.06104,-248.84488,366.46585,661.8053,-263.58847,592.74506,849.88104,-371.619,269.9829,726.22076,-451.7594,600.646,882.5868,-395.0097,237.43489,739.9954,-488.31702,592.34393,887.9089,-461.51123,240.1408,740.6366,-557.8937,583.57153,877.06665,-396.7967,258.89175,741.2119,-485.13425,538.86237,829.97595,4.759501,443.9843,816.33405,-4.5372696,509.73257,1021.2022,6.3511004,457.50354,1012.8684,63.126358,492.7601,1181.5251,275.14337,470.78635,1173.989,402.75485,483.13232,1199.5026,288.97382,477.86313,1192.4553,422.76617,499.84644,1253.1868,58.20374,466.63965,1245.6938,192.85564
idle56.jpg,531.80994,485.09674,-561.0159,545.52765,470.5567,-537.5066,552.73114,470.93594,-537.40436,560.2151,471.15585,-537.31494,526.0906,469.90216,-531.9841,519.3819,469.35315,-531.88446,512.6318,468.93375,-531.92706,575.5489,482.82825,-357.7776,509.8644,478.5931,-338.27887,547.6249,504.91333,-493.76224,521.8117,503.25204,-487.9287,610.03046,597.64825,-221.08449,459.42896,551.3015,-206.86449,599.8097,728.9858,-167.1825,343.71655,605.4457,-279.3103,589.70966,852.61,-268.16077,230.42726,635.89545,-566.8993,599.66406,885.9651,-285.06024,187.31702,642.7497,-627.3342,586.59033,889.8359,-347.96762,204.70895,642.2128,-677.88513,578.64624,878.7835,-291.064,223.689,647.2728,-596.91595,531.78876,825.85156,20.513687,442.4366,807.08813,-20.128042,503.46277,1021.08856,5.2660365,457.66788,1004.1802,-46.855785,496.2518,1191.4401,225.42084,475.14957,1181.2827,210.06433,488.6152,1212.5885,234.41908,482.59976,1202.0999,221.12329,506.23615,1261.3107,5.5765047,475.81393,1253.0723,-15.73718
idle57.jpg,531.9154,489.33405,-530.3074,545.97504,474.3177,-509.7039,553.25366,475.31827,-509.64725,560.8485,476.16788,-509.56952,526.6438,471.75342,-511.49844,519.42255,470.29187,-511.38892,512.19446,468.9629,-511.49005,572.6158,487.54257,-332.70142,505.3781,476.5609,-346.9651,544.9935,509.27615,-462.23874,518.0889,504.94092,-466.2243,601.20013,593.5421,-204.87381,450.28592,543.2075,-239.46178,595.87854,722.8621,-148.03316,323.3013,560.72363,-365.4528,591.42633,847.9388,-228.0899,204.2844,544.2919,-629.7859,601.9986,883.85736,-233.64806,159.69583,536.936,-682.61847,591.79517,887.02795,-292.3185,175.34424,530.7312,-717.01355,582.5069,875.4745,-249.51236,190.66547,540.40845,-654.33453,538.2935,830.5755,33.62076,447.7261,815.5312,-33.003185,508.97806,1015.2934,34.11405,456.92673,1012.4443,-4.335567,495.96118,1178.4116,214.05945,473.90485,1175.8971,257.20798,487.16052,1201.8256,220.8438,479.60876,1196.3358,271.66367,511.43848,1243.2441,37.27457,479.15674,1246.0317,79.62078
idle58.jpg,533.4448,495.98013,-560.42096,546.6964,479.81177,-539.58636,553.98505,480.4414,-539.6231,561.62695,480.92206,-539.54047,527.1957,478.2054,-541.1118,519.90485,477.10004,-541.01184,512.63544,476.1576,-541.24194,573.8015,491.5528,-366.78363,506.03522,483.6468,-371.38586,547.07336,514.5844,-493.4181,519.8898,511.53305,-494.46118,604.6301,598.0923,-239.18338,455.08447,540.829,-239.64027,593.7883,727.98114,-157.45932,322.2943,518.30334,-340.78452,582.178,851.6352,-198.33951,205.10866,459.56674,-553.69226,586.9808,888.3279,-199.78302,163.6746,439.55664,-595.97363,586.3634,889.9276,-257.19638,177.58275,431.77036,-631.66315,579.21155,877.72363,-219.16862,189.86885,444.6018,-580.2608,538.1622,835.79456,18.745968,448.25146,819.70416,-18.027708,500.27777,1024.2231,-6.9697385,453.08832,1014.77625,80.02498,487.93314,1195.3323,140.15149,466.03226,1173.7465,402.2361,479.3998,1220.9508,142.73755,470.91757,1192.7401,423.1372,505.52707,1255.0494,-51.23153,473.9212,1239.158,240.21942
idle59.jpg,525.01514,487.3299,-565.45245,538.98175,473.16138,-543.61523,546.1624,474.0869,-543.6105,553.6711,474.89658,-543.61926,520.3645,471.55096,-540.87006,513.46484,470.69482,-540.75726,506.5605,470.0146,-541.1299,566.62354,489.48395,-382.04584,502.01642,481.31195,-363.55923,539.2648,507.74506,-503.76965,512.284,504.59125,-498.21872,595.69714,599.3218,-252.67525,454.49512,545.2953,-235.43988,589.6258,726.81586,-167.06264,321.89792,496.79712,-323.4683,577.819,847.8505,-203.4678,227.0847,408.9998,-476.16785,579.6341,883.60443,-206.00107,194.6127,380.0112,-512.8519,579.77716,882.57104,-259.64597,207.80408,373.2375,-540.7457,573.8849,869.8422,-224.10194,217.44466,388.16562,-499.82098,531.5646,831.0889,9.790393,446.76694,817.21356,-9.10778,496.5177,1019.8145,34.99885,452.19577,1005.5161,72.86876,486.9474,1182.7478,260.34103,464.30945,1168.812,384.71036,480.56458,1204.9113,269.4166,470.89117,1186.36,402.48907,500.3904,1243.1124,66.90918,468.5095,1235.3907,206.00026
idle6.jpg,686.1223,171.77673,-549.61127,693.57965,159.78326,-532.0538,698.57,159.6764,-531.98627,703.69214,159.44415,-531.77374,678.99255,159.90285,-534.92236,673.76086,159.76636,-534.8156,668.5373,159.71683,-534.77313,710.48706,165.07549,-387.6994,662.33514,165.08226,-396.7948,695.191,184.42331,-493.33286,677.0133,184.23409,-495.59503,745.0238,234.036,-252.65428,630.0342,231.91975,-287.32794,755.91833,323.48062,-185.67215,618.86487,324.8222,-246.9559,762.59143,408.96762,-286.3843,618.72675,413.27628,-329.45834,770.5755,432.12357,-320.00122,613.09607,438.87247,-353.29327,761.5348,434.28976,-365.76544,621.92194,443.33786,-401.56537,754.4507,426.40308,-307.1741,631.3255,433.71732,-348.3447,724.6106,395.14725,16.314144,657.8565,391.10443,-16.5563,709.24744,526.41534,64.52953,620.76086,518.41455,-16.946936,689.5798,627.8262,246.40182,583.53534,626.15247,161.95322,680.85486,642.06256,255.56546,587.46643,643.5373,171.81769,695.7409,673.51306,111.16916,547.2019,670.5038,17.35018
idle60.jpg,528.55786,496.84192,-497.48907,541.1345,480.21985,-474.2934,548.6667,480.81418,-474.22607,556.5449,481.31973,-474.29416,521.38635,479.2644,-471.99802,513.68036,478.4642,-471.85724,505.99768,477.9149,-472.1316,568.4003,494.33585,-311.64993,498.47318,487.98633,-289.95456,542.8616,516.8999,-435.34735,514.1699,514.4886,-428.58066,597.86456,609.0437,-214.25912,452.94046,552.83856,-173.12122,590.28925,738.9592,-140.14392,344.20135,488.09732,-288.88913,572.6664,854.18,-149.33186,277.21542,377.80087,-458.8453,572.8363,888.4923,-133.32712,254.9666,342.39108,-492.81354,569.9625,887.8493,-175.91013,268.0786,336.5315,-505.14917,563.36743,874.6889,-161.79991,276.22513,353.28717,-476.75302,527.2627,852.11774,-12.362706,442.6302,839.3999,13.150803,495.47604,1030.082,16.781185,447.58957,1023.6107,202.5033,494.6547,1171.1511,263.12473,460.8803,1162.949,634.4589,490.76166,1188.4984,276.84055,469.63074,1175.6044,667.9268,498.71646,1240.1449,92.03408,458.16226,1238.846,494.7477
idle61.jpg,527.5105,492.652,-431.43857,536.9565,478.0098,-406.8072,543.675,477.99545,-406.68536,550.8119,477.94067,-406.6536,518.7984,478.92523,-404.6003,511.80005,479.0009,-404.4545,504.84103,479.28757,-404.71997,562.2006,490.67184,-256.68246,498.18146,490.86456,-233.07495,541.9372,511.3555,-375.61215,515.7277,511.48883,-368.01834,596.4108,608.09564,-177.94255,457.4128,553.1448,-135.46696,593.2461,733.6417,-176.17944,374.78165,472.10275,-191.28902,578.1466,847.9363,-325.98026,317.80566,356.57803,-331.98245,578.82983,885.9762,-347.8593,298.47025,321.10858,-368.24622,572.1743,882.3594,-398.11606,309.7033,315.22687,-389.2766,566.13556,867.4081,-346.3406,315.41684,330.0408,-352.9772,527.025,838.8349,-10.102057,442.04175,825.38995,10.882044,502.70096,1019.44727,-31.999071,446.49496,1005.9558,133.96822,486.96463,1175.9213,152.4223,459.746,1147.4641,525.5977,478.78903,1193.5735,160.2708,466.18054,1159.0002,555.99023,495.07428,1245.2579,-17.814825,465.82202,1222.6534,403.52728
idle62.jpg,518.75995,489.4591,-536.9598,528.4121,472.43735,-516.6488,535.57715,472.3999,-516.57404,543.14233,472.33975,-516.6059,509.49454,473.4648,-511.1924,501.87262,473.435,-510.88712,494.305,473.67422,-511.1452,554.094,485.60846,-375.4782,486.5254,486.2626,-329.25354,533.6634,509.6351,-483.54465,505.69183,509.9537,-469.03284,590.6805,611.2555,-301.4337,448.12048,557.6459,-213.06003,593.8906,741.39777,-284.73584,379.67712,462.61615,-252.90298,570.4145,853.67566,-422.11932,336.59784,319.00812,-367.50372,567.1297,888.7627,-455.3861,324.63388,274.23438,-404.068,560.7519,882.1334,-496.17578,331.10693,266.43878,-424.11487,555.2268,867.50116,-439.67136,335.97217,283.06516,-389.67813,521.2301,858.3726,-40.258656,436.9518,847.98676,41.191826,500.0199,1032.1909,-33.585564,444.25104,1023.96106,245.62688,486.70752,1176.4789,206.07239,462.88815,1168.0973,668.2321,482.31488,1193.3986,218.89297,470.09525,1181.6669,700.4053,486.25555,1247.7842,31.548758,465.23386,1244.5928,537.1309
idle63.jpg,513.3749,496.0571,-499.04214,521.7609,480.30933,-479.39056,528.4047,479.869,-479.24966,535.42163,479.37842,-479.21527,504.0023,482.4383,-471.1336,497.101,482.9463,-470.81033,490.26523,483.6814,-470.99625,547.7354,490.95245,-351.87637,485.2251,495.68835,-296.14722,529.2037,513.7241,-451.4532,503.30295,515.66675,-434.57095,580.83276,608.3085,-297.72757,454.00604,555.7765,-176.43338,581.6249,731.13165,-334.0573,390.03662,451.63766,-184.90276,565.9092,843.89453,-521.5671,354.7392,321.7541,-283.7086,568.5605,880.50323,-564.0164,346.0154,284.03796,-315.72574,556.63904,875.3956,-602.5771,352.5508,276.82324,-343.77197,550.0324,860.0825,-538.5552,354.97116,291.1645,-306.87708,506.83777,841.57806,-41.531036,427.35138,830.3074,42.304268,497.56097,1019.95123,-62.823177,433.60638,1006.3892,144.29462,495.6298,1177.448,100.5116,450.61615,1167.882,411.9874,492.27338,1197.584,103.93361,457.54684,1185.7828,425.7382,495.47156,1242.5222,-96.901024,455.42386,1236.5352,241.67276
idle64.jpg,527.0165,504.01303,-411.43204,533.8771,488.26047,-391.332,540.448,488.09085,-391.16147,547.46155,487.90768,-391.26788,515.7073,489.1894,-389.86066,508.02502,489.0794,-389.71158,500.3543,489.28958,-390.0662,554.08673,500.07437,-256.36975,489.36844,500.8034,-231.36613,539.09546,523.3963,-359.88684,512.4575,523.78156,-351.52045,583.5128,617.64105,-215.78653,449.97717,567.4738,-148.3869,588.01013,735.9728,-251.49872,388.28323,451.0309,-219.75668,580.49347,843.32385,-395.60577,354.3049,311.87564,-343.54538,584.7886,875.9789,-434.43863,344.38675,271.2093,-388.4038,573.94556,874.64886,-475.29694,352.14218,264.4075,-402.16476,567.80273,862.1025,-416.1655,357.8296,280.88635,-363.5863,521.67694,876.2205,-36.711086,442.8501,868.9672,37.40558,494.45023,1048.8031,54.466286,440.8743,1037.7377,263.36578,492.8149,1198.6162,343.89844,431.95944,1183.7395,674.6185,492.32977,1213.1616,363.49393,437.38766,1198.6912,708.59033,478.49728,1272.741,175.58452,416.37674,1256.3059,543.03357
idle65.jpg,530.66974,571.9304,-618.87933,541.8734,555.96655,-590.91315,549.51013,556.82477,-590.7543,557.3956,557.52356,-590.50085,519.7505,553.334,-600.91003,511.47977,551.9746,-600.9019,503.24973,550.75793,-601.01776,563.7984,567.0507,-383.33545,489.5236,557.36804,-425.13757,541.3263,592.64215,-537.67633,513.1309,589.00214,-549.8165,600.706,677.1308,-198.89365,422.05432,663.12115,-324.32864,616.67957,824.07935,-107.00069,394.31915,813.9939,-284.61108,636.1663,964.14514,-217.72914,377.9337,961.16547,-359.91522,649.74316,998.66846,-226.04274,363.73572,1000.91895,-386.1093,643.6851,1006.38965,-294.41022,380.35962,1008.3664,-442.4354,629.97363,997.43176,-244.85649,396.03116,995.9199,-381.00266,554.7758,949.97107,37.890015,449.68762,945.0169,-37.88303,536.24585,1167.6984,87.07124,462.1196,1158.9137,-29.52998,521.5164,1344.3525,340.084,478.6527,1333.7169,278.6401,511.01703,1364.6553,352.81354,484.2035,1351.735,297.10147,531.04126,1418.865,144.636,486.83383,1415.25,82.56005
idle66.jpg,523.7587,571.9808,-534.7065,535.74615,555.8224,-510.80368,543.3932,556.8523,-510.66263,551.29913,557.7653,-510.44162,514.45667,553.00037,-519.7819,506.4036,551.6374,-519.7813,498.3969,550.3926,-519.9016,558.0533,568.99817,-326.0096,485.73505,558.48584,-364.14456,534.6694,593.30084,-461.47525,506.05518,589.30426,-472.49197,594.5307,676.54004,-168.67395,419.87622,668.5206,-284.78192,609.00995,818.52594,-77.40037,405.7153,819.45374,-245.27985,610.87366,956.90955,-189.69955,410.4908,952.8008,-307.03232,618.2798,996.6309,-208.47589,403.73935,993.8838,-336.59137,607.91187,1000.58453,-266.23083,421.0595,994.7181,-381.8662,596.8844,987.66907,-212.32826,430.88916,979.86786,-323.24152,555.1069,945.42957,29.087547,453.605,943.2055,-28.920465,533.62396,1162.6418,47.19608,465.9837,1157.8806,-24.170343,518.62335,1344.8268,251.5277,480.38846,1336.9619,230.75407,508.16122,1364.9525,260.75262,484.88028,1355.1792,244.23517,528.62946,1420.9938,70.9773,489.49194,1420.4147,46.893734
idle67.jpg,523.7587,571.9808,-534.7065,535.74615,555.8224,-510.80368,543.3932,556.8523,-510.66263,551.29913,557.7653,-510.44162,514.45667,553.00037,-519.7819,506.4036,551.6374,-519.7813,498.3969,550.3926,-519.9016,558.0533,568.99817,-326.0096,485.73505,558.48584,-364.14456,534.6694,593.30084,-461.47525,506.05518,589.30426,-472.49197,594.5307,676.54004,-168.67395,419.87622,668.5206,-284.78192,609.00995,818.52594,-77.40037,405.7153,819.45374,-245.27985,610.87366,956.90955,-189.69955,410.4908,952.8008,-307.03232,618.2798,996.6309,-208.47589,403.73935,993.8838,-336.59137,607.91187,1000.58453,-266.23083,421.0595,994.7181,-381.8662,596.8844,987.66907,-212.32826,430.88916,979.86786,-323.24152,555.1069,945.42957,29.087547,453.605,943.2055,-28.920465,533.62396,1162.6418,47.19608,465.9837,1157.8806,-24.170343,518.62335,1344.8268,251.5277,480.38846,1336.9619,230.75407,508.16122,1364.9525,260.75262,484.88028,1355.1792,244.23517,528.62946,1420.9938,70.9773,489.49194,1420.4147,46.893734
idle68.jpg,514.86395,524.0901,-731.4672,525.18854,509.26083,-701.5144,532.3174,509.8146,-701.44,539.6566,510.23615,-701.2109,505.55527,508.19183,-708.4345,498.20395,507.65762,-708.3082,490.83035,507.26544,-708.3618,548.2311,523.292,-487.80484,481.31406,518.7405,-513.2086,527.5155,544.47656,-648.3028,500.52716,542.7683,-655.88654,588.5631,629.6616,-274.59378,424.106,620.69226,-383.0988,613.07465,747.03235,-128.1898,398.88623,746.9115,-323.7588,629.2119,864.01715,-278.60413,389.70496,868.30194,-429.54407,639.766,896.9083,-310.72845,382.29825,903.0015,-467.16718,635.0223,904.1026,-386.54004,391.82535,908.97266,-535.2465,623.7032,894.5436,-311.18558,402.40878,896.80365,-457.66476,541.3445,872.58716,25.813023,445.24225,868.7837,-25.550617,521.89935,1060.7609,43.091175,458.39114,1063.5697,-7.1518617,511.73618,1217.8767,333.48502,471.63712,1222.0043,343.26044,506.19092,1235.0367,347.92343,479.62222,1239.8633,363.51242,509.9872,1287.2683,118.15821,461.5281,1294.7554,133.29156
idle69.jpg,516.4463,526.8077,-800.6225,525.7262,510.97836,-765.7174,532.54297,511.31287,-765.6352,539.5452,511.51114,-765.4332,506.1025,509.85742,-774.60986,498.75824,509.1553,-774.4118,491.3932,508.6093,-774.41626,545.35156,522.35284,-521.72125,479.9473,518.3145,-555.41046,527.49493,545.85516,-706.2561,501.14496,544.15686,-716.3644,579.2603,629.29095,-279.5205,422.94128,620.1034,-412.45282,621.72955,741.43475,-171.15141,398.01746,753.0442,-388.91574,670.4565,850.2432,-407.96112,383.22452,873.1156,-561.3129,690.2975,878.4386,-454.921,374.33627,906.42566,-619.3245,687.7815,885.7526,-540.48816,382.24472,912.4199,-686.9477,674.18115,878.9336,-447.98557,393.28232,901.22253,-591.9273,538.82367,868.18744,30.278479,447.459,864.0576,-30.02038,524.89044,1058.5255,43.753883,455.04752,1062.4291,-0.5564721,507.97302,1215.1525,398.1771,474.71387,1205.8392,441.72937,500.59656,1232.745,417.98056,481.4142,1221.2502,469.21985,509.92294,1280.6636,161.0472,475.5669,1275.9436,217.1547
idle7.jpg,689.47156,172.13351,-557.0078,696.61475,160.17024,-539.715,701.50684,160.17584,-539.6498,706.5323,160.05908,-539.4455,682.24554,159.95894,-543.50165,676.98926,159.69446,-543.376,671.7508,159.51894,-543.2682,712.5939,165.5218,-393.68628,664.7506,164.44014,-404.47034,697.69867,185.01942,-499.27295,679.87805,184.42516,-502.30164,746.70776,235.64612,-251.63481,629.26294,232.21727,-285.96494,757.7963,323.25323,-178.44464,615.96954,325.2091,-237.81557,761.9429,405.33966,-298.53085,616.3258,413.72388,-330.0097,768.9582,429.63464,-339.21634,609.81354,440.08276,-358.7917,758.9033,430.0636,-386.23865,621.1195,444.15402,-410.03693,752.2281,421.3206,-320.2204,630.5124,434.23758,-349.86426,724.01117,392.7538,6.9817095,655.97284,388.13376,-7.2130737,712.9794,524.2368,23.557064,618.93805,512.2783,-14.015301,695.63995,632.3675,192.8942,587.0612,620.2494,174.84454,687.31665,647.37396,201.08835,593.4507,639.72644,185.5557,699.0499,678.3219,52.927013,544.51855,660.9242,32.331764
idle70.jpg,515.48236,528.93115,-791.56274,523.9031,513.4773,-760.4484,530.36554,513.99084,-760.3077,537.0477,514.3412,-760.0708,505.3594,512.02765,-766.1629,498.18317,511.20792,-765.9624,491.0118,510.54407,-765.9028,541.5264,524.9378,-536.9504,479.07996,520.037,-554.03955,525.59247,548.01166,-704.461,499.7478,545.73145,-709.5093,581.707,626.97705,-330.59787,419.41165,621.9195,-403.23462,660.52313,727.22144,-251.3471,391.11975,752.4996,-352.42462,732.465,826.93634,-459.8666,374.2488,876.011,-516.852,758.1087,852.9742,-504.14548,364.82492,911.4084,-567.6738,748.3098,859.77216,-579.0586,375.4833,918.27765,-634.0341,732.8568,854.4271,-493.88495,386.6644,906.27606,-546.9109,537.49164,875.189,9.191587,446.002,871.8558,-8.954667,521.88605,1062.5684,27.265802,457.82745,1063.5085,88.69502,509.3312,1216.1962,341.3732,469.69492,1207.0652,527.4005,502.784,1232.4526,358.56744,476.93176,1223.2045,555.77124,509.6331,1286.7645,116.623886,462.6526,1279.5281,323.55573
idle71.jpg,508.05225,526.5661,-540.0701,517.25275,512.6289,-509.1775,524.2491,512.8944,-508.99756,531.4965,513.00684,-508.88226,497.71057,512.40234,-510.5039,490.3371,512.1851,-510.31567,482.97574,512.1263,-510.30966,539.68616,525.6965,-313.3048,472.96472,524.2668,-309.0688,521.3823,545.7826,-465.81967,493.74103,545.2121,-464.44467,583.3649,618.1865,-170.88625,422.68994,626.74664,-194.39296,691.3625,685.62537,-150.91507,399.91364,752.32446,-148.8193,786.98663,756.7104,-356.26373,379.60913,863.5749,-296.26636,819.8399,776.22015,-392.41675,368.66434,896.1134,-330.30206,808.84595,779.85394,-457.00043,377.67822,897.9241,-394.7136,792.8911,779.66846,-386.8179,389.3367,889.8084,-326.0476,531.9997,875.2075,-5.9760003,439.65457,873.2819,6.5231977,518.18555,1060.0562,9.103797,458.2724,1058.5156,37.81565,516.5488,1214.5428,299.19165,472.29825,1213.8607,354.12384,512.34534,1227.822,314.44116,479.50983,1229.2474,370.85263,510.95804,1292.6697,84.75431,467.88492,1291.0627,148.15817
idle72.jpg,506.9671,526.38293,-607.45044,515.30615,511.91895,-572.4383,522.0437,511.98178,-572.09607,529.0709,511.90823,-571.879,496.4177,512.2952,-576.9172,489.21646,512.2615,-576.7829,482.00525,512.4428,-576.85,536.67865,524.1845,-347.5174,471.99948,524.5871,-351.73737,520.07764,544.6383,-522.04016,493.27728,544.7809,-522.7395,580.93225,607.99945,-178.14864,420.1942,628.88947,-231.64468,701.7516,628.44806,-212.37744,396.33417,755.9881,-179.3141,811.97095,670.02136,-535.7645,373.45282,864.6481,-326.97568,850.9227,684.9421,-591.1841,363.48203,897.20557,-356.24466,839.7758,688.02875,-662.4039,370.4419,899.284,-432.42517,822.6494,690.9585,-573.5561,382.82385,890.82306,-360.64795,528.9597,878.26996,4.353361,436.62808,876.2148,-3.9268086,506.69128,1076.0883,29.823982,459.8162,1065.596,69.34655,510.14957,1233.1721,379.6986,472.9345,1221.3086,454.48215,505.7932,1247.7991,399.23343,478.73495,1238.2162,477.89078,510.35422,1308.8018,130.23068,469.64703,1295.777,222.83327
idle73.jpg,508.42307,528.36975,-435.1687,516.74396,513.12366,-407.8081,524.0356,513.12744,-407.71524,531.6826,513.0461,-407.55432,496.48907,514.0773,-410.6902,488.53564,514.28204,-410.7573,480.674,514.6907,-410.9329,540.266,525.5681,-243.4837,469.91434,527.2538,-239.28978,522.75073,547.8657,-373.66342,493.9784,548.65717,-371.72165,590.81976,599.9987,-130.1658,418.76315,637.6072,-170.97157,717.2156,574.0195,-138.69287,395.90738,767.4807,-136.96606,825.6741,571.6419,-286.3463,377.6631,879.30383,-217.8426,860.7414,569.6218,-312.13657,368.6313,911.9844,-234.89352,855.87915,569.8168,-358.48395,379.73282,908.1486,-292.733,840.7696,577.0548,-312.35803,391.59863,898.423,-243.52159,543.5585,874.8279,-29.107107,449.53336,876.60455,29.745255,527.80676,1063.6564,-77.68522,472.54904,1056.9016,132.53717,521.62024,1227.232,101.57831,487.00125,1208.2161,438.01334,518.0511,1241.4583,107.97447,492.9051,1224.701,458.70834,512.77405,1304.5298,-83.89924,485.62875,1280.5747,291.09158
idle74.jpg,508.1806,530.5392,-648.40295,517.20593,512.8167,-616.4868,524.88513,512.99194,-616.419,532.8315,513.0533,-616.13477,496.39575,512.7354,-620.7164,488.01752,512.4077,-620.7978,479.70294,512.3291,-621.06616,541.2578,524.3445,-416.825,468.38483,523.4691,-416.93192,522.18146,550.57837,-573.13226,492.46005,550.2232,-572.2083,586.5235,600.36176,-248.7108,414.21164,631.52435,-290.17993,702.65515,534.94806,-176.81725,397.97534,766.0114,-222.20897,798.0744,486.7305,-217.34615,381.7882,876.86957,-307.43835,826.8761,465.73492,-223.40425,374.8906,907.99963,-318.96603,825.57263,468.9745,-270.99365,379.95178,905.3884,-379.8671,815.2272,480.96457,-242.0196,392.08334,895.0377,-332.02048,543.56744,877.92975,-16.849058,446.03055,879.8434,17.386597,527.9195,1065.2526,-69.3722,469.6957,1067.3687,182.61998,519.6388,1225.9249,132.43523,481.91052,1210.5911,625.6855,512.3626,1240.9115,138.40468,487.5848,1224.817,658.9961,516.3162,1304.2114,-88.79004,479.01886,1286.1923,473.65286
idle75.jpg,512.23694,532.2289,-543.9974,517.9533,512.6234,-509.33813,524.7849,512.04663,-509.39462,531.83856,511.461,-509.17026,498.2247,513.31006,-517.2539,490.33395,513.33124,-517.27277,482.53604,513.5393,-517.40454,536.42267,518.00494,-303.93283,469.1754,521.19806,-331.45026,523.9757,548.18243,-466.70346,495.99893,549.6111,-473.4606,579.7527,597.36865,-210.46245,420.20267,629.2728,-240.02943,669.2908,527.82965,-201.36932,405.15356,763.4266,-226.24844,752.4704,455.77676,-205.99104,394.11575,874.23285,-295.39563,772.932,423.41165,-214.1558,393.07324,905.6074,-303.8624,769.045,419.79614,-231.69862,389.62823,898.8086,-345.2931,768.4799,431.337,-221.54756,396.17822,886.23834,-312.36755,546.44446,862.8594,-1.9180164,455.81866,864.51605,2.3581398,522.4985,1054.6279,8.088014,470.18402,1057.5151,114.96089,503.4307,1209.7323,236.33113,482.57147,1207.4288,434.6331,494.77667,1222.5682,246.86845,487.07007,1218.613,452.6515,493.60675,1280.623,19.664013,484.22827,1281.4945,215.22284
idle76.jpg,515.3754,525.6835,-578.6014,521.8408,508.63644,-541.1521,528.57635,508.98828,-541.20654,535.54456,509.29333,-540.8554,502.16946,507.7977,-556.8006,493.97223,507.28162,-556.77545,485.88177,506.9885,-556.95966,537.6464,519.0978,-325.84427,469.77667,516.66504,-390.2864,524.72766,545.0077,-498.3721,496.4682,544.03656,-515.4847,573.8978,595.2335,-208.53036,414.05304,625.9583,-300.451,657.2771,507.87296,-181.06912,407.27795,753.63367,-287.08316,742.85425,403.4101,-202.84528,398.9126,869.92694,-359.41583,763.5291,365.3691,-222.46243,400.56717,903.84937,-386.6208,763.6911,360.6848,-242.38536,398.55057,901.35547,-432.6724,763.04425,376.3686,-221.52934,406.1361,886.7731,-379.7948,549.00977,860.80133,11.671714,454.1754,867.73,-11.319724,533.40015,1046.3457,-45.71995,466.53668,1057.1571,132.79523,514.27594,1204.1936,118.76236,482.37793,1202.654,507.7903,508.73828,1215.473,123.21402,487.08246,1214.4594,533.1747,490.45438,1287.7806,-89.94375,479.8264,1279.2499,321.54898
idle77.jpg,513.8761,526.83014,-516.4581,520.62915,511.24432,-487.02313,527.1998,512.01855,-487.10294,534.0549,512.7633,-486.81265,501.2301,509.6949,-500.0338,493.03882,508.81818,-500.04465,484.93198,508.20203,-500.18677,535.3132,523.1411,-294.90802,467.93225,517.9826,-345.41794,522.40924,546.6276,-442.3016,494.636,544.1837,-456.33957,574.06287,589.52405,-192.02388,410.96158,628.47003,-246.80739,653.37445,489.27402,-162.11937,407.24863,759.9094,-229.98633,728.73303,374.39536,-199.0626,405.5734,873.47675,-280.0735,747.0125,339.37775,-230.18411,407.74158,906.94244,-298.0898,743.95135,330.248,-244.39796,408.32516,903.0268,-342.68503,741.1584,344.53766,-214.87924,415.22668,888.0509,-298.47418,558.52844,865.2849,-3.4687853,462.01215,871.22723,3.7432044,543.56537,1046.8959,-56.692467,472.34015,1054.0913,163.80641,533.6289,1210.0475,105.4877,483.98776,1199.121,517.74713,528.08905,1226.5312,110.81662,487.15726,1214.3154,542.48785,525.13007,1285.5349,-84.48026,482.80148,1272.9283,361.6222
idle78.jpg,508.7109,536.88446,-329.42136,515.3015,519.8758,-308.082,521.7974,520.0088,-308.1795,528.60895,520.1608,-308.03934,496.0147,519.54626,-319.08347,488.01486,518.85,-319.10428,480.09476,518.4193,-319.16068,531.74805,527.3555,-151.14824,465.22482,525.8953,-197.76302,518.4634,554.8583,-267.07614,491.91815,553.91064,-280.64856,574.20264,590.597,-80.60767,412.8131,624.33575,-144.78944,640.487,492.5133,-97.94718,412.70456,753.265,-130.65863,711.71045,366.51816,-136.25276,417.15323,868.88403,-144.8194,730.36444,331.7514,-177.63719,418.45172,904.3179,-161.47025,725.84424,316.4313,-178.39902,421.5277,898.3845,-197.94626,721.866,330.2021,-147.52644,427.27722,882.589,-158.03116,551.5638,873.32007,11.466304,454.4703,871.4804,-11.1777935,534.0766,1050.0266,-17.596472,457.84613,1064.6738,73.49127,518.1859,1206.2877,180.50844,485.90622,1200.685,459.25723,511.07367,1224.9326,192.27608,492.6893,1215.205,491.09512,520.5345,1275.0162,45.84423,483.7611,1274.9767,384.10233
idle79.jpg,503.6863,528.33685,-740.12146,512.74866,510.32605,-714.1591,519.726,510.65356,-714.29785,526.90845,510.97183,-713.9882,493.01022,509.88727,-722.5801,485.0004,509.27747,-722.5588,477.09143,508.91385,-722.6666,531.7404,520.15906,-509.0024,463.53177,517.5714,-540.28,514.57764,546.4053,-660.0529,486.55106,545.1229,-668.72107,569.7854,581.74384,-372.33664,411.72586,627.102,-413.87354,637.73584,489.5561,-337.7607,413.36002,752.55396,-385.07172,706.4302,369.07013,-379.7935,419.6802,860.6412,-432.21936,720.5676,331.86356,-420.37006,424.47546,893.40344,-460.05075,716.8884,320.20816,-437.74542,425.18332,887.8172,-500.8002,715.2412,333.87164,-396.82755,431.55942,871.4618,-450.1197,556.19244,847.22144,-2.6632385,463.14932,853.4046,2.7017698,535.7395,1049.9199,-25.6138,469.77258,1050.9319,81.80087,528.29596,1223.6952,140.02303,478.4768,1209.8848,385.2959,524.00806,1239.1512,144.56837,482.6269,1225.4746,402.57327,512.43774,1298.8141,-79.95409,473.54868,1281.6682,199.49841
idle8.jpg,689.19165,174.10709,-556.7681,696.1963,162.34401,-540.26337,700.962,162.3125,-540.2002,705.86053,162.15297,-539.9934,682.00195,162.21825,-544.00745,676.8513,161.97372,-543.8945,671.7134,161.81537,-543.81396,711.5976,167.08289,-396.25983,664.6103,166.29382,-407.61517,697.1437,186.46428,-499.81845,679.7915,185.91835,-502.84558,745.83276,234.44412,-256.61496,630.74255,232.13234,-287.00897,757.0106,323.70538,-183.74905,621.0035,325.9472,-240.47458,763.11304,407.53064,-287.15585,619.08307,414.68976,-324.84875,770.39294,430.34976,-322.99014,612.91296,439.963,-347.27615,761.4277,431.71222,-368.91666,621.37805,444.76248,-398.4198,754.5346,423.97913,-307.68137,631.4509,435.2608,-344.3825,726.15594,393.6786,12.210626,659.4385,389.7379,-12.513041,708.7567,526.65454,48.27175,621.8395,516.1705,-11.202864,689.1271,629.82214,225.4078,586.71814,623.0645,177.28769,680.56006,643.6173,234.58777,592.00305,640.4934,188.56749,693.2193,677.09686,90.50056,546.3722,667.91705,37.180637
idle80.jpg,513.5049,529.13586,-322.77313,518.56134,513.03015,-298.47144,524.76953,513.2097,-298.53238,531.29144,513.3737,-298.41666,500.03,512.7679,-308.86523,492.02112,512.1119,-308.91202,484.0572,511.7206,-308.9842,531.37933,521.5753,-140.98476,467.09354,520.30084,-178.85144,521.6069,546.6497,-261.38306,495.46188,545.75867,-272.16046,569.99316,580.36206,-67.29061,414.46533,617.00476,-107.25896,653.4663,485.6441,-71.587975,409.70264,741.51324,-77.345146,736.58307,381.7036,-117.25739,411.19275,851.7152,-105.08218,758.8115,353.92615,-150.28984,413.36136,887.73975,-117.15502,755.0127,341.43375,-159.25192,417.25772,879.2506,-154.75148,747.6519,354.19202,-130.97472,422.4258,864.54407,-119.00583,544.76733,864.44196,-10.429999,452.40344,864.24896,10.640139,523.0641,1042.8865,-34.616547,466.36676,1049.8103,139.17581,508.84906,1199.3982,144.44289,489.74216,1198.3013,455.70444,503.92297,1218.0828,154.43001,496.89978,1218.2444,479.48944,504.39658,1270.686,-9.264958,477.70706,1269.3567,339.10397
idle81.jpg,503.50983,511.2068,-407.29327,513.4515,497.48584,-379.6914,520.4238,498.41284,-379.58694,527.7097,499.2326,-379.3728,494.40726,495.59222,-385.29416,486.92743,494.67252,-385.2756,479.53912,493.91544,-385.3535,533.8803,512.00073,-202.77272,468.36725,504.87717,-219.53021,514.71796,531.4422,-340.03134,487.27664,528.54974,-344.65198,573.91425,597.36945,-70.52051,414.85236,606.44214,-162.21265,689.98914,633.0352,-50.00216,395.72955,737.8868,-131.63399,813.1998,625.4695,-185.00725,377.1494,852.6765,-232.48813,851.5797,622.8964,-199.23358,364.55734,886.3942,-257.69348,847.8081,617.2391,-249.9135,378.09445,885.48737,-310.03275,831.06024,624.0543,-211.06274,388.81216,876.0102,-256.10568,526.8382,852.1895,4.7723756,436.377,846.40436,-4.1647577,502.325,1043.0531,-53.612038,456.4167,1029.9832,55.805775,502.66138,1208.369,88.13723,475.62598,1193.1675,310.2975,501.47256,1227.2498,91.18203,480.3794,1214.8622,325.42865,496.11313,1280.3588,-107.453125,472.48578,1263.3674,141.41487
idle82.jpg,508.76355,517.68665,-537.2848,516.651,503.15427,-507.21237,523.011,503.65826,-507.00317,529.58777,504.00586,-506.8556,498.23685,501.79367,-512.6762,491.0204,501.0052,-512.5428,483.812,500.38538,-512.6126,533.2927,514.3071,-299.32413,470.6039,509.51398,-317.7793,518.3544,535.6016,-457.0921,492.50912,533.54535,-462.565,567.7769,605.4556,-142.01094,411.01947,604.38916,-199.81972,665.5355,678.28485,-135.66893,388.96338,724.8514,-160.5013,779.82715,706.9104,-348.5824,372.95587,838.19025,-313.451,816.7051,713.2627,-375.56885,362.46133,872.37244,-350.42932,814.76013,713.4581,-439.41574,373.57968,873.3978,-410.7058,796.6641,717.40125,-379.9234,384.0004,863.6467,-341.17737,514.5625,856.6292,7.236969,423.9413,854.1665,-6.7535934,504.57013,1046.1047,27.348661,445.73846,1042.3452,31.42581,500.9218,1204.0922,331.1334,460.5985,1197.724,370.93332,493.30185,1219.5226,348.80496,466.4152,1214.5193,390.16202,503.22525,1277.711,114.00297,458.207,1269.1768,157.19704
idle83.jpg,507.20743,512.0147,-636.6572,516.67554,497.83612,-607.7181,523.2317,498.5733,-607.5368,530.03143,499.15616,-607.3344,498.16394,496.1579,-613.0834,491.0345,495.24695,-612.9271,483.92102,494.50037,-612.8766,535.17957,510.95844,-397.87894,472.41144,504.56635,-412.90207,517.3018,531.3274,-555.42645,491.47964,528.6381,-559.76276,568.2444,606.5691,-213.48561,415.74594,599.5522,-285.18918,650.28845,695.3848,-176.71411,386.34146,721.5377,-230.34627,745.63525,760.70764,-379.3284,363.65475,837.65686,-376.42413,777.10126,777.13226,-403.61313,349.3908,871.27246,-412.60608,775.1683,778.6974,-475.91672,361.598,875.9066,-477.8035,759.1905,778.5828,-412.3354,374.19003,865.88257,-405.6928,519.07654,846.88934,16.008806,429.04593,841.577,-15.636534,502.22238,1037.3721,10.995093,443.7383,1034.8306,11.987464,497.7028,1203.607,254.27898,452.6375,1202.9719,302.16928,491.28076,1221.5015,264.87595,457.66092,1222.5757,317.11194,500.12164,1276.8397,28.410055,448.96332,1276.9548,84.97909
idle84.jpg,515.1362,508.80603,-765.1056,523.3833,494.0124,-730.6459,529.7372,494.7488,-730.5024,536.2485,495.30704,-730.2827,504.69397,491.9167,-737.44666,497.37,490.7657,-737.2455,490.01462,489.7713,-737.2846,538.2884,506.42624,-489.95602,476.252,499.62408,-523.5828,523.6724,528.0787,-673.21545,497.83075,524.89996,-683.06885,563.28595,617.9191,-265.91592,416.13144,596.0621,-391.6044,610.75287,735.42267,-189.91676,388.47757,724.4409,-447.9596,698.4547,820.0396,-369.7916,370.84238,832.8502,-732.9357,725.9785,837.36646,-392.35602,359.71378,865.45544,-810.66174,735.02576,843.06635,-474.23196,370.67984,866.6207,-862.2668,719.3264,841.24146,-406.56158,381.213,855.6266,-760.9578,518.3655,853.40466,37.82907,432.22498,849.7213,-37.26994,503.29056,1039.5833,91.72288,446.57178,1039.6835,5.8659434,492.25998,1195.3689,429.2463,455.77603,1188.1979,430.02603,482.04828,1214.0559,448.02487,460.4861,1204.4114,453.5887,504.14578,1262.9198,192.69945,456.59158,1258.5891,189.87105
idle85.jpg,505.62534,501.90308,-698.5727,515.7197,487.29974,-669.79596,522.8191,487.76105,-669.6822,530.1552,488.08057,-669.4579,495.8885,486.32407,-674.17926,488.4082,485.71033,-674.0375,480.9416,485.25122,-674.01306,538.18536,500.2794,-462.86578,470.9427,496.0769,-475.38318,518.0846,521.7892,-618.7607,491.1019,520.0926,-622.42303,575.1334,609.0678,-259.33417,415.92328,595.4181,-340.55072,610.7486,731.68994,-156.95888,393.05377,726.5842,-270.43588,655.84247,840.86523,-291.64642,376.3459,845.25696,-395.14844,674.5549,865.74146,-307.00076,366.87286,877.3315,-431.30353,674.316,873.8282,-380.83322,374.8536,883.8842,-496.2476,660.8323,867.6285,-321.98264,387.75302,872.8119,-423.08792,523.94507,843.12775,19.535254,432.0682,837.1052,-19.323668,503.37534,1033.8052,30.326822,445.6771,1032.757,-5.038561,498.18234,1195.128,301.47116,460.48938,1194.4985,327.26736,492.86447,1211.6035,315.02982,468.0095,1211.5359,346.73157,498.8241,1267.7328,82.5371,454.51526,1271.0499,120.27289
idle86.jpg,505.41974,494.04395,-546.3098,515.66876,479.93143,-518.1155,522.766,480.51007,-518.034,530.1195,480.95575,-517.8116,495.69986,478.66193,-524.9093,488.22574,477.97977,-524.8666,480.77396,477.4249,-524.95953,537.60547,492.86957,-327.98502,470.26028,487.71756,-354.92514,517.09375,513.94385,-473.76883,490.3708,512.06647,-481.55084,572.17706,598.8549,-162.93556,415.9736,584.60394,-273.43732,585.6002,726.12463,-66.24618,392.76147,714.095,-240.08635,595.4081,847.5216,-187.08669,376.2788,834.9861,-338.9219,605.06683,880.3335,-199.45946,364.70227,870.15967,-370.08777,599.64905,886.5668,-263.2588,376.08145,875.64404,-424.25195,589.3487,876.8362,-212.05522,388.43896,864.9208,-360.19882,530.1395,841.8196,34.771084,436.5459,834.43286,-34.455257,513.3859,1034.4202,34.49834,452.75555,1026.6699,-41.422768,495.2793,1195.3555,250.74051,464.2194,1194.6157,190.48796,485.8792,1214.0425,260.67282,467.30795,1215.1086,201.11324,499.79453,1262.4597,56.470394,470.51508,1264.1057,-17.57448
idle9.jpg,715.43054,179.04637,-559.4484,722.7462,167.10513,-544.01215,727.6113,167.07399,-543.94885,732.60547,166.92924,-543.7307,708.69617,167.03058,-546.8451,703.5841,166.8277,-546.7347,698.4768,166.7124,-546.65735,739.0348,172.59146,-405.912,692.24316,171.8153,-413.55548,724.0231,191.51689,-504.75766,706.2865,191.04904,-506.75378,773.672,239.7891,-271.05472,658.4134,238.84985,-301.51355,784.94885,327.23264,-201.87508,641.8139,333.3202,-263.30215,787.64105,412.09924,-314.85205,636.48596,426.36288,-340.6897,793.245,436.6421,-354.43616,629.88153,452.24237,-358.05557,783.0846,436.7605,-398.23575,636.3431,458.11414,-410.84393,776.88385,427.79962,-335.3427,647.02344,448.41446,-360.7564,751.7707,398.98782,12.915549,686.06805,394.2635,-13.088432,737.6096,531.7024,37.1907,648.91724,517.92505,-23.899326,716.6549,637.31036,199.96988,611.2551,624.69086,146.02766,708.05365,651.7692,207.18643,616.15375,643.3757,155.20842,721.20575,682.69385,68.592575,567.56494,665.6783,11.187354
img_148.jpg,619.0187,170.99168,-558.8356,626.2299,158.95895,-543.4304,630.8324,158.63937,-543.4394,635.5672,158.20435,-543.2694,612.5448,159.65756,-544.86743,607.8706,159.68434,-544.78644,603.2131,159.76988,-544.7024,642.3873,161.99701,-407.37183,598.15,163.68166,-405.81363,627.9917,182.24387,-504.8625,611.63824,182.76169,-504.5416,669.7378,231.28651,-292.19986,568.0745,228.63144,-306.1855,657.6028,326.45563,-276.16165,577.03217,324.5657,-295.72324,630.40247,395.77536,-385.08786,596.7435,394.8081,-387.0044,628.8198,418.19394,-429.49103,597.3702,421.163,-428.9591,616.7435,415.06485,-459.7078,609.2004,414.656,-462.71613,614.72375,406.47882,-399.2999,611.5571,404.3424,-401.3366,646.90967,379.85422,-2.1726072,581.1561,382.3148,2.064202,693.302,503.73468,20.189316,538.9065,510.48703,39.27871,734.6551,620.60645,173.26889,498.6007,625.1742,208.72078,732.2306,639.86566,180.70862,503.77994,646.2705,216.96902,757.93054,655.54443,28.029139,463.10165,658.5116,62.876595
img_149.jpg,618.1926,168.87102,-541.9714,625.5249,157.3569,-526.4364,629.9598,157.10497,-526.45233,634.5258,156.73889,-526.2824,612.2352,157.969,-528.28345,607.73883,157.99554,-528.228,603.2655,158.07492,-528.1698,641.2247,160.80885,-391.6956,598.5043,162.09561,-392.332,626.7574,180.36972,-488.73187,611.0664,180.76862,-489.0897,668.485,230.7571,-277.74506,568.1165,228.81548,-295.7371,658.0439,326.4454,-258.7683,577.5911,325.51807,-286.01047,631.0566,394.57724,-364.3207,597.14777,395.056,-374.05078,629.34155,416.5635,-407.84186,597.88354,420.8467,-415.99136,617.3604,413.44965,-438.14282,609.44183,414.52313,-449.52155,615.312,405.11038,-378.4048,611.7595,404.38116,-388.24265,646.5082,380.05225,-2.172706,580.94855,382.5206,2.0648227,692.53687,504.28387,17.394674,536.7083,510.1177,37.988243,733.00836,622.51056,163.26514,497.0172,625.52136,202.95987,730.54834,642.3146,170.06702,502.69403,646.7861,210.56006,756.55334,656.07526,18.921196,461.64264,658.2013,57.28947
img_151.jpg,617.7895,169.88582,-541.9647,625.205,158.04257,-526.305,629.8442,157.75761,-526.31213,634.61536,157.36002,-526.1502,611.5063,158.69337,-526.9879,606.8545,158.72517,-526.91797,602.2164,158.81357,-526.8485,641.8298,161.47209,-391.9165,597.52295,162.99452,-386.33286,626.9879,181.40594,-488.83072,610.5303,181.88744,-487.35934,669.5221,231.55403,-282.80212,568.1771,228.58493,-286.35168,659.1381,326.6816,-271.28104,576.55426,323.5461,-270.63724,630.9834,396.36826,-383.61707,596.7589,394.52252,-358.83405,629.14294,419.2772,-428.8455,597.34875,421.3062,-399.6842,616.34625,415.84634,-457.9634,609.51306,415.0524,-433.6363,614.51086,407.11423,-397.49545,611.7528,404.75238,-373.1921,646.7078,381.7339,-5.641158,580.8034,383.41638,5.541775,694.3154,505.04108,7.4371314,536.7376,510.67972,42.203068,734.1398,622.2571,160.14998,497.26465,625.14087,208.58925,731.3618,641.8071,167.49585,502.8617,646.7218,216.3465,757.8986,656.97614,14.717645,460.8116,657.56635,63.06049
img_152.jpg,619.1421,169.4359,-549.724,626.41125,157.3689,-534.30853,630.97156,157.0501,-534.32513,635.6617,156.61798,-534.15753,612.8329,158.0932,-535.18915,608.1995,158.1462,-535.1272,603.5821,158.24913,-535.0616,642.49963,160.49768,-400.26056,598.6654,162.2273,-395.67352,628.036,180.89902,-496.6645,611.8457,181.44424,-495.48657,669.9842,231.13506,-291.02155,569.08716,228.20981,-293.23346,658.5712,328.58765,-277.43994,578.0221,325.11694,-278.71402,630.9779,397.71118,-381.72833,597.5243,395.43875,-365.33966,629.17224,419.74588,-426.03763,598.30365,421.54675,-405.51648,616.97095,416.3507,-454.82788,609.79974,415.07318,-439.26617,614.94745,407.9206,-395.17505,612.21356,404.86508,-379.52277,647.58704,380.87762,-6.341169,581.92474,382.5277,6.236425,694.1826,505.85242,14.192598,536.85596,510.44458,45.734642,734.57605,622.50653,170.31326,496.4157,625.07416,214.23709,732.12463,641.9643,178.10152,502.00027,646.7258,222.37724,757.1472,656.9154,26.300308,459.6887,657.18976,69.77327
img_153.jpg,619.9628,169.69014,-554.54333,627.2531,157.92119,-539.25366,631.7133,157.68506,-539.2757,636.3023,157.33353,-539.1073,613.7695,158.4455,-540.39606,609.1888,158.42714,-540.3293,604.6243,158.45822,-540.2605,642.6333,161.14528,-405.0327,599.2201,162.19803,-401.38657,628.2684,181.19154,-501.40143,612.3805,181.43967,-500.5002,669.63837,231.03111,-297.192,567.8437,228.54294,-296.42245,658.99414,327.76837,-285.10526,577.81866,326.48007,-283.17737,631.88464,395.60086,-390.8466,598.4356,395.42877,-372.32953,630.03424,417.2537,-436.0692,599.68994,420.96188,-413.0152,617.838,413.89383,-464.8244,610.7606,414.313,-446.95325,615.8627,405.53128,-404.19177,613.1216,404.12598,-386.6519,647.1373,380.1491,-7.80137,581.0556,382.10837,7.676621,692.8903,504.978,12.877088,536.369,509.4677,45.013023,733.3996,621.8836,169.35419,496.60974,625.47864,212.95633,731.456,641.04846,177.09769,502.49573,647.35144,220.94626,753.7229,656.14685,25.053974,459.46927,657.2055,68.52998
img_568.jpg,555.3627,120.801285,-201.7136,562.7233,110.93299,-184.13521,567.1336,111.42667,-184.09563,571.66455,111.86858,-184.22003,550.68475,110.36284,-175.27907,546.289,109.98823,-175.23193,541.83966,109.749214,-175.35918,575.61035,120.778244,-94.782074,536.35455,117.090225,-42.805855,560.93787,136.25565,-169.29474,545.38007,134.85532,-153.92339,589.2259,187.4207,-158.2112,501.14078,185.05058,45.455784,551.0073,220.51482,-288.63324,439.95428,220.15419,-91.430504,549.95856,147.83307,-304.9395,462.96234,155.45523,-301.21762,549.104,126.360435,-325.8188,467.20792,138.18678,-339.03864,556.5611,122.3795,-331.35083,477.82495,130.0055,-326.5567,555.25616,132.28648,-308.0645,478.93893,139.17549,-305.11896,558.8371,380.9489,-90.70868,503.9264,382.93762,90.34401,576.96564,516.8671,-112.496216,484.0661,506.82422,164.34203,611.9935,648.0418,-77.05276,491.9708,622.6244,320.90784,624.22943,670.5404,-81.70838,508.26108,645.7347,328.07135,581.24133,685.8984,-217.4303,431.55768,654.4906,232.92351
img_569.jpg,553.14276,122.41928,-203.0188,561.44183,111.72311,-186.51138,566.0191,112.225365,-186.43546,570.7129,112.68033,-186.5296,549.1497,110.95397,-177.0949,544.6807,110.392044,-177.05707,540.1653,109.964325,-177.16556,575.95776,120.88572,-95.23067,535.7683,116.352486,-41.314995,559.6287,137.27133,-169.28864,543.5902,135.47385,-153.46585,589.1865,185.52127,-155.42572,504.13773,181.4456,48.342052,551.501,222.50177,-296.50348,443.46216,218.99295,-105.981995,553.8876,150.55048,-324.5504,464.29932,156.76918,-330.04517,554.5062,128.64964,-346.69742,466.94733,140.0379,-369.95215,561.89435,125.06615,-350.04025,477.98447,132.45306,-356.3008,560.079,135.21594,-327.2356,479.66772,141.50699,-333.936,557.1724,379.72693,-89.79351,504.1482,379.9797,89.432,574.5591,516.7874,-120.219696,483.17078,503.618,151.97264,610.91223,648.74194,-83.41635,491.5194,622.0126,301.37332,623.4789,671.33685,-87.646484,508.00354,645.39014,307.7108,580.0169,686.5403,-224.61143,431.75598,655.1995,212.96959
img_570.jpg,542.127,111.82318,-179.27814,551.56177,102.17002,-169.96036,555.9127,102.58536,-169.88228,560.41565,102.9411,-170.00632,541.42426,102.043846,-152.62872,538.2268,101.88856,-152.5535,534.94006,101.90128,-152.67076,569.67993,112.66057,-111.928314,536.5403,110.174286,-20.161333,549.9446,127.64894,-158.3565,536.39105,126.80068,-131.41167,590.3987,187.58214,-162.39305,505.49463,183.23697,76.85754,547.67596,228.36914,-269.82593,455.06067,221.05907,44.200264,554.1813,153.8417,-260.33698,464.79828,151.42656,-46.452957,555.375,132.2817,-274.4756,467.26407,133.80107,-62.381157,563.81335,130.90726,-279.02866,475.8255,127.94944,-51.85364,560.9492,140.25575,-261.2496,477.991,136.68878,-48.016716,554.6911,381.2901,-92.49129,500.07202,382.62952,92.142365,570.8143,517.7561,-95.63782,482.88635,506.70425,219.14813,610.9962,643.1635,-33.748135,490.34912,622.7778,398.18347,623.0426,664.0114,-34.551167,503.6429,645.19037,408.67725,586.5233,681.6417,-160.09442,439.22174,654.56244,327.07977
img_571.jpg,542.4324,119.96199,-212.98338,552.1227,107.96269,-203.91473,557.04156,108.12427,-203.75876,562.0881,108.264275,-203.83942,540.6267,108.17407,-187.5877,536.6173,107.95361,-187.51596,532.5327,107.87553,-187.63321,571.66174,116.72004,-137.84357,533.27167,115.468,-47.55349,551.9955,134.86964,-188.68898,535.8691,134.28403,-162.05856,592.7543,190.98882,-187.07147,505.95557,186.7939,70.57435,543.6128,240.12097,-368.51468,451.79825,232.04143,9.305397,555.96484,156.2767,-470.24872,466.49472,158.7039,-133.09692,557.073,132.14613,-498.58667,469.56985,138.38576,-152.33533,568.42773,132.69592,-496.76678,477.14624,133.59923,-135.55383,565.3628,142.24666,-469.9191,480.93552,142.86995,-133.03708,554.3751,384.42792,-92.6532,503.31873,384.92462,92.33087,575.54517,515.71655,-8.912363,491.33435,517.69104,225.91907,610.6369,638.7979,131.58516,494.81018,627.94275,415.24176,623.83124,659.7423,139.32045,507.62897,649.3908,426.0336,585.4249,676.4819,17.326935,444.61853,657.0078,339.98013
img_572.jpg,662.57446,65.99859,-393.4124,671.25006,54.652218,-368.923,676.73596,54.86111,-368.89594,682.3722,54.953465,-368.8402,655.74146,54.60027,-368.5588,650.30396,54.517914,-368.47852,644.81213,54.55493,-368.5467,691.1042,65.64846,-223.62814,639.77954,64.90482,-216.68831,673.89764,83.34413,-339.07288,653.199,82.91414,-337.32162,732.64404,161.63481,-113.112,599.8406,160.32808,-136.18333,750.9352,263.71872,-69.63696,580.56226,263.5464,-91.55455,776.42914,351.07452,-227.80885,567.48505,351.9096,-224.44945,787.9278,376.11505,-270.7575,559.56793,378.79172,-265.456,785.9289,378.65173,-321.88016,567.5725,377.69214,-311.92212,775.95026,371.1938,-254.42612,576.49194,367.68344,-246.94502,708.6831,364.98618,7.4685287,631.4405,367.18347,-7.011015,717.16516,502.73505,47.872635,631.5879,508.62027,11.191238,713.37036,616.4888,310.82382,635.9535,626.1576,289.62833,705.80115,626.97144,327.23392,642.0434,638.69684,308.08466,717.77576,678.45074,180.07336,626.10236,684.8744,157.98509
img_573.jpg,665.6579,66.90959,-385.54977,673.3303,56.90532,-363.27826,678.1865,57.32595,-363.26138,683.1977,57.632366,-363.2335,659.2939,56.28944,-363.96503,654.3073,56.01062,-363.89224,649.25726,55.846317,-363.95612,689.83246,67.81438,-226.35635,643.45654,65.36258,-223.85886,674.8423,84.08794,-333.83408,656.3484,82.90637,-333.3294,732.28625,161.60118,-132.47026,598.5977,158.87979,-139.60101,753.025,262.07324,-112.94204,581.0039,259.1492,-91.03313,777.80286,346.33737,-285.04233,573.3727,346.00983,-230.98438,788.459,371.22916,-331.79523,567.6285,373.39212,-277.46,785.268,372.48248,-381.52234,577.01733,371.9503,-321.7843,775.8536,364.6897,-310.4987,584.818,361.2754,-252.71246,707.9784,363.03995,-2.4728127,631.6343,365.57178,2.8291516,717.4942,498.7683,18.153465,626.1994,506.01773,14.929761,710.47516,611.37897,255.84009,636.28656,619.9228,274.51895,703.4046,621.8553,269.98105,645.0641,632.7137,290.80637,712.90283,673.0432,125.18939,620.7881,678.46576,144.22697
img_574.jpg,663.60034,63.27166,-372.31583,671.8894,53.88041,-349.50507,676.82,54.307396,-349.48883,681.9143,54.616062,-349.4638,657.6632,53.449516,-349.11453,652.7748,53.28796,-349.0374,647.82886,53.248974,-349.08264,689.83954,65.39567,-213.78244,643.0597,63.402527,-206.46072,673.54407,80.71342,-321.4832,654.96985,79.760506,-319.58273,732.7969,160.84763,-117.08881,599.1291,157.8924,-127.46006,754.7352,261.91852,-97.097015,578.66833,257.9867,-86.89923,782.5044,351.16443,-262.94867,568.7668,344.87823,-234.31204,793.93805,377.3254,-305.846,561.14685,372.51544,-283.5342,790.5319,379.43524,-356.80676,572.8084,370.97827,-326.23108,780.8629,371.48718,-288.084,581.40814,360.50836,-255.85222,705.6078,364.68152,2.1811662,629.06775,366.7744,-1.8441664,718.23047,499.7551,20.024736,627.6863,507.13312,10.200331,708.30457,613.32367,259.6323,638.9986,621.3956,277.0782,699.18494,624.1943,274.20425,647.97205,634.33746,294.26425,715.88293,673.0311,135.68796,623.0372,677.9421,151.35622
img_575.jpg,664.47253,64.81989,-385.4866,672.74097,54.570145,-361.6988,677.7984,54.873234,-361.6847,683.0095,55.059616,-361.655,658.3352,54.318016,-359.78876,653.32666,54.168068,-359.70688,648.2486,54.136356,-359.74948,691.2428,65.419014,-222.26454,643.7689,64.02534,-209.0671,674.94104,81.86306,-334.2204,655.84436,81.140495,-330.70428,733.80884,160.89256,-122.058426,600.31226,158.09796,-128.55746,752.577,261.66296,-100.01727,580.1316,257.97028,-93.39032,781.29236,347.18854,-279.29446,572.7909,342.27118,-252.58522,793.5306,371.57993,-327.3457,567.40015,368.94754,-305.77847,791.4944,373.97058,-378.60928,577.48047,365.4881,-345.818,781.2804,366.45383,-305.91663,584.67633,354.87088,-273.95117,704.60315,363.98294,-1.9659067,627.5018,365.38828,2.4334712,719.6143,501.8146,23.206367,626.91235,509.21402,10.62573,713.19855,613.45276,287.44568,635.5286,627.2437,281.18655,706.561,621.98047,304.32474,643.76794,640.384,298.4556,711.11786,680.0402,157.01793,619.8038,687.71814,142.31604
img_576.jpg,664.2456,64.251526,-375.2937,672.5834,54.226864,-353.58475,677.77686,54.51697,-353.55402,683.1286,54.682068,-353.56082,657.78345,54.122707,-352.09518,652.6339,54.06632,-352.0451,647.4254,54.13011,-352.0522,691.401,65.514305,-222.01129,642.60626,64.528114,-210.08801,674.79175,81.717384,-326.2177,655.4623,81.166885,-322.9417,736.1759,161.36725,-135.57697,600.00616,157.7138,-125.52844,757.55383,265.17255,-107.488205,581.73157,255.60933,-62.925713,783.31964,353.55078,-235.51733,572.4094,339.81973,-186.63077,795.0769,377.51636,-270.22253,566.5604,365.06625,-225.93686,791.98785,381.186,-318.12363,574.0901,364.45688,-268.85016,781.8397,373.97565,-258.41122,582.20636,354.79504,-207.7847,709.06824,362.84686,-0.32115906,631.5154,364.8116,0.6379914,718.2163,499.1331,26.2628,629.1306,505.83414,16.965425,710.5947,611.8208,267.19183,636.086,619.7381,278.7802,703.2092,621.9252,282.34866,644.98425,632.44025,296.00226,712.739,674.8486,139.89809,618.2686,678.4209,153.61345
