sample1.jpeg,393.27222,187.64836,-60.969593,398.7751,182.74829,-73.075264,400.26147,182.73631,-73.08689,401.81085,182.70438,-73.07653,397.58133,183.01636,-52.95178,397.7655,183.09662,-53.03224,397.9247,183.22519,-53.077156,411.21378,185.85095,-97.34371,405.68256,186.31497,-5.58724,397.7507,193.89558,-68.595604,395.835,194.16307,-41.967186,425.3363,219.39746,-128.48888,409.04602,211.49149,63.87817,445.8725,269.23486,-180.4569,406.19763,239.55435,71.68024,396.43713,260.7294,-153.83582,375.04913,231.3113,-18.023682,384.62137,261.51212,-160.05928,364.22488,227.6636,-28.880625,383.4229,251.69382,-154.19963,364.3435,225.0324,-43.90757,389.5293,252.8415,-147.07295,368.75348,227.7422,-27.789473,390.6573,291.9813,-60.955452,381.29807,280.15918,61.123795,329.40366,316.297,-88.22203,320.0468,302.52774,91.86889,271.04376,346.63412,-117.14014,265.34943,323.31546,139.31734,266.22934,357.82336,-120.599236,258.80347,334.80518,141.32358,237.92957,336.8153,-160.98814,234.78288,308.38177,109.02516
sample10.jpg,201.14389,78.06152,-86.02852,200.84877,66.051926,-56.632793,204.35054,66.01161,-56.62654,207.95206,65.74811,-56.708984,189.00381,66.50779,-81.80534,183.82312,66.52559,-81.881,178.63773,66.555824,-81.87066,202.24582,72.863625,87.536835,164.28082,74.06548,-25.055891,205.12723,91.58198,-31.166136,189.1875,92.3662,-64.40853,222.21794,146.11723,212.16704,127.274666,153.18948,-67.499054,257.15176,236.83264,175.00679,108.2218,267.92264,-190.32495,296.5778,222.79437,-49.154568,213.27397,233.86949,-318.76593,311.0063,220.59802,-92.56095,247.71257,230.58589,-354.6551,309.48236,204.7118,-106.19025,250.5784,208.33023,-339.28842,299.6866,206.2609,-63.68741,238.84508,213.51793,-308.34323,262.5402,305.2134,103.936325,213.06909,328.20328,-103.869026,409.498,348.11465,-69.197716,377.121,347.40845,-174.27475,556.61957,399.21756,-211.02863,543.87646,397.90988,-220.00313,570.0624,431.3929,-230.79482,559.14825,428.099,-224.70004,635.1432,362.2779,-311.3074,610.964,364.44983,-302.22504
sample100.jpg,268.1936,190.89705,-158.80139,268.3357,174.65974,-127.756836,273.2355,173.88881,-127.69791,278.27878,172.8547,-127.705605,252.68736,176.8074,-152.97667,245.89899,177.40375,-152.96648,239.13165,178.0219,-152.97672,274.18045,178.1217,43.508717,221.23772,185.41566,-71.98096,274.6556,204.74419,-92.47983,253.75282,207.60721,-126.3737,299.4364,254.2698,156.13402,162.42474,252.97467,-63.391495,350.01724,345.2364,50.082314,79.14017,347.36432,-204.57544,381.61346,318.719,-266.0168,186.46803,341.50946,-396.9522,396.31018,319.0351,-326.45566,223.34076,352.11255,-435.44867,384.0814,297.76318,-329.64514,236.25513,323.39853,-429.44675,372.44522,301.4703,-274.80667,225.5058,327.11423,-389.3533,309.7668,432.65436,100.23742,231.01286,457.99237,-99.926575,467.95514,491.54736,-210.10323,369.9702,522.72046,-372.3418,607.646,609.94293,-346.7654,545.8405,638.4269,-438.76215,611.52094,651.16486,-366.83582,562.5447,668.32996,-446.242,702.4485,601.5449,-496.20294,629.82684,635.8342,-595.2928
sample101.jpg,270.3879,189.84409,-179.11044,266.36533,174.09665,-145.98566,270.59363,172.50906,-145.98726,274.9439,170.66542,-146.00626,251.83403,178.87024,-172.26562,245.1648,180.58139,-172.27032,238.52643,182.31743,-172.24936,269.07657,176.47993,27.538568,220.21478,192.5343,-92.38732,277.06705,202.79427,-113.05159,257.8606,209.04358,-148.3447,302.18115,259.01105,126.83369,166.58261,261.06982,-58.127815,350.98682,359.39908,-17.444597,59.669304,343.41214,-208.57233,350.64542,317.11475,-329.47266,154.3933,327.17102,-409.95975,351.4001,309.79614,-384.0648,190.09917,333.3195,-446.91125,344.14505,287.51,-377.7589,203.66904,305.77023,-434.99225,337.0218,294.83386,-332.408,193.91107,312.2773,-399.8615,319.18103,440.01773,88.96826,240.08038,466.92468,-88.61419,476.02057,489.5113,-225.63184,371.09082,517.77124,-389.93045,616.8842,608.0145,-390.01605,546.8214,638.15247,-493.6841,620.9054,648.07074,-412.54117,563.61914,666.1483,-504.87665,707.7626,599.587,-550.24805,633.5742,638.09814,-661.9349
sample102.jpg,266.1825,181.7002,-151.53671,263.25018,167.1407,-116.50304,267.68918,165.94963,-116.52704,272.24612,164.49698,-116.56139,248.1328,171.22145,-142.34785,241.35968,172.7675,-142.35907,234.6171,174.34056,-142.32378,266.9856,172.15866,59.106747,216.36879,185.74754,-60.005474,272.92987,196.1136,-85.54656,253.0765,201.39774,-120.794586,298.0591,258.5682,146.64606,162.30234,256.1173,-35.528637,337.4571,359.68372,-7.3923755,57.74254,336.95398,-189.35945,342.54132,317.84286,-311.74637,147.21678,329.9646,-396.2825,345.28714,307.96472,-364.4699,180.97821,337.03387,-436.85107,339.16846,287.86084,-357.56317,195.30954,310.38596,-425.07965,331.196,294.94278,-315.1369,186.00449,316.26694,-386.79193,310.4516,438.0363,86.95705,230.56973,463.28513,-86.62331,466.00766,495.8674,-251.41711,375.07867,528.47766,-377.2597,606.6364,616.4528,-431.50406,549.66376,641.1727,-491.87915,610.7616,657.8426,-455.63464,567.354,669.8768,-504.55988,695.47595,606.52246,-592.95386,631.7492,635.6115,-660.96094
sample103.jpg,269.6386,188.81505,-174.36227,267.65018,171.2234,-143.28615,272.30273,169.88602,-143.28397,277.07346,168.29788,-143.29297,252.40079,174.61147,-169.91106,245.5619,175.58401,-169.90033,238.73611,176.58351,-169.91434,271.81134,172.27689,32.518787,220.35245,183.80316,-90.65795,276.02472,201.32742,-106.1805,255.67282,205.81512,-142.43602,298.52032,252.2768,138.0731,162.78648,251.21442,-61.639572,331.67834,353.437,15.917592,64.69849,346.04422,-206.37605,349.935,322.5291,-290.39642,160.94879,335.62506,-416.4881,359.17932,319.37766,-347.73822,196.23076,343.9241,-458.5913,351.00876,298.07663,-346.85162,209.1502,314.50058,-449.82742,341.1467,302.27945,-296.90057,199.61153,319.38562,-407.81482,314.0366,434.32153,96.97745,236.92319,460.85196,-96.58928,470.74893,488.152,-222.4637,384.05603,523.3139,-372.99637,609.2936,603.5438,-384.0368,556.95044,635.0315,-461.451,613.67804,644.70624,-406.37073,573.5885,664.71576,-471.1526,700.69763,593.04266,-530.1569,637.90314,630.8491,-618.7572
sample104.jpg,276.1137,184.69812,-117.11674,274.8767,167.46338,-84.65443,279.77893,166.39403,-84.68094,284.80975,165.06763,-84.67996,258.7464,170.48701,-110.61517,251.5249,171.38809,-110.62646,244.30023,172.32695,-110.582565,279.73648,171.19598,84.96815,225.18555,181.264,-31.649414,282.59857,199.62677,-52.49402,260.8878,203.63365,-86.72511,307.43463,255.89124,184.05853,166.30325,253.92456,-31.656616,337.8954,354.57626,55.29324,80.53951,357.97217,-166.7646,368.24982,335.13977,-270.81116,179.86172,362.9998,-337.69528,381.37936,334.6217,-329.38873,213.6045,374.344,-373.8626,374.3377,313.91553,-334.45663,229.25554,347.0848,-361.77893,363.24164,316.69977,-281.80417,219.44475,349.69937,-326.67233,312.46323,440.27243,91.76875,226.48532,461.6413,-91.484406,461.5611,492.12067,-275.9029,364.2303,510.24704,-405.35965,598.4988,614.04254,-495.42273,541.56085,626.1085,-576.00836,601.10144,657.8796,-523.7336,557.802,656.9401,-593.8303,691.137,604.9022,-653.76886,630.12274,622.87354,-738.84534
sample105.jpg,279.88354,185.204,-98.47637,281.0706,171.07674,-64.21921,285.68314,171.12198,-64.16556,290.4406,170.9143,-64.13154,265.99423,171.14641,-90.57095,259.39493,170.98087,-90.595665,252.76886,170.8615,-90.52769,284.88974,178.11905,104.177055,234.62927,178.69269,-14.093988,284.35214,201.48366,-34.926586,263.57965,201.69743,-69.70076,307.8618,262.22086,206.82509,170.32166,255.32285,-27.325346,340.0624,358.34402,96.2603,99.12802,369.51172,-148.54086,384.21298,347.5224,-228.99796,210.38187,387.4562,-286.39667,402.11838,352.74374,-288.0793,245.78616,405.22977,-315.90173,394.89423,332.06302,-300.1623,264.47833,377.76477,-306.20532,382.64114,333.2286,-243.78761,252.43121,377.5802,-275.2837,316.9405,441.99277,92.326355,232.26062,461.11633,-92.051125,462.28085,494.9945,-269.83487,364.3592,500.36246,-404.16736,598.3308,625.8431,-500.81418,538.646,628.9152,-601.209,599.6729,670.43585,-529.7166,553.89,660.57227,-621.30804,695.60486,621.2195,-651.66296,627.80035,633.9507,-759.41907
sample11.jpeg,71.71889,66.21068,3.6711552,69.41461,63.731667,7.425727,69.06728,63.846043,7.443251,68.761,63.940002,7.4221554,69.19223,63.606182,-3.2492526,68.5259,63.55965,-3.251864,67.87372,63.53983,-3.2477646,64.7847,65.82452,25.595526,63.523003,65.437584,-22.105522,70.37462,70.03543,11.522618,69.86039,69.84796,-2.2750316,64.49452,84.37951,59.25802,60.604767,81.283676,-51.695812,83.77678,91.48976,90.019325,83.06943,90.62302,-70.098785,103.6569,93.017654,92.88799,106.710686,93.93613,-54.737953,109.18759,93.378265,98.81881,111.65098,96.34901,-60.14336,109.63957,92.62489,91.12104,112.61658,94.2233,-56.863766,107.5282,92.90348,89.232285,110.96694,93.712425,-52.50186,67.34223,128.01863,30.787691,64.37652,128.64444,-30.673185,86.52884,138.93178,50.647896,94.68776,134.87326,-54.71559,100.17807,147.52715,87.91823,132.02809,151.9283,-33.129734,101.29581,151.74562,91.12698,136.41647,158.14804,-30.916056,108.4233,142.2781,88.44085,144.66707,147.28075,-43.434223
sample12.jpg,201.14389,78.06152,-86.02852,200.84877,66.051926,-56.632793,204.35054,66.01161,-56.62654,207.95206,65.74811,-56.708984,189.00381,66.50779,-81.80534,183.82312,66.52559,-81.881,178.63773,66.555824,-81.87066,202.24582,72.863625,87.536835,164.28082,74.06548,-25.055891,205.12723,91.58198,-31.166136,189.1875,92.3662,-64.40853,222.21794,146.11723,212.16704,127.274666,153.18948,-67.499054,257.15176,236.83264,175.00679,108.2218,267.92264,-190.32495,296.5778,222.79437,-49.154568,213.27397,233.86949,-318.76593,311.0063,220.59802,-92.56095,247.71257,230.58589,-354.6551,309.48236,204.7118,-106.19025,250.5784,208.33023,-339.28842,299.6866,206.2609,-63.68741,238.84508,213.51793,-308.34323,262.5402,305.2134,103.936325,213.06909,328.20328,-103.869026,409.498,348.11465,-69.197716,377.121,347.40845,-174.27475,556.61957,399.21756,-211.02863,543.87646,397.90988,-220.00313,570.0624,431.3929,-230.79482,559.14825,428.099,-224.70004,635.1432,362.2779,-311.3074,610.964,364.44983,-302.22504
sample13.jpg,198.60219,69.59178,-82.674904,195.30498,60.09815,-52.877254,197.83957,60.313942,-52.912262,200.51465,60.32445,-52.99895,185.101,60.371815,-80.9339,180.13788,60.432182,-81.021935,175.189,60.52288,-81.03303,190.25679,69.70239,83.053696,158.47324,70.06327,-43.863564,199.89362,84.23768,-31.463417,186.13849,84.62247,-69.19276,205.13345,150.8561,194.10999,116.414764,150.41129,-93.73711,222.76115,239.85196,231.10197,64.85194,244.57697,-239.58209,263.87146,227.43817,108.546906,182.83414,236.80206,-388.17096,276.74594,226.86261,83.72679,218.29318,241.55734,-424.6388,276.26462,212.34688,61.15646,229.12442,221.65855,-401.28748,267.89536,213.44421,93.946266,216.10019,226.06996,-375.64972,241.85884,314.94534,99.093956,193.00368,339.47845,-99.03399,401.83182,341.97208,-98.67687,365.45007,356.161,-177.17195,558.18695,387.01794,-285.0942,541.31024,398.03723,-256.71738,574.6972,420.59882,-308.6181,558.7639,427.09973,-264.71307,639.2488,343.28152,-374.0276,610.6886,361.9998,-335.71918
sample14.jpeg,47.75994,32.57697,-6.5532136,46.083565,29.029873,-1.9792256,46.268707,29.125088,-1.9989148,46.462963,29.175343,-1.9924083,44.307594,28.701473,-12.1702175,43.09716,28.475618,-12.210099,41.895714,28.251741,-12.232687,42.337936,30.387562,24.459412,36.414883,29.11449,-22.560066,46.76748,36.440636,4.5476656,44.475574,35.937206,-9.033473,45.266823,47.96062,59.33138,26.52185,49.234474,-39.472046,52.025074,69.4216,98.48742,20.713264,75.01385,-71.3488,65.14337,68.173645,96.10611,47.479103,70.7654,-70.15731,68.80039,69.04943,93.980736,55.065548,71.059975,-74.54185,67.79313,65.822914,89.15144,54.74537,66.68075,-70.53271,65.96988,65.42555,92.79062,51.991104,67.18689,-67.33933,67.262665,89.96243,34.290558,57.697132,96.420105,-34.15553,110.27133,94.81902,13.368801,102.50592,98.72784,-43.609993,143.87556,110.30823,2.172526,141.9469,114.90925,-38.686527,146.55112,118.239456,-0.8485974,145.59236,122.83553,-38.346832,160.55386,102.35564,-17.932486,158.25516,106.396614,-54.433853
sample15.jpg,198.60219,69.59178,-82.674904,195.30498,60.09815,-52.877254,197.83957,60.313942,-52.912262,200.51465,60.32445,-52.99895,185.101,60.371815,-80.9339,180.13788,60.432182,-81.021935,175.189,60.52288,-81.03303,190.25679,69.70239,83.053696,158.47324,70.06327,-43.863564,199.89362,84.23768,-31.463417,186.13849,84.62247,-69.19276,205.13345,150.8561,194.10999,116.414764,150.41129,-93.73711,222.76115,239.85196,231.10197,64.85194,244.57697,-239.58209,263.87146,227.43817,108.546906,182.83414,236.80206,-388.17096,276.74594,226.86261,83.72679,218.29318,241.55734,-424.6388,276.26462,212.34688,61.15646,229.12442,221.65855,-401.28748,267.89536,213.44421,93.946266,216.10019,226.06996,-375.64972,241.85884,314.94534,99.093956,193.00368,339.47845,-99.03399,401.83182,341.97208,-98.67687,365.45007,356.161,-177.17195,558.18695,387.01794,-285.0942,541.31024,398.03723,-256.71738,574.6972,420.59882,-308.6181,558.7639,427.09973,-264.71307,639.2488,343.28152,-374.0276,610.6886,361.9998,-335.71918
sample16.jpg,238.44385,166.66525,8.527185,228.3477,159.41037,18.138496,227.20306,159.49635,18.221893,226.16634,159.46468,18.161243,227.51843,160.64436,-13.479552,225.31537,161.42044,-13.495074,223.17476,162.20062,-13.474009,213.66257,167.44026,63.477467,209.8545,170.82239,-72.54892,236.34433,177.6923,29.363747,234.46799,179.05606,-10.398567,214.59612,228.27977,154.14407,204.75076,221.52446,-161.58875,270.7324,261.9435,218.03737,268.99896,256.91962,-185.63885,338.5313,267.52316,217.97185,343.6679,269.09906,-126.0121,357.10135,265.5559,239.52402,359.69946,276.62134,-141.919,363.65875,265.5644,213.65985,365.38483,267.72693,-132.65842,357.07513,269.0818,206.10147,359.42987,267.22876,-119.535225,237.89775,353.37918,86.559265,227.69702,360.60223,-86.21279,348.61243,371.95364,74.400986,341.49286,373.39236,-99.822716,451.01572,406.1704,112.75078,450.95746,418.59662,-49.550816,462.91342,422.8326,112.48898,463.7558,439.9525,-46.665157,492.55246,382.7966,76.20272,491.20377,390.82986,-90.79067
sample17.jpeg,62.36228,42.063812,-15.152336,62.30755,39.446186,-5.5013304,63.517418,39.325603,-5.488642,64.756355,39.142685,-5.4860983,58.025406,40.209393,-11.023051,56.32108,40.539505,-10.982396,54.628857,40.892117,-10.927332,63.964962,41.628777,35.799847,49.767876,44.093307,11.429391,64.00296,46.013348,-0.058557346,58.63729,46.951176,-7.145396,72.560295,57.910046,43.049793,37.006416,61.1628,12.038387,91.820786,69.16618,5.430079,18.688953,77.54127,-33.431103,102.67151,72.37786,-60.782825,39.830536,73.80351,-83.99569,107.45853,75.60919,-73.2709,46.826206,75.77143,-92.24287,102.42531,72.86233,-75.52548,50.801174,69.66862,-92.75147,100.010864,73.69528,-62.981762,48.74392,70.73595,-83.247025,74.61748,100.40616,17.591263,51.767616,106.536514,-17.542162,99.4583,102.89057,-84.76637,63.009895,106.71126,-115.00682,129.38496,128.96227,-176.54622,96.80755,139.2155,-170.12819,129.1533,141.14227,-187.16327,100.30034,146.8793,-175.58458,151.24838,122.52935,-216.2218,115.731964,140.09848,-209.19234
sample18.jpg,238.44385,166.66525,8.527185,228.3477,159.41037,18.138496,227.20306,159.49635,18.221893,226.16634,159.46468,18.161243,227.51843,160.64436,-13.479552,225.31537,161.42044,-13.495074,223.17476,162.20062,-13.474009,213.66257,167.44026,63.477467,209.8545,170.82239,-72.54892,236.34433,177.6923,29.363747,234.46799,179.05606,-10.398567,214.59612,228.27977,154.14407,204.75076,221.52446,-161.58875,270.7324,261.9435,218.03737,268.99896,256.91962,-185.63885,338.5313,267.52316,217.97185,343.6679,269.09906,-126.0121,357.10135,265.5559,239.52402,359.69946,276.62134,-141.919,363.65875,265.5644,213.65985,365.38483,267.72693,-132.65842,357.07513,269.0818,206.10147,359.42987,267.22876,-119.535225,237.89775,353.37918,86.559265,227.69702,360.60223,-86.21279,348.61243,371.95364,74.400986,341.49286,373.39236,-99.822716,451.01572,406.1704,112.75078,450.95746,418.59662,-49.550816,462.91342,422.8326,112.48898,463.7558,439.9525,-46.665157,492.55246,382.7966,76.20272,491.20377,390.82986,-90.79067
sample19.jpg,238.3219,166.55441,13.323737,228.40402,159.28905,23.06925,227.27274,159.3593,23.147076,226.24747,159.31041,23.088442,227.58786,160.52324,-8.567922,225.40083,161.2872,-8.577374,223.28084,162.0557,-8.540815,213.96545,167.27618,68.07563,210.3004,170.69243,-67.91894,236.33844,177.55699,34.064415,234.4036,178.95128,-5.6885076,215.22627,228.59595,159.13933,205.40672,221.15166,-160.26727,270.7647,262.24808,223.63188,268.92343,257.19345,-186.21759,338.65607,267.1965,223.0235,343.4491,268.65045,-127.092476,357.47604,265.65643,244.85587,359.61557,276.34253,-143.45796,363.7861,265.42868,218.85548,365.4796,267.49783,-133.63994,357.22046,268.55798,211.0617,359.39917,266.86505,-120.39682,239.30531,353.84848,87.08161,229.12978,360.56357,-86.72564,349.5155,372.27826,71.754036,342.25333,373.29352,-102.59107,453.07864,405.9485,106.699844,453.44925,417.3788,-56.64221,465.32327,422.81195,106.00411,466.87317,438.92593,-54.31593,494.59134,381.8521,69.34758,493.45117,388.55725,-99.44227
sample2.jpg,155.63403,190.78566,-99.71888,156.91,180.60594,-77.46791,159.68428,180.3984,-77.46104,162.52615,180.0683,-77.45004,147.85529,180.56213,-98.46929,144.06885,180.19524,-98.43404,140.28024,179.86992,-98.42371,158.57018,180.76945,49.81433,129.0401,180.70609,-46.34218,157.54549,197.49641,-50.117573,145.7911,197.462,-78.11684,161.05876,217.29623,155.5508,94.46769,218.91667,-55.375538,179.0807,266.74246,100.84636,64.44611,287.4035,-129.16148,197.5966,269.84995,-141.24226,120.7373,280.004,-233.91008,207.60977,275.62714,-189.74536,139.87903,282.83157,-264.31195,202.08658,265.87897,-200.6087,145.92706,265.42685,-264.64178,196.55475,265.53253,-155.1097,140.13089,266.88626,-230.40399,173.8037,311.66916,84.65725,137.32002,326.24414,-84.47265,256.6416,338.66037,-159.2438,225.87286,356.15305,-242.4256,337.0004,391.7338,-277.20438,313.39774,409.08508,-320.79575,343.0285,418.0747,-294.0375,320.87473,432.7136,-329.2553,383.85107,370.3659,-372.00473,355.10162,390.02185,-419.3788
sample21.jpg,238.3219,166.55441,13.323737,228.40402,159.28905,23.06925,227.27274,159.3593,23.147076,226.24747,159.31041,23.088442,227.58786,160.52324,-8.567922,225.40083,161.2872,-8.577374,223.28084,162.0557,-8.540815,213.96545,167.27618,68.07563,210.3004,170.69243,-67.91894,236.33844,177.55699,34.064415,234.4036,178.95128,-5.6885076,215.22627,228.59595,159.13933,205.40672,221.15166,-160.26727,270.7647,262.24808,223.63188,268.92343,257.19345,-186.21759,338.65607,267.1965,223.0235,343.4491,268.65045,-127.092476,357.47604,265.65643,244.85587,359.61557,276.34253,-143.45796,363.7861,265.42868,218.85548,365.4796,267.49783,-133.63994,357.22046,268.55798,211.0617,359.39917,266.86505,-120.39682,239.30531,353.84848,87.08161,229.12978,360.56357,-86.72564,349.5155,372.27826,71.754036,342.25333,373.29352,-102.59107,453.07864,405.9485,106.699844,453.44925,417.3788,-56.64221,465.32327,422.81195,106.00411,466.87317,438.92593,-54.31593,494.59134,381.8521,69.34758,493.45117,388.55725,-99.44227
sample22.jpeg,334.977,28.22534,-79.33629,342.20346,23.797266,-82.12034,344.48965,24.177633,-82.08454,346.8007,24.542095,-82.03617,337.7641,23.067905,-65.100655,336.67963,22.732887,-65.15019,335.56897,22.42507,-65.24319,355.19775,28.609047,-64.67081,340.45975,25.00606,14.927525,340.5674,35.599255,-72.690445,334.7935,34.334827,-49.627426,369.69077,59.06818,-97.96776,335.01117,57.494537,95.804115,402.5968,106.735855,-204.4686,326.5154,92.655136,72.891235,350.55713,95.53689,-260.88223,301.1671,85.581375,-84.76441,333.4352,95.92055,-278.70386,290.55588,84.81671,-115.99753,334.10388,85.418594,-278.76694,295.59406,81.41798,-128.10355,340.7198,88.468605,-258.31873,301.60272,83.34393,-94.99486,335.8529,145.26665,-62.394028,319.04276,135.3612,62.362236,276.24207,162.13896,-102.49059,272.55432,149.12592,-73.90841,215.29396,197.42947,-155.78934,218.33607,191.19235,-130.0276,210.96005,211.67366,-161.4708,211.98026,204.85408,-140.54301,184.5336,178.874,-199.04991,194.87842,182.01543,-188.76118
sample23.jpg,238.93243,167.6897,15.137896,228.95659,160.17172,24.652353,227.69316,160.18524,24.728752,226.53452,160.08234,24.668802,228.36761,161.45866,-7.247907,226.2238,162.18372,-7.2623286,224.1457,162.91225,-7.225581,213.84236,167.545,68.79476,210.93292,171.03117,-68.44894,236.50665,178.44547,35.550404,234.8975,179.84927,-4.5567446,213.77238,228.29213,161.06546,205.26746,220.8563,-160.1678,268.89197,261.71265,226.41756,269.08038,256.3542,-185.88094,337.03915,266.88953,223.8591,343.68137,268.20877,-124.469536,355.86206,265.19818,244.92583,359.74713,275.74445,-139.83652,362.28583,265.1298,219.16496,365.63846,266.87582,-130.08366,355.70926,268.33514,211.86182,359.6335,266.235,-117.727844,237.09126,352.69565,88.02918,227.15344,359.3182,-87.67986,350.0855,371.27078,71.999596,341.20117,371.93222,-104.49107,453.9325,406.1401,105.861374,450.20547,417.91678,-57.47219,465.78186,423.15863,105.08729,463.09024,439.51865,-54.76541,496.5934,382.3996,68.573044,490.1651,390.16217,-98.12426
sample24.jpeg,213.7484,36.340775,1.5189127,217.2879,32.224052,2.3118253,218.8223,32.17667,2.3664885,220.37659,32.088543,2.4293852,213.6453,32.064003,6.3527207,212.46118,31.777723,6.3273373,211.26328,31.524448,6.2385755,224.8393,31.866854,25.488895,212.40369,30.6213,44.467785,217.25188,38.917522,11.235847,212.80438,38.528713,16.670296,236.91264,43.962795,18.013102,205.59071,41.0027,69.00763,236.21088,66.544,-17.474955,192.76549,57.03907,33.7244,214.68416,68.00532,-59.23224,177.48077,63.465294,-51.07802,208.52483,70.30009,-70.049,171.16977,65.318245,-65.58149,207.88435,66.12869,-70.47808,173.82588,64.10984,-73.7934,209.41847,66.92284,-59.472965,177.87823,65.19652,-56.642685,221.14464,86.87171,-15.394636,203.53156,83.2512,15.429932,197.28307,92.615456,-95.35241,180.58923,92.540085,-82.22214,173.99193,120.93628,-140.10101,152.38742,125.04486,-136.83351,173.01453,130.1152,-144.7776,150.1027,135.87962,-143.51744,157.92853,117.999245,-170.42455,139.86214,122.51065,-174.18832
sample25.jpg,238.9024,168.24767,23.195227,228.98431,160.40067,32.756508,227.69478,160.38924,32.834465,226.50455,160.26431,32.77133,228.34671,161.72894,1.1612307,226.18692,162.44579,1.1484395,224.0872,163.16467,1.1847403,213.54277,167.53506,75.02692,210.57913,171.10933,-60.46104,236.26738,179.00058,42.875374,234.6683,180.42294,3.3099854,210.76073,228.54036,164.10275,205.14484,221.37616,-153.55319,267.18918,262.78146,230.9185,270.06818,257.5119,-178.61525,335.90634,267.81998,230.61206,344.22043,268.6173,-114.51465,354.5205,265.7391,252.22128,360.58463,275.57605,-129.2931,361.21484,265.46326,227.05006,365.7513,266.71838,-118.84308,354.75006,268.86945,219.01996,359.65045,266.30823,-107.5124,235.13821,354.09854,87.12778,227.02599,360.61392,-86.79312,349.12283,371.21155,76.060745,341.35458,371.42715,-98.94539,451.5356,406.32263,115.12971,451.18338,416.90283,-47.189484,462.8773,422.88953,115.25469,464.0,438.63132,-43.69852,493.07516,383.27646,81.65165,490.9212,388.2452,-83.058014
sample26.jpg,239.0227,168.4426,21.640436,229.08539,160.5608,31.19724,227.78906,160.54314,31.275713,226.59325,160.4115,31.210928,228.4536,161.89964,-0.50582576,226.29144,162.61473,-0.51933306,224.18944,163.33238,-0.48432252,213.58572,167.63318,73.7852,210.6133,171.23175,-62.223415,236.34247,179.17648,41.449318,234.75949,180.60208,1.7298346,210.97478,228.36237,163.66203,205.08847,221.5542,-154.91672,267.27716,262.3636,231.45865,270.03088,257.45322,-180.03217,336.01044,267.67377,231.51978,344.4385,268.74197,-115.451,354.68103,265.66864,252.88481,360.81128,275.77466,-130.11607,361.36838,265.48535,227.74113,366.0277,266.86203,-119.909225,354.86365,268.90518,219.89713,359.92355,266.40506,-108.51692,235.39156,353.71707,87.52106,226.98195,360.48163,-87.182785,349.8715,370.9437,75.41656,341.52963,371.26224,-99.73919,452.5373,406.2262,114.71348,450.86752,416.98392,-47.108025,463.87967,422.84003,114.81073,463.5148,438.6678,-43.551598,494.44852,383.18835,80.700325,490.94553,388.5222,-83.39553
sample27.jpeg,72.84765,35.823204,13.767072,72.684746,32.95301,22.98654,73.637886,33.01573,22.98599,74.61147,33.022484,23.004684,69.15227,32.8062,15.926536,67.66622,32.698814,15.9095125,66.19032,32.609154,15.947492,72.65853,34.254986,64.33187,61.52892,34.122616,33.019855,73.51976,39.27545,28.586765,69.19107,39.239437,19.275072,79.38958,52.296432,76.04433,47.14989,47.459515,23.262747,92.72571,67.09985,40.56368,30.405718,57.033688,-35.868317,99.37184,62.84694,-33.418743,55.5682,62.146152,-85.48218,102.13957,63.00869,-50.64804,63.098164,66.31737,-95.85112,99.730095,59.574696,-50.867275,67.10006,62.54975,-95.65082,97.67129,60.635796,-36.22632,64.23874,63.549004,-84.89509,85.14269,91.25405,23.255882,67.82754,94.34071,-23.200336,120.55194,93.95534,-26.668547,104.08959,85.99023,-80.314064,156.78477,117.8419,-90.7154,140.14838,117.0417,-131.67244,157.64015,128.52629,-98.556564,141.52493,126.33495,-136.28966,180.61859,111.46432,-122.96631,164.03339,115.03278,-162.69461
sample28.jpg,239.0227,168.4426,21.640436,229.08539,160.5608,31.19724,227.78906,160.54314,31.275713,226.59325,160.4115,31.210928,228.4536,161.89964,-0.50582576,226.29144,162.61473,-0.51933306,224.18944,163.33238,-0.48432252,213.58572,167.63318,73.7852,210.6133,171.23175,-62.223415,236.34247,179.17648,41.449318,234.75949,180.60208,1.7298346,210.97478,228.36237,163.66203,205.08847,221.5542,-154.91672,267.27716,262.3636,231.45865,270.03088,257.45322,-180.03217,336.01044,267.67377,231.51978,344.4385,268.74197,-115.451,354.68103,265.66864,252.88481,360.81128,275.77466,-130.11607,361.36838,265.48535,227.74113,366.0277,266.86203,-119.909225,354.86365,268.90518,219.89713,359.92355,266.40506,-108.51692,235.39156,353.71707,87.52106,226.98195,360.48163,-87.182785,349.8715,370.9437,75.41656,341.52963,371.26224,-99.73919,452.5373,406.2262,114.71348,450.86752,416.98392,-47.108025,463.87967,422.84003,114.81073,463.5148,438.6678,-43.551598,494.44852,383.18835,80.700325,490.94553,388.5222,-83.39553
sample29.jpg,193.99483,170.8481,29.701664,185.13121,168.44958,47.763214,184.8191,169.01035,47.746128,184.57124,169.45644,47.736897,182.8497,168.60481,17.066156,180.38148,169.14723,16.978857,177.94974,169.68361,16.968245,172.72784,179.2649,117.658035,165.10501,179.2554,-13.754806,192.20523,181.70378,57.513283,188.54803,182.09149,19.386171,175.0068,229.65488,190.27385,155.6902,225.4935,-67.56928,175.65569,279.54678,329.68842,118.728516,279.02304,-186.40591,201.43321,259.3667,458.04883,183.10513,262.65958,-235.93832,208.72652,254.56673,474.66666,194.48296,262.1391,-245.72397,205.12628,251.0538,469.51822,201.1074,257.0894,-222.85873,203.16296,253.01167,457.08826,196.46059,259.9821,-225.31664,228.58823,341.44434,82.93046,216.30673,350.6137,-82.62344,353.9525,368.9713,-10.48788,343.01248,366.52087,-118.33226,441.80426,410.0127,-62.821712,467.757,409.27728,-176.46591,449.35083,428.05658,-72.16201,481.4336,433.55356,-181.42389,477.5027,393.61124,-100.71253,507.54004,378.76407,-208.5007
sample3.png,99.72918,79.66219,-12.594033,99.77175,75.35075,3.3675737,101.73466,74.8831,3.3511798,103.70283,74.32592,3.386939,93.74848,77.26167,-3.4582202,91.32704,78.049736,-3.4502237,88.95465,78.88009,-3.4058805,104.49875,78.44643,69.901024,84.400856,84.81063,38.65871,104.26355,85.712975,11.329379,96.41717,88.2097,1.9222417,127.13072,102.58632,77.03132,70.539,115.81268,52.82776,165.64854,119.31335,-13.755211,26.338606,136.48904,-42.660145,149.50229,107.498856,-122.89211,58.679943,122.61461,-125.17243,145.27112,106.88479,-139.90396,70.38427,121.97618,-135.60219,140.28665,102.00159,-124.981285,75.046104,113.98778,-126.56311,141.14284,106.01223,-117.05356,72.55092,117.85,-119.750824,153.06235,164.62595,18.968777,123.03783,184.14162,-18.675632,188.45566,173.98239,-162.24596,150.58961,193.69745,-214.58437,246.39896,207.5171,-254.48393,215.08359,222.1008,-288.23544,252.72177,220.36642,-265.9695,223.8237,227.27094,-296.1684,269.7591,206.60703,-340.95056,242.50294,223.59294,-365.48984
sample31.jpg,193.99483,170.8481,29.701664,185.13121,168.44958,47.763214,184.8191,169.01035,47.746128,184.57124,169.45644,47.736897,182.8497,168.60481,17.066156,180.38148,169.14723,16.978857,177.94974,169.68361,16.968245,172.72784,179.2649,117.658035,165.10501,179.2554,-13.754806,192.20523,181.70378,57.513283,188.54803,182.09149,19.386171,175.0068,229.65488,190.27385,155.6902,225.4935,-67.56928,175.65569,279.54678,329.68842,118.728516,279.02304,-186.40591,201.43321,259.3667,458.04883,183.10513,262.65958,-235.93832,208.72652,254.56673,474.66666,194.48296,262.1391,-245.72397,205.12628,251.0538,469.51822,201.1074,257.0894,-222.85873,203.16296,253.01167,457.08826,196.46059,259.9821,-225.31664,228.58823,341.44434,82.93046,216.30673,350.6137,-82.62344,353.9525,368.9713,-10.48788,343.01248,366.52087,-118.33226,441.80426,410.0127,-62.821712,467.757,409.27728,-176.46591,449.35083,428.05658,-72.16201,481.4336,433.55356,-181.42389,477.5027,393.61124,-100.71253,507.54004,378.76407,-208.5007
sample32.jpg,194.0507,170.64958,28.856749,185.13869,168.2829,46.888763,184.80734,168.84511,46.872257,184.54126,169.29228,46.862213,182.9046,168.4448,16.12514,180.45387,168.9919,16.039064,178.03845,169.53256,16.029472,172.65979,179.11052,116.83192,165.17891,179.13776,-14.8013315,192.21918,181.48137,56.72096,188.62083,181.86986,18.523937,174.91081,229.51888,189.5812,155.67133,225.34035,-68.2044,175.73718,279.46844,329.6041,118.671616,278.8558,-187.65915,201.20013,259.27673,457.75507,183.07732,262.4046,-237.67032,208.343,254.36789,474.34686,194.40681,261.81668,-247.5983,204.84682,250.88695,469.127,201.04025,256.81818,-224.71715,202.9395,252.86676,456.76785,196.3996,259.7414,-227.05812,228.50005,341.62305,82.87462,216.2735,350.75345,-82.56966,354.40063,369.0999,-10.518395,343.0571,366.70123,-117.98409,442.78232,409.48788,-62.65495,467.59976,409.43018,-176.23106,450.43665,427.48376,-71.96229,481.18167,433.69672,-181.2068,478.44904,392.58575,-100.34852,507.5549,378.61386,-208.42113
sample33.jpeg,215.33992,62.122383,-34.747425,218.97736,59.91056,-31.238943,220.43245,60.244534,-31.248634,221.88771,60.55398,-31.22486,215.52711,59.16323,-27.476479,214.37491,58.85263,-27.488743,213.20126,58.565823,-27.49564,225.16747,63.367676,-6.3164153,213.5958,60.332294,11.740119,218.31348,66.319786,-25.820942,213.38106,65.09564,-20.555597,232.37436,79.62388,-12.003498,206.97765,78.91709,49.507347,244.9625,103.03453,-41.56487,201.20935,100.905876,44.30657,225.67134,103.29789,-75.32629,196.37125,99.78579,-20.382505,219.862,104.85811,-84.56748,193.99095,100.07114,-35.33315,219.31444,99.48805,-84.40753,195.07246,97.38093,-40.709484,221.7273,100.43413,-74.860306,197.06313,97.79778,-24.592407,217.02379,121.8876,-21.110699,203.40535,116.88378,21.125174,196.25606,123.90004,-82.23862,182.24211,116.03615,-61.430077,162.56416,148.54597,-131.80115,153.52234,141.6297,-119.29837,160.30557,156.1954,-136.74037,150.73389,150.57994,-126.12692,145.78394,143.87685,-162.43083,140.46786,137.44629,-151.11447
sample34.jpg,194.0507,170.64958,28.856749,185.13869,168.2829,46.888763,184.80734,168.84511,46.872257,184.54126,169.29228,46.862213,182.9046,168.4448,16.12514,180.45387,168.9919,16.039064,178.03845,169.53256,16.029472,172.65979,179.11052,116.83192,165.17891,179.13776,-14.8013315,192.21918,181.48137,56.72096,188.62083,181.86986,18.523937,174.91081,229.51888,189.5812,155.67133,225.34035,-68.2044,175.73718,279.46844,329.6041,118.671616,278.8558,-187.65915,201.20013,259.27673,457.75507,183.07732,262.4046,-237.67032,208.343,254.36789,474.34686,194.40681,261.81668,-247.5983,204.84682,250.88695,469.127,201.04025,256.81818,-224.71715,202.9395,252.86676,456.76785,196.3996,259.7414,-227.05812,228.50005,341.62305,82.87462,216.2735,350.75345,-82.56966,354.40063,369.0999,-10.518395,343.0571,366.70123,-117.98409,442.78232,409.48788,-62.65495,467.59976,409.43018,-176.23106,450.43665,427.48376,-71.96229,481.18167,433.69672,-181.2068,478.44904,392.58575,-100.34852,507.5549,378.61386,-208.42113
sample35.jpg,194.0774,170.5242,28.955326,185.11969,168.21945,46.96298,184.75139,168.78331,46.945915,184.44939,169.23145,46.937027,182.95741,168.40804,16.088505,180.5297,168.97098,16.00432,178.13718,169.52658,15.994488,172.51302,179.12393,116.67724,165.28093,179.24,-15.345992,192.1671,181.36018,56.803604,188.65387,181.76714,18.4818,174.57355,229.5344,189.44571,155.78325,225.41705,-68.67005,175.35545,279.5099,330.9444,118.86722,278.9111,-189.0955,201.07483,259.40094,459.17892,183.05351,262.44846,-240.3241,208.2942,254.50153,475.83908,194.32217,261.93665,-250.42635,204.82787,251.05574,470.14957,200.96884,256.9128,-227.3881,202.93265,253.03575,458.0666,196.32565,259.78384,-229.6178,228.18674,341.64328,82.59247,216.20882,350.76312,-82.29555,354.31213,369.16855,-10.22853,343.04398,366.72766,-117.627815,443.3147,409.6519,-61.89013,467.60303,409.5341,-175.55661,451.0445,427.61328,-71.16273,481.1886,433.7645,-180.48206,478.94568,392.80344,-99.93317,507.405,378.76062,-207.70341
sample36.jpeg,88.23524,49.059906,-71.085915,89.12098,46.071728,-57.307358,90.69416,45.905876,-57.331745,92.28994,45.67979,-57.340126,83.97302,46.922977,-61.260525,82.09257,47.29642,-61.213234,80.22351,47.704178,-61.23437,93.36914,48.29144,1.4769737,76.474464,51.107075,-15.700877,91.1661,53.53824,-50.529095,84.83205,54.618694,-55.79898,107.95701,68.81807,22.28394,63.15649,72.82216,2.6674685,120.77982,91.95065,-33.46772,45.58556,95.56618,-53.22195,119.12606,94.34181,-141.64986,54.888206,99.53586,-140.67253,119.00961,96.33091,-162.18013,59.17805,102.40596,-157.05673,115.107185,91.376724,-164.58473,62.733173,95.893135,-161.69327,113.71663,91.60774,-145.2197,61.645065,95.6339,-142.48022,106.401505,113.71802,4.536383,78.19137,118.54248,-4.2655244,117.67766,125.35224,-159.21426,83.48923,125.64714,-157.38142,136.43723,155.71603,-300.48648,106.68036,157.25131,-268.3565,138.16043,168.71458,-317.47723,110.50236,167.93465,-280.77414,140.86275,148.16376,-365.53967,116.20052,152.19571,-327.2589
sample37.jpg,194.0774,170.5242,28.955326,185.11969,168.21945,46.96298,184.75139,168.78331,46.945915,184.44939,169.23145,46.937027,182.95741,168.40804,16.088505,180.5297,168.97098,16.00432,178.13718,169.52658,15.994488,172.51302,179.12393,116.67724,165.28093,179.24,-15.345992,192.1671,181.36018,56.803604,188.65387,181.76714,18.4818,174.57355,229.5344,189.44571,155.78325,225.41705,-68.67005,175.35545,279.5099,330.9444,118.86722,278.9111,-189.0955,201.07483,259.40094,459.17892,183.05351,262.44846,-240.3241,208.2942,254.50153,475.83908,194.32217,261.93665,-250.42635,204.82787,251.05574,470.14957,200.96884,256.9128,-227.3881,202.93265,253.03575,458.0666,196.32565,259.78384,-229.6178,228.18674,341.64328,82.59247,216.20882,350.76312,-82.29555,354.31213,369.16855,-10.22853,343.04398,366.72766,-117.627815,443.3147,409.6519,-61.89013,467.60303,409.5341,-175.55661,451.0445,427.61328,-71.16273,481.1886,433.7645,-180.48206,478.94568,392.80344,-99.93317,507.405,378.76062,-207.70341
sample38.jpg,195.10817,172.7043,28.607767,185.86888,170.51196,45.82782,185.39879,171.13371,45.816895,185.0281,171.63335,45.8396,183.82593,170.62291,15.1218405,181.43561,171.17065,15.056189,179.08316,171.7073,15.046293,172.38174,181.75671,114.16653,165.61212,181.88896,-15.7727785,192.69739,183.53645,56.044464,189.24849,183.88365,18.314161,173.6853,232.46799,184.82516,154.41307,229.45862,-64.62637,176.52046,280.52365,327.2181,111.66319,279.9809,-185.13461,205.67708,258.81818,444.96436,180.37314,260.65332,-255.02306,213.83202,252.58247,463.06024,192.3057,260.6284,-268.55927,212.72972,249.59421,453.95715,200.99959,255.4379,-243.1554,210.42908,251.89215,442.7769,195.84892,258.08405,-243.7583,228.9169,347.15457,79.64847,218.6773,357.1007,-79.33642,354.3939,370.0769,-11.693022,345.51843,368.26355,-111.45712,441.12415,409.11584,-52.538677,470.22086,407.87473,-167.64755,448.0899,426.16083,-60.19996,483.40427,431.5934,-172.4891,478.38968,391.4819,-82.84304,511.50662,375.14813,-200.42212
sample39.jpeg,242.59671,20.657455,11.295366,245.74376,17.765177,5.6948524,246.64642,17.80425,5.6709957,247.59067,17.840853,5.6287365,244.98279,17.697699,16.347393,245.21901,17.680162,16.282255,245.46529,17.68296,16.286856,252.9989,19.601627,-11.860091,250.07904,19.136002,36.749676,245.00624,24.51298,5.6965585,244.06561,24.488815,19.744823,258.6685,38.95908,-40.44045,251.80554,40.23478,61.904736,243.17117,61.38303,-52.950592,243.7325,64.794655,71.70513,217.47868,58.298805,-35.6698,225.9897,68.789215,40.350403,210.90065,59.054874,-43.209885,222.48679,70.20445,40.967365,211.84912,54.69717,-40.35572,221.08151,66.96387,31.675022,214.43335,54.471046,-33.850975,222.19904,66.28513,35.562725,239.57683,88.84048,-31.387268,236.42355,85.07845,31.481054,190.15263,93.96423,-30.65476,195.78058,92.13388,23.769884,146.1384,104.938324,-44.124226,156.25244,100.80147,23.770275,140.18918,110.89423,-45.30424,150.15218,106.96578,22.694557,131.0922,92.84118,-65.28738,142.94739,88.893036,6.655665
sample4.jpg,197.44366,71.90941,-58.75125,193.46936,64.35213,-29.277891,196.14758,64.31896,-29.286077,198.94214,64.06346,-29.340681,183.27956,66.09712,-55.866783,178.6283,66.969,-55.92759,174.00096,67.85991,-55.887955,193.3356,75.21517,104.542656,161.35216,80.40713,-13.927059,202.94469,86.70279,-9.726519,189.37383,89.20943,-45.12227,231.31367,155.81453,205.54405,136.61153,161.1617,-57.499454,264.4722,242.45145,197.37456,92.00352,244.47278,-188.26952,293.35214,248.39304,31.276785,199.7251,226.71463,-320.42245,303.02347,250.11317,-1.9363589,229.99066,225.6325,-359.8584,298.6956,238.67307,-16.981993,239.22926,210.20323,-334.06265,291.2052,237.26862,17.859304,228.61385,216.67886,-308.01663,282.1752,307.94424,93.21056,230.90257,332.88205,-93.09229,431.39883,339.23367,-102.05483,396.72705,348.66687,-168.8345,583.13403,386.34134,-261.01498,569.3022,399.33685,-256.67697,601.2141,416.60608,-282.40857,586.57916,427.70294,-266.7324,652.78503,346.17294,-353.62326,638.1812,367.35004,-345.68253
sample40.jpg,195.10817,172.7043,28.607767,185.86888,170.51196,45.82782,185.39879,171.13371,45.816895,185.0281,171.63335,45.8396,183.82593,170.62291,15.1218405,181.43561,171.17065,15.056189,179.08316,171.7073,15.046293,172.38174,181.75671,114.16653,165.61212,181.88896,-15.7727785,192.69739,183.53645,56.044464,189.24849,183.88365,18.314161,173.6853,232.46799,184.82516,154.41307,229.45862,-64.62637,176.52046,280.52365,327.2181,111.66319,279.9809,-185.13461,205.67708,258.81818,444.96436,180.37314,260.65332,-255.02306,213.83202,252.58247,463.06024,192.3057,260.6284,-268.55927,212.72972,249.59421,453.95715,200.99959,255.4379,-243.1554,210.42908,251.89215,442.7769,195.84892,258.08405,-243.7583,228.9169,347.15457,79.64847,218.6773,357.1007,-79.33642,354.3939,370.0769,-11.693022,345.51843,368.26355,-111.45712,441.12415,409.11584,-52.538677,470.22086,407.87473,-167.64755,448.0899,426.16083,-60.19996,483.40427,431.5934,-172.4891,478.38968,391.4819,-82.84304,511.50662,375.14813,-200.42212
sample41.jpg,195.29485,172.81459,28.440361,186.1156,170.65524,45.803917,185.65874,171.27773,45.793213,185.30179,171.77705,45.818916,184.01828,170.76736,14.93129,181.60158,171.31274,14.867921,179.2238,171.8478,14.858702,172.60927,181.86696,114.66037,165.66013,181.98987,-16.062998,192.85973,183.633,56.027325,189.34688,183.96783,18.089268,173.98625,232.31065,185.32196,153.92781,229.51788,-65.718895,176.72617,280.35233,327.13068,110.52591,280.0372,-187.05849,205.94373,258.7162,443.08435,180.0657,260.5493,-256.92163,214.13239,252.56781,461.03235,192.305,260.63266,-270.38306,213.07388,249.51277,451.8832,201.00899,255.3404,-245.03003,210.74695,251.75233,440.88318,195.76685,257.9307,-245.59554,228.88025,346.73245,80.28837,218.29932,356.8568,-79.96901,354.0938,370.06674,-11.688911,345.2503,368.38312,-112.26685,439.96793,409.85074,-51.645428,469.91052,408.24783,-168.55003,446.76337,426.97644,-59.182816,483.02347,431.9887,-173.42435,477.44208,392.53903,-81.49841,511.7303,375.6819,-201.62119
sample42.jpeg,75.88546,37.719494,-4.762709,74.70962,34.923374,0.60706395,74.70795,34.99991,0.603536,74.75296,35.034874,0.570645,73.49626,34.542667,-9.264302,72.550995,34.310493,-9.26576,71.620735,34.091385,-9.273461,70.76996,36.12073,23.092001,66.19367,35.253647,-19.768124,74.145836,41.258934,4.3463473,72.34416,40.811733,-8.333199,69.345924,54.570675,49.294773,55.77986,49.647106,-56.306267,81.43903,72.59698,53.325977,79.51699,67.04628,-75.024086,95.116104,82.098915,17.09357,108.92855,70.921295,-56.28469,100.49392,86.87782,13.958188,114.73201,75.22292,-63.40905,98.97398,85.117355,5.6932874,117.46198,72.04168,-61.76052,96.29222,83.777756,12.237697,114.76713,71.29336,-54.183857,72.57969,95.84711,31.375761,62.483788,99.03053,-31.245443,108.37575,102.84699,-3.4377048,101.2654,107.27767,-41.180622,143.9903,118.01435,0.23240349,141.47604,120.1514,-35.592552,147.70918,124.31003,-0.802193,146.2781,126.26202,-36.163887,160.03114,109.92216,-20.48716,157.18118,111.20256,-63.059902
sample43.jpg,195.29485,172.81459,28.440361,186.1156,170.65524,45.803917,185.65874,171.27773,45.793213,185.30179,171.77705,45.818916,184.01828,170.76736,14.93129,181.60158,171.31274,14.867921,179.2238,171.8478,14.858702,172.60927,181.86696,114.66037,165.66013,181.98987,-16.062998,192.85973,183.633,56.027325,189.34688,183.96783,18.089268,173.98625,232.31065,185.32196,153.92781,229.51788,-65.718895,176.72617,280.35233,327.13068,110.52591,280.0372,-187.05849,205.94373,258.7162,443.08435,180.0657,260.5493,-256.92163,214.13239,252.56781,461.03235,192.305,260.63266,-270.38306,213.07388,249.51277,451.8832,201.00899,255.3404,-245.03003,210.74695,251.75233,440.88318,195.76685,257.9307,-245.59554,228.88025,346.73245,80.28837,218.29932,356.8568,-79.96901,354.0938,370.06674,-11.688911,345.2503,368.38312,-112.26685,439.96793,409.85074,-51.645428,469.91052,408.24783,-168.55003,446.76337,426.97644,-59.182816,483.02347,431.9887,-173.42435,477.44208,392.53903,-81.49841,511.7303,375.6819,-201.62119
sample44.jpg,261.7754,95.05905,-180.66943,263.09213,86.143196,-160.15987,266.49646,87.28326,-160.0812,270.14703,88.31128,-160.10222,251.92995,84.228165,-178.92328,246.69476,83.692665,-178.95946,241.51974,83.20088,-179.06483,264.57346,98.774956,-54.173042,225.96875,91.88234,-137.46156,263.41492,110.95809,-141.07805,247.15685,108.27554,-165.65022,270.68423,168.84094,23.195866,181.08456,158.4302,-183.04002,323.56866,233.81693,6.2308974,193.43503,253.8828,-230.72423,389.53418,281.29895,-109.291046,286.8499,308.51923,-252.19305,415.9388,299.17627,-122.48561,304.16772,331.54117,-283.36,406.7133,295.80627,-155.99635,324.7195,320.68933,-280.91998,391.22537,293.00284,-126.28516,317.64178,316.40274,-248.27777,236.97333,313.7013,67.64287,186.28952,321.12234,-67.43008,337.0207,334.57745,-56.161495,294.41794,337.0263,-190.37321,333.77744,397.77417,-84.0681,440.49026,416.06955,-285.633,322.8821,411.57626,-88.00318,451.79037,434.32474,-294.96863,369.89096,407.2873,-144.17828,515.7605,415.41147,-386.40173
sample46.jpg,261.7754,95.05905,-180.66943,263.09213,86.143196,-160.15987,266.49646,87.28326,-160.0812,270.14703,88.31128,-160.10222,251.92995,84.228165,-178.92328,246.69476,83.692665,-178.95946,241.51974,83.20088,-179.06483,264.57346,98.774956,-54.173042,225.96875,91.88234,-137.46156,263.41492,110.95809,-141.07805,247.15685,108.27554,-165.65022,270.68423,168.84094,23.195866,181.08456,158.4302,-183.04002,323.56866,233.81693,6.2308974,193.43503,253.8828,-230.72423,389.53418,281.29895,-109.291046,286.8499,308.51923,-252.19305,415.9388,299.17627,-122.48561,304.16772,331.54117,-283.36,406.7133,295.80627,-155.99635,324.7195,320.68933,-280.91998,391.22537,293.00284,-126.28516,317.64178,316.40274,-248.27777,236.97333,313.7013,67.64287,186.28952,321.12234,-67.43008,337.0207,334.57745,-56.161495,294.41794,337.0263,-190.37321,333.77744,397.77417,-84.0681,440.49026,416.06955,-285.633,322.8821,411.57626,-88.00318,451.79037,434.32474,-294.96863,369.89096,407.2873,-144.17828,515.7605,415.41147,-386.40173
sample47.jpg,261.72293,96.62818,-214.64969,263.5526,88.02065,-191.68465,266.95505,89.17461,-191.6421,270.58377,90.21189,-191.67133,252.44696,85.94306,-210.11192,247.32425,85.31655,-210.09094,242.25397,84.75281,-210.15926,265.6889,100.27195,-78.32759,227.40367,92.94474,-159.82922,263.4272,112.331055,-173.06621,247.24869,109.41301,-197.01419,274.37164,170.19096,6.360002,181.03958,160.42326,-208.71677,328.79913,235.7804,-13.640364,197.08485,254.58167,-265.19214,391.79852,286.0901,-137.53339,287.83948,309.0655,-287.47476,417.65897,303.28116,-151.04953,304.4286,331.82562,-321.02005,408.0537,300.98557,-186.36945,324.71127,321.69125,-318.70795,392.66232,299.11963,-155.38828,318.08286,317.49936,-283.08896,237.03177,316.77963,71.32069,184.81593,323.091,-71.132095,322.0954,346.5354,-35.8021,289.52838,330.8497,-233.71303,323.49164,410.75348,-5.4069986,425.32605,408.862,-314.6999,313.20294,422.88925,-3.1235077,435.11603,427.56882,-322.63577,357.68274,427.5583,-57.832207,498.40604,408.92938,-424.8246
sample49.jpg,261.72293,96.62818,-214.64969,263.5526,88.02065,-191.68465,266.95505,89.17461,-191.6421,270.58377,90.21189,-191.67133,252.44696,85.94306,-210.11192,247.32425,85.31655,-210.09094,242.25397,84.75281,-210.15926,265.6889,100.27195,-78.32759,227.40367,92.94474,-159.82922,263.4272,112.331055,-173.06621,247.24869,109.41301,-197.01419,274.37164,170.19096,6.360002,181.03958,160.42326,-208.71677,328.79913,235.7804,-13.640364,197.08485,254.58167,-265.19214,391.79852,286.0901,-137.53339,287.83948,309.0655,-287.47476,417.65897,303.28116,-151.04953,304.4286,331.82562,-321.02005,408.0537,300.98557,-186.36945,324.71127,321.69125,-318.70795,392.66232,299.11963,-155.38828,318.08286,317.49936,-283.08896,237.03177,316.77963,71.32069,184.81593,323.091,-71.132095,322.0954,346.5354,-35.8021,289.52838,330.8497,-233.71303,323.49164,410.75348,-5.4069986,425.32605,408.862,-314.6999,313.20294,422.88925,-3.1235077,435.11603,427.56882,-322.63577,357.68274,427.5583,-57.832207,498.40604,408.92938,-424.8246
sample5.jpeg,482.317,88.242584,2.300588,488.6509,82.218,-9.151065,490.82333,82.30329,-9.19641,493.06512,82.36975,-9.281788,485.98135,82.13319,13.0455,485.98666,82.07382,12.948919,485.94876,82.05367,12.900226,505.115,85.687805,-37.316597,495.7792,84.57213,64.46492,488.9556,95.737724,-6.018655,485.77478,95.82356,23.370163,523.71533,127.71488,-83.66722,498.8388,118.853134,127.512344,511.90942,193.4628,-80.088585,492.41946,175.27576,109.085785,464.29346,164.6909,6.116816,460.90982,169.76286,-11.025469,449.7656,160.96559,6.138951,452.1378,169.45198,-26.262007,456.0212,148.04056,3.9840856,451.18628,160.16684,-34.61547,461.74033,149.65965,10.486799,455.17136,160.71353,-19.741085,463.28516,219.53114,-67.29949,450.62323,205.4605,67.28276,366.13614,243.4521,-62.100147,369.8005,231.90482,46.38142,283.95627,277.5167,-90.53749,290.35815,260.6819,38.480476,276.0587,291.60452,-92.55003,280.20508,275.0044,34.134678,244.19673,259.69574,-127.33589,253.31335,242.30057,1.294968
sample50.jpg,261.50302,90.863106,-220.1048,263.7302,82.03694,-196.74698,267.54504,82.81754,-196.73875,271.6086,83.4409,-196.79642,251.79568,81.160484,-213.34428,246.54178,81.02911,-213.34122,241.35486,80.96791,-213.29315,268.399,95.061905,-82.146484,227.57225,91.56354,-152.25772,265.5091,107.1218,-178.11678,247.65584,105.7443,-198.82814,277.17947,169.23479,21.80997,184.25475,159.67615,-205.0776,328.05557,233.31328,-3.9322824,197.50278,249.89555,-252.88625,397.04938,280.32718,-127.93638,292.44626,300.44534,-270.1893,425.58383,298.50598,-141.23152,309.08945,322.9127,-305.1175,417.00244,297.2818,-178.87556,331.45288,314.45526,-303.82883,401.31522,295.283,-147.58322,323.77927,310.97406,-267.20422,241.15886,313.46,76.14847,186.33307,322.1383,-75.9465,355.86963,315.2626,-137.44148,283.31778,311.9148,-288.25467,432.07202,424.3112,-256.977,424.19385,411.20047,-377.33344,428.09686,452.66577,-271.88635,434.02902,433.88007,-386.43597,504.13394,435.631,-348.80905,502.4151,415.18552,-487.61548
sample51.jpeg,43.730133,65.3674,-6.005351,41.403297,61.644962,-0.9365675,41.589085,61.42505,-0.94034666,41.79355,61.16942,-0.9431151,39.880196,62.11358,-9.862529,38.78211,62.205055,-9.881595,37.686825,62.29964,-9.853281,38.217247,62.35774,24.282824,33.093395,63.929733,-14.976862,43.417034,68.64298,4.027294,41.091213,69.35291,-7.2932296,40.26689,82.67417,48.67768,24.859274,81.52052,-33.108536,45.17598,104.69058,41.844784,10.232144,104.34987,-64.410774,59.593292,105.55179,-5.523424,33.68044,106.34553,-74.03332,64.395905,106.251495,-12.716909,41.372776,108.75964,-77.46493,64.346176,103.0652,-15.647999,42.54904,103.69888,-73.29393,61.71834,102.84791,-9.026041,39.694084,103.8755,-71.13297,51.146847,125.11837,27.693071,42.27111,129.28816,-27.582874,89.85356,132.27899,-9.074301,83.58251,136.28413,-42.3207,118.55852,150.55432,-23.705364,117.6363,157.06984,-50.765152,119.59643,159.15501,-26.996635,119.09109,165.98972,-51.52627,136.72214,143.51811,-41.979527,136.45384,149.52252,-65.37553
sample52.jpg,261.50302,90.863106,-220.1048,263.7302,82.03694,-196.74698,267.54504,82.81754,-196.73875,271.6086,83.4409,-196.79642,251.79568,81.160484,-213.34428,246.54178,81.02911,-213.34122,241.35486,80.96791,-213.29315,268.399,95.061905,-82.146484,227.57225,91.56354,-152.25772,265.5091,107.1218,-178.11678,247.65584,105.7443,-198.82814,277.17947,169.23479,21.80997,184.25475,159.67615,-205.0776,328.05557,233.31328,-3.9322824,197.50278,249.89555,-252.88625,397.04938,280.32718,-127.93638,292.44626,300.44534,-270.1893,425.58383,298.50598,-141.23152,309.08945,322.9127,-305.1175,417.00244,297.2818,-178.87556,331.45288,314.45526,-303.82883,401.31522,295.283,-147.58322,323.77927,310.97406,-267.20422,241.15886,313.46,76.14847,186.33307,322.1383,-75.9465,355.86963,315.2626,-137.44148,283.31778,311.9148,-288.25467,432.07202,424.3112,-256.977,424.19385,411.20047,-377.33344,428.09686,452.66577,-271.88635,434.02902,433.88007,-386.43597,504.13394,435.631,-348.80905,502.4151,415.18552,-487.61548
sample53.jpg,260.4116,91.406,-238.43182,264.0587,81.69103,-216.37112,268.2391,82.65735,-216.34186,272.66534,83.49201,-216.3777,251.44203,80.19333,-230.96101,245.98157,79.79623,-230.94395,240.5842,79.47211,-230.96483,270.7435,94.98805,-101.47275,227.20102,89.400055,-165.2458,264.79248,107.95656,-196.2204,246.07043,105.758125,-215.00137,279.6735,167.50314,-4.586706,184.65915,156.96265,-216.42484,334.67615,230.77806,-33.128532,202.9125,247.40604,-272.84674,400.24686,280.03903,-153.55322,296.98105,296.45853,-295.944,428.54993,299.19205,-166.65941,314.27466,318.94003,-332.6703,417.24557,298.19052,-202.78406,335.14493,309.0154,-331.28912,401.2738,295.54257,-172.0352,327.7449,305.7921,-293.14484,242.14038,311.81985,72.64921,189.36859,319.87344,-72.51073,345.48523,311.67535,-112.55462,295.9059,317.9376,-249.42816,384.71823,410.88428,-134.51833,429.8927,413.0302,-304.3803,376.6602,433.25037,-139.28203,437.34982,434.23358,-309.5803,441.15625,429.4547,-208.76404,507.04605,420.44855,-402.97156
sample54.jpeg,222.36046,52.440506,-8.743966,226.57909,49.65015,-16.70883,227.54486,49.77447,-16.733738,228.53873,49.8992,-16.782696,225.52492,49.90382,-4.9750395,225.67047,50.15404,-5.0366654,225.78633,50.390884,-5.1035438,234.32501,53.38032,-35.032738,230.57364,53.57481,18.200369,224.211,57.206055,-14.100838,223.09424,57.77695,1.304648,237.52023,83.099106,-54.587196,223.07692,72.345695,45.258743,218.43808,112.81781,-49.977417,201.72375,98.8684,18.388628,206.71292,87.19278,8.27916,198.65543,86.80808,-65.17231,203.63437,80.67162,11.225531,198.54453,83.450485,-78.76012,208.49138,76.72916,10.017438,200.79666,80.23197,-79.288445,209.54332,78.43547,9.866552,201.86327,82.6726,-68.62357,189.63171,128.39044,-36.92206,184.37987,118.77397,36.857216,137.56154,130.73218,-18.795795,139.40373,126.700745,39.21981,89.4584,142.29301,-13.734829,95.98293,134.43709,50.114017,84.38181,150.06352,-12.898564,89.81529,141.0653,49.410156,70.43142,125.44904,-32.17575,78.22706,119.49651,33.24131
sample55.jpg,260.4116,91.406,-238.43182,264.0587,81.69103,-216.37112,268.2391,82.65735,-216.34186,272.66534,83.49201,-216.3777,251.44203,80.19333,-230.96101,245.98157,79.79623,-230.94395,240.5842,79.47211,-230.96483,270.7435,94.98805,-101.47275,227.20102,89.400055,-165.2458,264.79248,107.95656,-196.2204,246.07043,105.758125,-215.00137,279.6735,167.50314,-4.586706,184.65915,156.96265,-216.42484,334.67615,230.77806,-33.128532,202.9125,247.40604,-272.84674,400.24686,280.03903,-153.55322,296.98105,296.45853,-295.944,428.54993,299.19205,-166.65941,314.27466,318.94003,-332.6703,417.24557,298.19052,-202.78406,335.14493,309.0154,-331.28912,401.2738,295.54257,-172.0352,327.7449,305.7921,-293.14484,242.14038,311.81985,72.64921,189.36859,319.87344,-72.51073,345.48523,311.67535,-112.55462,295.9059,317.9376,-249.42816,384.71823,410.88428,-134.51833,429.8927,413.0302,-304.3803,376.6602,433.25037,-139.28203,437.34982,434.23358,-309.5803,441.15625,429.4547,-208.76404,507.04605,420.44855,-402.97156
sample56.jpg,290.1937,180.71393,-24.907196,285.22992,171.19872,-16.918745,283.8004,171.44525,-16.87725,282.51654,171.5923,-16.931004,284.88132,170.59685,-46.129425,282.81256,170.01852,-46.16938,280.7653,169.47542,-46.199013,268.48297,175.87032,33.890087,265.61752,172.56404,-98.324486,283.04028,191.03331,-2.7052271,281.70343,189.96202,-41.472836,253.72885,229.33665,112.27579,245.96204,217.13557,-162.88228,302.67596,268.14435,141.22005,309.38257,260.67844,-193.57602,364.02734,292.02844,92.33698,371.72235,287.22403,-158.27895,378.72116,296.0016,108.7642,384.98685,294.5475,-180.97455,386.01413,295.14023,79.67417,388.9166,291.1665,-172.09378,379.81915,296.0311,80.412506,384.59525,290.96796,-153.475,243.50157,351.2653,87.043175,234.35013,356.27225,-86.66132,346.94443,377.36905,117.2823,352.19336,372.02594,-81.1398,454.71432,409.79526,145.53831,468.26135,407.25012,-77.61808,471.13007,426.04044,145.03387,487.88766,424.41232,-80.51387,489.89993,377.22244,106.9343,496.0275,369.33795,-142.88255
sample57.jpeg,86.1291,42.65952,-24.068933,83.15,39.829872,-21.000309,82.61993,39.92916,-20.99783,82.13738,40.00088,-20.997007,83.063576,39.80231,-32.58966,82.3216,39.795525,-32.594948,81.572945,39.814003,-32.620186,77.7785,42.29175,1.3246597,76.62029,42.012302,-51.725082,84.47335,46.637794,-15.421509,84.13398,46.552734,-30.654928,79.14613,60.11582,39.22173,69.686386,63.986095,-76.070145,83.56327,84.29502,33.56784,70.2884,98.336174,-78.50014,99.00269,83.37372,-47.244785,96.07488,90.58464,-33.842964,103.910324,84.62395,-63.34981,103.80787,90.67857,-34.186916,103.504654,81.53989,-65.75836,103.42679,84.93771,-35.5551,100.21495,80.852394,-52.10799,99.57356,84.85821,-31.770388,91.38141,105.83182,37.34079,85.90065,109.95219,-37.328968,113.23431,107.381454,62.212223,123.363335,112.09665,-32.992405,119.231155,129.68256,91.99438,159.74443,125.65118,-20.362263,117.268654,135.69131,93.588936,162.09981,132.72357,-19.073408,131.12286,129.33292,83.964035,177.5934,117.41178,-39.343502
sample58.jpg,290.1937,180.71393,-24.907196,285.22992,171.19872,-16.918745,283.8004,171.44525,-16.87725,282.51654,171.5923,-16.931004,284.88132,170.59685,-46.129425,282.81256,170.01852,-46.16938,280.7653,169.47542,-46.199013,268.48297,175.87032,33.890087,265.61752,172.56404,-98.324486,283.04028,191.03331,-2.7052271,281.70343,189.96202,-41.472836,253.72885,229.33665,112.27579,245.96204,217.13557,-162.88228,302.67596,268.14435,141.22005,309.38257,260.67844,-193.57602,364.02734,292.02844,92.33698,371.72235,287.22403,-158.27895,378.72116,296.0016,108.7642,384.98685,294.5475,-180.97455,386.01413,295.14023,79.67417,388.9166,291.1665,-172.09378,379.81915,296.0311,80.412506,384.59525,290.96796,-153.475,243.50157,351.2653,87.043175,234.35013,356.27225,-86.66132,346.94443,377.36905,117.2823,352.19336,372.02594,-81.1398,454.71432,409.79526,145.53831,468.26135,407.25012,-77.61808,471.13007,426.04044,145.03387,487.88766,424.41232,-80.51387,489.89993,377.22244,106.9343,496.0275,369.33795,-142.88255
sample59.jpg,290.20728,180.60216,-26.917854,285.24335,171.1427,-19.115717,283.80478,171.41808,-19.07649,282.51315,171.59352,-19.126545,284.93228,170.48674,-48.276463,282.87103,169.89856,-48.31784,280.83273,169.34584,-48.351654,268.47424,175.96663,31.53726,265.66714,172.47491,-100.7345,282.9945,190.98978,-4.8164306,281.71033,189.85568,-43.6046,254.2235,229.16858,109.76188,245.57959,217.13455,-165.2122,302.79474,267.79446,138.1096,309.01807,260.6007,-196.7064,364.43845,291.27142,89.417076,371.35974,287.0252,-164.00151,379.32828,295.12924,105.97849,384.55014,294.3818,-187.56305,386.66174,294.25272,76.423035,388.544,290.9509,-178.89548,380.33365,295.2703,77.343254,384.2078,290.74283,-159.40291,244.07767,350.96912,86.757545,234.29898,356.27905,-86.36679,346.96628,376.74655,117.074684,352.3062,372.08984,-81.582054,454.10397,409.06567,145.95891,468.35657,407.21033,-78.63349,470.57803,425.211,145.50644,488.1023,424.2213,-81.71577,489.00815,376.46893,107.56536,496.1662,369.39294,-144.88913
sample6.jpg,197.44366,71.90941,-58.75125,193.46936,64.35213,-29.277891,196.14758,64.31896,-29.286077,198.94214,64.06346,-29.340681,183.27956,66.09712,-55.866783,178.6283,66.969,-55.92759,174.00096,67.85991,-55.887955,193.3356,75.21517,104.542656,161.35216,80.40713,-13.927059,202.94469,86.70279,-9.726519,189.37383,89.20943,-45.12227,231.31367,155.81453,205.54405,136.61153,161.1617,-57.499454,264.4722,242.45145,197.37456,92.00352,244.47278,-188.26952,293.35214,248.39304,31.276785,199.7251,226.71463,-320.42245,303.02347,250.11317,-1.9363589,229.99066,225.6325,-359.8584,298.6956,238.67307,-16.981993,239.22926,210.20323,-334.06265,291.2052,237.26862,17.859304,228.61385,216.67886,-308.01663,282.1752,307.94424,93.21056,230.90257,332.88205,-93.09229,431.39883,339.23367,-102.05483,396.72705,348.66687,-168.8345,583.13403,386.34134,-261.01498,569.3022,399.33685,-256.67697,601.2141,416.60608,-282.40857,586.57916,427.70294,-266.7324,652.78503,346.17294,-353.62326,638.1812,367.35004,-345.68253
sample60.jpeg,48.215313,79.089294,19.04141,46.16233,76.01075,21.022373,46.040195,76.04782,21.013277,45.930492,76.05074,21.009766,45.36034,75.947075,12.083284,44.48776,75.86611,12.046586,43.62561,75.793915,12.025927,42.209587,77.27205,32.101974,39.22396,76.741066,-7.5882354,47.39102,82.35271,24.358917,46.199768,82.232925,12.955462,41.462482,94.63096,52.285698,34.16385,93.90093,-27.000229,44.958,111.9382,87.57659,32.863235,115.98724,-55.62506,58.33514,105.15705,108.72673,53.306976,106.54614,-56.10183,61.4978,103.60113,114.72071,58.451153,104.83606,-57.004673,62.32482,100.7509,111.24813,58.023518,102.21234,-51.060455,61.017303,100.986885,107.58771,56.406357,102.875916,-52.58929,64.99031,132.40642,26.978386,61.38379,135.71223,-26.847187,100.25369,133.74542,18.380854,98.365524,137.65038,-26.86665,131.61504,140.68277,24.097929,135.20416,145.13763,-22.192095,135.27188,146.48477,23.000595,140.20067,150.92374,-22.469236,144.05591,130.6366,9.463857,146.29932,135.48938,-34.016033
sample61.jpg,290.20728,180.60216,-26.917854,285.24335,171.1427,-19.115717,283.80478,171.41808,-19.07649,282.51315,171.59352,-19.126545,284.93228,170.48674,-48.276463,282.87103,169.89856,-48.31784,280.83273,169.34584,-48.351654,268.47424,175.96663,31.53726,265.66714,172.47491,-100.7345,282.9945,190.98978,-4.8164306,281.71033,189.85568,-43.6046,254.2235,229.16858,109.76188,245.57959,217.13455,-165.2122,302.79474,267.79446,138.1096,309.01807,260.6007,-196.7064,364.43845,291.27142,89.417076,371.35974,287.0252,-164.00151,379.32828,295.12924,105.97849,384.55014,294.3818,-187.56305,386.66174,294.25272,76.423035,388.544,290.9509,-178.89548,380.33365,295.2703,77.343254,384.2078,290.74283,-159.40291,244.07767,350.96912,86.757545,234.29898,356.27905,-86.36679,346.96628,376.74655,117.074684,352.3062,372.08984,-81.582054,454.10397,409.06567,145.95891,468.35657,407.21033,-78.63349,470.57803,425.211,145.50644,488.1023,424.2213,-81.71577,489.00815,376.46893,107.56536,496.1662,369.39294,-144.88913
sample62.jpg,290.07074,180.88872,-24.72164,285.24014,171.38045,-16.69944,283.87195,171.64006,-16.65986,282.64917,171.79953,-16.712095,284.76428,170.72981,-45.664288,282.66647,170.13353,-45.704098,280.58997,169.57251,-45.735615,268.72833,176.04114,34.370087,265.4437,172.61166,-96.747215,282.98566,191.19688,-2.4520774,281.4951,190.0711,-40.896114,254.08702,229.30093,112.28367,245.5135,216.97131,-161.33597,303.18924,267.55402,140.75024,309.19897,260.48465,-192.3809,364.62274,291.34055,91.72404,371.80756,287.27167,-157.07953,379.40115,295.37515,108.00335,385.21225,294.82715,-179.46616,386.7377,294.5073,78.98728,389.09274,291.37946,-170.90866,380.46765,295.38934,79.80247,384.73413,291.07855,-152.34616,243.81552,351.37088,86.46047,234.34517,356.34314,-86.079384,346.93835,377.00702,116.19713,352.57208,371.55515,-81.24637,454.8132,409.26706,143.74298,469.09344,406.87415,-78.582275,471.22037,425.50568,143.15599,488.7595,424.1469,-81.531204,489.89346,376.80975,104.86535,496.74008,368.9368,-143.6688
sample63.jpeg,65.9547,57.80581,-13.017854,65.145386,55.05127,-8.51893,65.397316,55.056786,-8.503376,65.6868,55.031136,-8.521827,63.590797,54.98186,-15.875401,62.60445,54.90898,-15.896088,61.63203,54.853218,-15.931916,62.95327,56.35237,16.781933,57.58856,56.162365,-16.567848,65.405426,60.66973,-3.238296,63.15915,60.643223,-13.083283,62.853573,70.531685,42.83681,51.981087,67.61176,-41.876343,75.94417,83.05824,37.88788,71.198654,79.0183,-55.152103,93.31064,84.21225,2.1366353,93.598335,82.61496,-41.94191,98.78378,85.38243,-0.8565285,98.3618,85.751686,-49.01194,99.493805,83.63904,-7.069094,100.14277,83.55677,-48.106945,96.959175,83.62167,-2.074507,97.66581,82.88906,-40.791573,66.85837,103.37744,25.366116,59.244587,106.52386,-25.337553,95.84036,108.46534,12.682512,94.92838,111.65617,-32.584938,126.78204,118.47561,13.508355,129.36012,120.36631,-43.104618,131.02892,123.47753,12.554449,133.50328,124.87807,-44.98569,139.06924,110.93506,-2.4956324,142.2805,112.76957,-66.44679
sample64.jpg,290.07074,180.88872,-24.72164,285.24014,171.38045,-16.69944,283.87195,171.64006,-16.65986,282.64917,171.79953,-16.712095,284.76428,170.72981,-45.664288,282.66647,170.13353,-45.704098,280.58997,169.57251,-45.735615,268.72833,176.04114,34.370087,265.4437,172.61166,-96.747215,282.98566,191.19688,-2.4520774,281.4951,190.0711,-40.896114,254.08702,229.30093,112.28367,245.5135,216.97131,-161.33597,303.18924,267.55402,140.75024,309.19897,260.48465,-192.3809,364.62274,291.34055,91.72404,371.80756,287.27167,-157.07953,379.40115,295.37515,108.00335,385.21225,294.82715,-179.46616,386.7377,294.5073,78.98728,389.09274,291.37946,-170.90866,380.46765,295.38934,79.80247,384.73413,291.07855,-152.34616,243.81552,351.37088,86.46047,234.34517,356.34314,-86.079384,346.93835,377.00702,116.19713,352.57208,371.55515,-81.24637,454.8132,409.26706,143.74298,469.09344,406.87415,-78.582275,471.22037,425.50568,143.15599,488.7595,424.1469,-81.531204,489.89346,376.80975,104.86535,496.74008,368.9368,-143.6688
sample65.jpeg,183.19295,47.631985,-26.972649,185.72775,45.577484,-22.663986,186.88466,45.703632,-22.663008,188.03749,45.81184,-22.644133,182.99036,45.35327,-17.99593,182.10905,45.234924,-17.982683,181.21727,45.152027,-17.987856,190.94168,47.85663,0.9127882,181.86937,46.728344,23.147287,185.82445,50.98807,-18.978308,182.01158,50.54065,-12.654911,200.77805,63.214863,-6.3848615,175.2842,63.53209,54.08458,212.13626,85.637405,-46.039566,172.07332,84.10403,23.130886,191.88492,81.692406,-94.64835,167.2631,80.71935,-68.748886,184.59436,81.59958,-105.55443,164.93652,79.80779,-86.648346,184.68799,75.762726,-105.018425,166.09106,76.891525,-89.57389,187.31544,76.9596,-94.1095,167.78282,77.477196,-72.40602,188.7754,99.71272,-23.256643,174.51729,95.89933,23.286097,170.71413,102.063736,-108.68172,156.1997,94.33313,-75.2134,147.84305,123.923546,-153.67502,135.79459,116.90811,-143.25409,146.6523,130.49513,-158.74025,134.58167,124.060234,-151.93794,136.6522,122.34471,-188.64833,125.87455,116.43569,-181.50441
sample66.jpeg,55.964375,29.912271,7.2289333,55.9084,27.211344,17.764204,56.80321,27.415165,17.75732,57.726852,27.5517,17.724165,52.60479,26.823748,9.727782,51.137135,26.65943,9.727828,49.661503,26.512402,9.77056,54.8144,29.74957,67.47371,44.401386,28.4731,30.881556,55.91066,33.92628,25.457605,51.512493,33.44637,14.575923,54.5803,50.12209,93.56097,28.873596,44.444256,25.670979,59.18351,70.49436,64.82798,9.702793,65.22921,-23.824287,72.00348,64.87852,-14.656099,39.34965,60.44886,-87.77769,76.694725,64.88319,-29.9814,49.071907,61.986492,-100.30743,75.793526,60.47188,-32.578487,52.280235,55.56992,-96.32577,72.926056,60.79227,-18.28657,48.818295,56.744747,-84.86637,58.08395,89.72747,29.07379,43.1134,93.15062,-29.014198,100.295746,102.17261,-55.150555,88.727325,101.87522,-96.611855,143.76215,120.66001,-137.0813,135.44621,118.57423,-153.70183,146.26503,132.42624,-146.76364,140.00209,127.9165,-158.81609,170.16711,109.40119,-171.93747,154.63232,108.31821,-188.63081
sample67.jpg,201.7725,77.01132,-70.939415,199.74077,67.50154,-44.24936,202.14482,67.19407,-44.282303,204.6748,66.6726,-44.38292,190.26427,69.00163,-69.51304,185.72519,69.38358,-69.61268,181.21901,69.784225,-69.649216,197.49493,74.318214,74.05817,167.72704,78.25519,-38.067074,204.64224,90.362946,-26.803102,191.9894,92.08025,-60.23667,222.11424,150.00714,182.0489,139.1068,154.95845,-93.70219,261.72723,229.89062,229.34091,110.37007,241.05757,-208.6767,310.86957,226.25455,125.91458,227.39352,221.56158,-327.2036,325.50177,223.53624,109.21812,258.95578,220.2572,-362.1508,326.93533,211.36307,83.82037,268.33685,204.5545,-338.67545,318.30716,212.6522,109.73279,257.04462,210.47339,-315.93924,282.08658,302.41022,92.11865,238.1092,327.61255,-91.99972,431.23297,337.5754,-87.53752,408.1927,351.21027,-157.93805,580.94385,386.37357,-227.17392,576.702,402.0916,-241.28893,599.39185,415.71445,-246.3893,591.9363,430.4796,-251.0444,648.34467,347.96445,-309.85522,646.11523,368.77124,-319.8748
sample68.jpeg,83.10246,44.278324,-37.1741,82.01185,40.573246,-25.444822,82.96322,40.269505,-25.404224,83.937004,39.900043,-25.397732,78.45661,41.56411,-35.51118,76.86697,41.91426,-35.48916,75.29865,42.283363,-35.504017,81.75654,41.67789,34.779865,70.64805,44.931843,-11.733527,84.626396,47.69708,-14.557174,79.861855,49.090237,-28.178072,88.65686,63.35512,83.59535,59.82699,65.50607,-10.727425,98.37328,84.29385,72.890724,41.891685,90.42369,-63.77282,109.59,78.47957,-25.633774,60.555634,88.85162,-143.90906,114.17761,78.079575,-40.848526,66.597664,90.972725,-160.13928,113.29476,73.31269,-48.64981,69.68815,84.66632,-159.39394,111.31555,73.767204,-32.161087,68.2604,84.91324,-142.7937,104.726654,108.731544,37.892574,89.72744,116.352325,-37.777718,144.22345,127.94876,-78.80411,127.86788,137.43292,-114.35807,181.29013,162.11354,-122.71064,168.33733,168.94836,-152.54117,183.84712,172.9896,-129.40396,171.70497,178.04819,-157.48083,203.74208,158.06189,-170.75107,189.13585,167.31473,-203.0408
sample69.jpg,201.7725,77.01132,-70.939415,199.74077,67.50154,-44.24936,202.14482,67.19407,-44.282303,204.6748,66.6726,-44.38292,190.26427,69.00163,-69.51304,185.72519,69.38358,-69.61268,181.21901,69.784225,-69.649216,197.49493,74.318214,74.05817,167.72704,78.25519,-38.067074,204.64224,90.362946,-26.803102,191.9894,92.08025,-60.23667,222.11424,150.00714,182.0489,139.1068,154.95845,-93.70219,261.72723,229.89062,229.34091,110.37007,241.05757,-208.6767,310.86957,226.25455,125.91458,227.39352,221.56158,-327.2036,325.50177,223.53624,109.21812,258.95578,220.2572,-362.1508,326.93533,211.36307,83.82037,268.33685,204.5545,-338.67545,318.30716,212.6522,109.73279,257.04462,210.47339,-315.93924,282.08658,302.41022,92.11865,238.1092,327.61255,-91.99972,431.23297,337.5754,-87.53752,408.1927,351.21027,-157.93805,580.94385,386.37357,-227.17392,576.702,402.0916,-241.28893,599.39185,415.71445,-246.3893,591.9363,430.4796,-251.0444,648.34467,347.96445,-309.85522,646.11523,368.77124,-319.8748
sample7.jpg,195.48657,76.599464,-91.34376,190.96921,68.57294,-67.420906,192.90636,68.55772,-67.48157,194.99693,68.335045,-67.61383,182.29077,70.09021,-94.47568,177.89977,70.727776,-94.54219,173.52335,71.39264,-94.55092,186.04419,78.024666,47.393154,158.64542,81.79464,-73.680664,197.63312,90.731064,-47.93635,186.35147,92.34779,-83.870094,213.76826,154.6464,150.30125,131.16577,160.93188,-110.928444,242.44211,239.76848,202.24545,81.35047,246.4627,-233.86607,281.85004,258.1065,111.030594,189.86566,225.97742,-365.71252,292.1103,261.67905,96.09747,219.68376,221.67807,-405.57605,292.30704,251.45355,70.057175,228.25629,207.6821,-378.29285,285.2981,250.28528,95.77452,218.60216,214.72285,-353.8117,274.65836,312.15512,90.31039,231.0912,339.13583,-90.21547,418.8489,339.5484,-92.560844,401.84534,353.4632,-158.02818,560.2987,383.90063,-237.04686,571.5701,393.60797,-253.46812,577.899,411.43164,-256.97327,588.34625,420.02347,-264.38565,623.0646,344.11835,-317.75635,637.4401,354.86987,-333.76193
sample70.jpg,199.59183,77.252884,-72.2686,196.40047,68.160675,-45.77584,198.71382,67.92036,-45.81002,201.1508,67.46398,-45.90468,187.26001,69.73759,-72.10767,182.83276,70.31696,-72.20612,178.43045,70.92595,-72.24241,194.3819,76.13122,75.66919,165.4547,80.593796,-41.283146,203.09357,90.9556,-27.191523,190.80028,92.92277,-61.90966,222.47125,153.18501,188.2059,138.47221,158.48238,-95.528336,259.1685,232.34439,222.5248,103.38192,246.2516,-210.0884,302.43533,227.30627,98.90151,221.791,226.17686,-317.6563,315.71436,223.979,76.586655,253.97186,223.89119,-350.67905,315.97467,212.39081,53.471264,262.12906,207.96022,-326.8624,307.64093,214.10646,82.75132,250.88007,214.37367,-305.96082,277.52728,304.3976,96.75621,233.99762,329.8781,-96.67683,417.0474,335.92984,-89.34449,407.2448,351.62836,-170.36932,549.9519,389.02606,-232.57898,577.0684,399.0071,-271.25027,565.76636,418.66098,-252.14304,592.977,427.53912,-282.6129,614.141,351.3525,-310.79605,643.46454,362.2016,-354.8526
sample71.jpeg,195.00566,37.29837,-40.586487,198.18748,34.33604,-38.24515,199.75414,34.33933,-38.235924,201.35081,34.32263,-38.233543,194.45993,34.37076,-33.676414,193.20184,34.331696,-33.693203,191.92044,34.32367,-33.686893,205.40851,36.761295,-15.779799,192.81061,36.33009,6.5148826,198.77667,41.426907,-32.306633,193.59915,41.27469,-25.804762,215.56677,55.24911,-23.002277,187.09883,55.613056,41.652325,220.83498,77.786354,-59.09248,176.87416,76.43237,31.855385,193.3063,78.490486,-98.46959,159.67513,77.940834,-38.0212,185.93927,82.10732,-108.27694,153.218,79.6375,-48.50634,184.16638,76.47171,-108.420525,153.70601,76.58116,-58.27527,187.13531,76.95431,-98.36389,157.02792,77.29323,-44.229248,193.68265,104.846565,-20.467382,177.72142,98.07733,20.461319,167.06352,118.0588,-91.21207,149.36414,104.20322,-57.765972,135.50266,154.01427,-109.3799,119.774475,135.91516,-85.56223,133.83093,161.24199,-111.245476,117.890656,144.98677,-89.02419,115.60647,158.48404,-140.3759,103.18198,137.18477,-115.93099
sample72.jpg,199.59183,77.252884,-72.2686,196.40047,68.160675,-45.77584,198.71382,67.92036,-45.81002,201.1508,67.46398,-45.90468,187.26001,69.73759,-72.10767,182.83276,70.31696,-72.20612,178.43045,70.92595,-72.24241,194.3819,76.13122,75.66919,165.4547,80.593796,-41.283146,203.09357,90.9556,-27.191523,190.80028,92.92277,-61.90966,222.47125,153.18501,188.2059,138.47221,158.48238,-95.528336,259.1685,232.34439,222.5248,103.38192,246.2516,-210.0884,302.43533,227.30627,98.90151,221.791,226.17686,-317.6563,315.71436,223.979,76.586655,253.97186,223.89119,-350.67905,315.97467,212.39081,53.471264,262.12906,207.96022,-326.8624,307.64093,214.10646,82.75132,250.88007,214.37367,-305.96082,277.52728,304.3976,96.75621,233.99762,329.8781,-96.67683,417.0474,335.92984,-89.34449,407.2448,351.62836,-170.36932,549.9519,389.02606,-232.57898,577.0684,399.0071,-271.25027,565.76636,418.66098,-252.14304,592.977,427.53912,-282.6129,614.141,351.3525,-310.79605,643.46454,362.2016,-354.8526
sample73.jpeg,219.2832,49.58591,18.479073,223.77213,46.991127,12.651425,224.93344,46.93606,12.643123,226.12769,46.8631,12.634932,222.72652,46.818233,23.3457,222.98784,46.69199,23.270752,223.2269,46.60096,23.212122,232.58595,48.890556,-3.0832806,228.56322,48.031433,44.792454,222.73361,53.57674,12.9315605,221.06453,53.4134,26.84522,238.94427,65.6911,-29.629807,226.16861,70.89397,71.36282,251.9522,87.09812,-76.27534,229.75745,89.030815,117.360504,215.92586,86.29011,-88.571144,214.24683,89.191895,170.8965,207.44307,89.6802,-90.30765,209.8406,90.90001,184.43509,204.3172,84.25941,-79.46623,208.65361,88.71937,178.15588,208.85696,84.76483,-81.870415,210.9926,88.35612,169.7855,214.6927,122.282906,-31.680124,207.52246,120.506714,31.769958,159.9725,127.467064,-27.46183,161.42288,128.21013,20.451694,113.23749,140.70244,-39.130672,115.5594,140.08287,13.320379,110.36483,148.744,-38.60028,110.764786,148.03664,11.04397,92.85541,129.92886,-45.655586,96.46621,130.27296,-1.7601755
sample74.jpeg,55.105667,26.584896,-106.89575,53.164368,22.120848,-91.26602,54.286156,21.954533,-91.237785,55.45283,21.72454,-91.23536,49.071285,22.808435,-106.70567,47.018696,23.092249,-106.736145,44.985954,23.412312,-106.727875,51.721664,24.961254,-12.004994,38.62826,27.187294,-80.91925,56.66687,31.647738,-77.86112,50.855362,32.72445,-97.76888,60.296234,53.77278,46.979458,27.80882,56.340397,-90.121635,77.258156,82.037605,12.442101,6.913829,85.67378,-216.34146,89.61791,66.15366,-70.8082,40.581154,68.71266,-314.42178,94.767975,60.88767,-82.02503,49.980736,65.81112,-331.0,93.43444,57.29163,-81.2628,49.8866,62.157394,-323.39194,90.5487,59.764114,-73.251366,47.659813,64.418915,-311.16696,75.52202,120.091606,50.79877,58.993233,129.31354,-50.8339,131.69911,140.13058,-16.217972,117.33373,149.03116,-96.857376,181.43564,175.25417,-34.106533,170.12744,184.99698,-113.058365,184.24045,188.4961,-39.13189,174.85503,195.75424,-117.25689,213.71011,168.13126,-83.77529,197.00467,181.0224,-172.39268
sample76.jpeg,1013.6305,108.83137,-208.32431,1032.2273,93.23031,-204.01956,1040.2765,93.730415,-203.84752,1048.597,94.17251,-203.83466,1012.8941,92.65131,-178.5718,1006.5824,92.21788,-178.6506,1000.1695,91.99614,-178.61435,1070.3224,109.455574,-108.914566,1006.61975,104.89858,15.600636,1032.2046,133.27048,-169.76602,1006.26746,131.35193,-133.44342,1122.7085,222.17902,-139.18715,975.91833,214.41884,198.92715,1091.3313,337.40424,-211.5635,900.76917,301.30988,259.32962,974.98846,401.48138,-400.56342,791.93585,363.71573,0.7584858,952.9086,434.239,-471.71017,753.0833,386.83917,-29.23981,929.12085,418.20428,-491.42606,758.25604,386.14694,-110.59696,936.74005,412.21167,-409.84442,780.95917,387.03372,-37.6649,1043.573,478.0898,-103.1215,964.86896,448.68185,103.07552,919.581,533.87366,-461.08704,809.67053,492.81088,-228.49751,747.35144,717.5843,-475.81564,641.62506,656.3008,-333.49182,737.3461,753.3265,-478.9557,630.5907,702.1006,-349.28815,644.9488,738.39075,-600.5433,548.95935,666.1184,-470.6687
sample77.jpeg,860.4474,420.04037,53.67303,849.5008,406.42865,109.92237,849.065,406.60825,109.79152,848.9348,406.54843,109.65478,841.51105,407.4103,42.014053,835.9712,407.81427,41.962883,830.44006,408.23468,42.186737,828.1489,419.21982,318.09357,804.374,421.196,22.54317,855.7197,441.4748,129.6797,845.2806,442.25815,42.630726,839.838,556.7821,477.6602,738.10815,519.825,-174.1949,863.8145,684.2528,369.3156,688.71594,654.96075,-391.00034,956.49164,728.73987,-35.965523,829.1743,695.8303,-591.2956,986.292,741.1428,-98.97887,861.0467,705.4733,-693.0255,992.69165,721.5624,-163.70172,888.86426,695.2617,-659.80475,979.8286,716.2347,-77.69591,875.8452,695.9965,-578.291,833.50903,783.5152,199.77855,762.25336,795.5837,-198.55894,1043.5634,851.7347,-258.97614,1028.6492,899.9566,-438.12488,1275.049,997.18823,-612.3145,1281.5977,1021.9721,-761.5378,1291.468,1058.617,-659.9741,1300.763,1074.1318,-799.1853,1402.3331,936.9829,-780.9657,1409.1992,954.6471,-960.83704
sample78.jpeg,339.76028,106.03629,-36.218903,326.17603,86.58631,-34.275097,323.58524,85.38614,-34.197517,321.1271,84.18426,-34.439415,326.7015,90.52337,-83.09983,323.14862,91.5725,-83.12448,319.6836,92.631256,-83.0926,290.96313,88.341064,12.455695,294.00272,95.16801,-213.00111,331.09705,125.14003,-11.794012,331.3065,128.23439,-76.52288,200.48537,217.78598,99.58679,306.4326,199.6791,-273.57397,186.38452,364.38266,170.5354,365.43475,350.77664,-118.54502,276.3215,345.00076,295.98566,402.30807,322.9742,153.11766,292.03345,342.39935,338.4786,411.30173,315.2612,163.63365,314.11978,326.04245,343.1042,402.49622,304.01462,155.02402,307.68466,324.76114,297.52304,397.15918,307.1272,154.81023,344.13245,479.62817,165.47461,386.6711,486.04404,-164.19724,569.7409,500.01492,336.75995,603.11865,527.02527,4.0573883,745.70276,572.89795,640.0625,795.50134,587.01355,257.2091,760.74164,611.27484,663.2008,816.56964,623.0135,278.32153,823.87177,513.7953,618.13226,872.6822,523.2288,237.3875
sample79.jpeg,746.3106,118.53382,-199.24637,757.66125,108.05172,-180.29102,763.89886,108.58697,-180.30568,770.08856,109.047516,-180.25858,741.55133,107.07954,-171.2267,736.0124,106.5932,-171.21706,730.4122,106.21646,-171.34206,783.25885,117.27508,-55.668472,729.2346,112.65179,-7.114127,760.8687,133.73344,-153.95453,738.7313,131.74573,-139.85866,827.14734,192.36333,-70.51581,705.30255,185.78288,153.21062,854.53705,305.89496,-192.02141,682.8193,281.06454,101.481636,773.9921,286.12418,-424.05914,645.509,284.3643,-225.09764,744.1554,287.1312,-471.78232,628.27466,287.06674,-287.53195,745.60834,259.10684,-475.35233,634.76385,275.9308,-311.67136,755.4569,263.90857,-425.23367,646.0659,276.9304,-242.86977,783.2417,360.3384,-88.898964,716.80115,336.66388,88.84603,705.60297,350.38458,-394.1855,635.9518,332.81863,-276.25885,551.2336,439.0357,-686.66144,521.61615,426.11218,-621.23883,539.6305,469.5314,-714.66943,512.6641,462.7493,-660.2258,478.46063,414.3029,-816.1605,465.99545,409.87753,-758.7959
sample8.jpeg,622.1849,92.44266,-1.5721467,628.1911,86.400276,6.103653,631.7475,85.852875,6.1865687,635.3741,85.24077,6.218961,619.5454,88.35611,18.079626,616.7433,89.082,18.05732,613.8864,89.872734,17.997654,645.63574,91.512215,57.433876,616.82086,96.55721,115.95715,632.49255,101.206024,16.16832,620.70483,103.20777,33.096825,667.9813,130.50652,-0.12684236,607.5942,133.01067,173.50453,662.8891,154.57948,-138.07663,569.64453,155.08607,128.6901,604.24554,167.11128,-251.76576,519.09625,172.881,-14.380385,591.39514,176.54184,-284.97543,500.29782,178.15852,-36.489315,586.40045,170.167,-281.5749,503.6762,176.29712,-62.083725,591.77716,172.15103,-252.63136,512.34894,178.09764,-29.330648,624.5929,234.26758,-45.283173,589.65216,221.45401,45.34068,577.94244,249.35562,-239.50774,536.04706,228.06067,-179.83153,498.97128,309.07056,-385.5744,472.2073,290.3314,-320.93857,492.7821,326.42987,-401.1557,465.6171,310.9802,-338.1765,458.10645,300.58734,-473.98636,447.1916,285.8206,-409.2446
sample80.jpg,1071.8774,232.56906,-76.36695,1086.2424,221.90074,-69.87103,1092.8802,221.67781,-69.86628,1099.6508,221.34435,-69.81833,1070.8567,223.21434,-46.093903,1066.0841,223.60945,-46.26083,1061.2413,224.07983,-46.513138,1119.709,233.36053,-3.9556286,1068.2616,234.23634,114.46377,1089.49,250.19016,-53.709507,1068.8132,250.74641,-19.08462,1160.3591,311.76904,-81.980354,1053.1821,317.52744,241.44131,1157.6691,408.38232,-264.42172,995.6879,391.31705,208.5569,1026.0292,387.11804,-402.38083,911.9862,384.88104,-12.409298,985.62103,394.4682,-433.11093,881.2433,387.773,-45.02021,987.563,369.17105,-434.49994,888.8037,374.54065,-75.05928,1003.33344,374.90738,-399.86255,903.0185,377.52817,-32.137333,1058.0494,520.5031,-110.31365,1003.41156,499.0797,110.42072,879.66156,545.19995,-273.6709,849.7435,530.3816,-129.00262,696.2532,637.6892,-405.34564,686.84845,622.88226,-259.93237,684.1382,674.8688,-416.23914,671.6349,662.39215,-278.8899,606.1961,607.1519,-498.86493,600.6539,591.36584,-374.05728
sample81.jpg,1082.2844,233.89418,6.950528,1096.7971,224.46225,8.613567,1102.8026,224.8736,8.631339,1108.8953,225.1629,8.69882,1083.4114,224.12479,36.655712,1079.5149,223.98155,36.444492,1075.551,223.88654,36.130516,1127.5481,237.39163,54.183838,1082.9756,233.03487,190.9439,1096.9392,251.88046,22.83595,1079.2435,250.4552,62.6034,1165.5139,312.114,-17.883877,1063.9542,313.72592,308.89398,1198.437,403.28082,-231.82104,1019.50854,393.7783,296.65845,1075.5916,375.05084,-377.86224,959.08636,391.33112,70.39868,1037.3347,380.6322,-406.80347,937.0675,396.87982,31.025045,1042.168,355.01288,-408.4622,942.3701,384.01706,3.466704,1058.5992,360.87872,-374.40402,953.562,384.46335,52.552544,1060.9996,507.5788,-118.012405,1011.7445,483.9475,118.407524,884.4595,543.90094,-219.88876,869.8121,510.80902,-107.64084,705.19806,639.75433,-354.6714,706.0786,606.158,-223.88257,692.4901,675.4439,-366.96747,689.09784,646.3838,-242.86653,618.8864,610.51825,-452.94287,623.4608,570.6083,-339.87885
sample82.jpg,1086.8939,234.25658,-38.9318,1099.5916,222.96701,-41.40876,1105.0354,222.86363,-41.463943,1110.5752,222.65918,-41.37991,1087.9915,223.58557,-11.675625,1084.7788,223.68681,-11.954869,1081.533,223.83153,-12.279405,1128.3918,233.10158,-9.220237,1088.1996,232.21808,134.48622,1099.9609,251.73386,-27.7725,1084.6642,251.77298,14.163332,1174.1917,315.1626,-59.662647,1064.5238,317.92346,273.42487,1231.1932,432.19485,-253.76767,1030.1874,421.5279,253.8784,1126.2072,387.80176,-425.72528,997.58105,398.85178,-15.942808,1092.0531,385.62933,-464.50223,985.6398,397.74237,-63.763714,1096.862,357.67352,-457.64795,989.86426,382.60858,-90.05036,1110.1727,366.1531,-418.9125,999.8172,385.67438,-34.03863,1068.5391,515.2143,-123.56187,1016.42456,495.27304,124.0576,883.7613,547.4817,-198.91742,873.8961,524.76697,-102.64909,703.5162,636.2105,-303.4002,722.76917,622.157,-184.92523,691.3107,669.7428,-313.10068,708.20544,658.96246,-199.9421,615.0639,606.9669,-408.66925,644.10095,594.25867,-304.53012
sample83.jpg,1087.4379,235.3796,-64.46652,1100.9895,222.70993,-67.491196,1106.9791,222.35986,-67.56532,1113.084,221.93039,-67.43747,1088.2521,223.70149,-38.688942,1084.657,223.85715,-39.046803,1081.0417,224.10716,-39.35242,1132.6582,231.45007,-39.867104,1088.2911,232.0061,102.86912,1101.6957,253.09155,-54.21971,1085.2119,253.6888,-12.640686,1175.0298,314.78247,-93.46236,1077.7754,317.8436,245.71953,1239.9395,436.05698,-311.47464,1059.2477,414.63605,335.38724,1140.592,387.55096,-485.0989,1010.8989,403.7158,279.79745,1106.5205,381.78683,-520.0742,993.8624,406.09048,274.5406,1114.2535,354.3908,-504.91656,996.38074,393.75412,242.48392,1126.042,364.9654,-475.94733,1006.2625,394.83392,264.51495,1067.481,523.4932,-122.22955,1019.455,502.1186,122.723625,870.60803,571.6804,-182.84807,852.96704,546.98944,-72.72567,691.7756,650.45905,-285.83295,694.1525,627.99786,-139.68924,678.95874,683.37836,-295.02457,679.6046,665.2283,-152.64166,602.17017,621.13885,-384.36578,605.32056,594.41815,-251.2628
sample84.jpg,1088.225,233.43132,-59.521336,1100.6544,221.48395,-61.57076,1106.2147,221.15158,-61.619514,1111.8824,220.73598,-61.42816,1088.8423,222.53995,-31.591484,1085.5254,222.77048,-31.895905,1082.2065,223.08061,-32.22603,1130.6125,230.49786,-39.930664,1089.4906,231.35011,107.06711,1102.333,251.03754,-52.23085,1086.7422,251.70248,-9.501965,1177.7097,315.49884,-101.2343,1075.7942,318.29788,242.8617,1242.4174,443.41843,-284.1628,1052.9558,419.31918,283.16403,1132.643,404.1252,-406.95908,1007.6201,410.84494,132.71259,1093.5577,401.39404,-434.6321,991.7288,412.0262,106.56917,1103.5358,370.68445,-428.22473,994.00366,398.212,74.90755,1118.6661,379.1408,-398.21252,1004.22046,399.1635,114.29328,1070.2281,519.1502,-126.81151,1021.3158,497.45605,127.35292,876.41895,552.6676,-180.04066,860.3093,533.7461,-38.14636,704.2323,635.22925,-300.9406,694.9242,612.9085,-136.83592,693.5889,670.1519,-311.87006,680.12805,651.1953,-153.71764,614.49286,601.10583,-398.47607,603.3687,574.7216,-247.92229
sample85.jpg,1080.8082,237.82231,-94.613464,1091.1643,222.99553,-96.318115,1097.013,221.51645,-96.396645,1102.9612,219.95921,-96.318665,1078.095,226.54037,-66.381065,1074.0452,227.4846,-66.634415,1069.9858,228.47353,-66.96092,1122.6433,225.57831,-60.97199,1078.294,234.80328,85.610535,1098.5969,251.60951,-81.453476,1081.469,255.5706,-38.674408,1178.716,307.1206,-117.03887,1070.3868,315.34647,228.71854,1218.3265,441.35492,-267.12903,1049.5668,427.30914,216.2266,1100.5358,412.92007,-378.53378,1001.0884,428.5994,-26.376022,1058.801,414.49323,-408.6891,983.9745,432.48407,-67.382866,1069.2406,383.09064,-407.13742,983.46014,414.6311,-95.3602,1085.2468,389.3057,-371.74023,993.8988,414.46918,-46.88392,1065.6498,524.01385,-125.90822,1014.3489,500.8105,126.364395,882.2538,552.00574,-215.10088,857.67896,529.3643,-62.936596,700.57056,642.3656,-347.28564,691.2999,611.79614,-173.45766,689.5287,677.838,-358.55008,674.41675,648.38525,-191.34143,611.0598,610.5518,-447.93045,607.52295,578.7338,-286.70773
sample86.jpg,1071.3058,235.68114,-128.68333,1080.9525,221.04996,-128.97508,1086.5496,219.69016,-129.13551,1092.2673,218.26442,-129.11603,1068.2097,224.21526,-101.682495,1064.1384,224.98325,-101.884384,1060.0884,225.80876,-102.127945,1110.1744,222.58507,-87.49035,1066.8134,230.91597,43.348026,1087.8262,248.91234,-112.01371,1071.2809,252.3357,-73.883224,1163.9812,305.69308,-149.2025,1056.12,308.75476,207.54626,1183.6923,444.3314,-226.12955,1026.6666,408.98138,243.59348,1060.2441,432.99655,-276.59842,965.53735,430.58374,33.323906,1020.02637,437.48886,-312.14008,945.8849,440.50684,-3.112965,1024.7806,406.91437,-314.2902,946.00464,427.6128,-47.072205,1040.3948,409.96075,-269.8994,957.8197,425.5066,8.489088,1067.0059,518.1904,-130.59836,1014.5629,495.5062,131.04718,882.71375,537.6332,-189.46962,863.2642,518.33716,-0.66734284,699.11707,626.4265,-284.446,710.7435,606.31494,-67.332275,688.6792,661.8846,-292.28284,697.56714,643.3712,-81.489174,602.3816,595.24945,-377.031,622.84326,577.66833,-165.7977
sample87.jpg,1057.191,226.15863,-135.64114,1069.9355,211.86462,-132.70439,1076.4126,211.1309,-132.81822,1082.9888,210.2856,-132.7679,1055.1561,213.75159,-107.25191,1050.4049,214.10828,-107.4302,1045.6477,214.52986,-107.67143,1102.4604,217.83487,-76.97648,1052.4517,221.45189,45.15349,1074.9657,241.98709,-114.60568,1055.1279,243.53093,-79.12829,1151.2355,304.2156,-145.50949,1038.4061,305.9729,197.13855,1155.385,438.9212,-228.8611,992.80524,397.16528,225.00903,1022.835,450.61316,-271.67548,919.22644,427.7132,38.31313,983.7688,462.97372,-305.5569,893.8955,440.43442,4.4926996,981.46545,436.12973,-306.35254,896.62897,430.4978,-37.14303,996.1713,436.42142,-265.606,910.6634,428.58984,14.9338665,1064.162,522.1052,-126.99242,1008.08356,499.11066,127.391594,883.8877,525.18274,-246.14876,853.7666,510.57944,-62.480488,690.9619,626.97235,-342.71286,698.88806,610.59845,-150.63185,682.1094,664.18567,-348.97852,688.89844,648.98505,-165.43741,590.8039,602.842,-426.17368,603.4138,591.05237,-246.48009
sample88.jpg,1036.6301,217.47162,-150.28639,1051.2812,202.48169,-150.01393,1058.0034,201.81868,-150.1436,1064.8223,201.00993,-150.20601,1036.2621,204.6357,-121.70387,1031.5614,205.18166,-121.85841,1026.8329,205.839,-122.029106,1086.7825,209.86215,-100.32228,1035.7998,214.21971,37.89356,1055.525,234.40471,-132.17819,1035.2656,236.35092,-91.90463,1139.5499,301.21808,-166.14052,1018.02606,305.67972,166.13951,1123.1478,431.24866,-241.32474,965.534,403.2332,175.5931,984.9995,453.38138,-274.7449,884.8473,438.63538,-28.557213,945.397,470.0748,-310.27875,854.7332,453.07483,-61.694237,941.09503,445.2729,-309.80676,860.65765,444.7209,-104.23132,955.14185,444.08493,-268.70947,877.7388,442.49774,-51.96615,1066.8519,531.36816,-113.587234,1002.55524,506.42596,113.93189,899.52405,541.35657,-314.77167,852.14734,512.91223,-157.99715,692.5304,641.3362,-465.134,694.47546,616.35565,-341.83075,679.8935,676.9027,-475.62466,682.2549,660.0986,-365.002,592.89417,615.19336,-566.9269,599.35504,587.3705,-457.86578
sample89.jpg,1077.6354,232.71686,-11.945223,1092.9819,222.60756,-7.2848506,1099.5555,222.66539,-7.2795067,1106.2554,222.5901,-7.245006,1078.0293,223.27495,19.276367,1073.5204,223.49301,19.116894,1068.9465,223.78966,18.842445,1126.6251,234.84286,47.294365,1076.6766,233.52455,177.00804,1094.4563,250.78253,6.572733,1074.5531,250.56435,44.407005,1164.1975,313.7275,-39.763336,1058.0074,313.9322,288.51846,1157.324,410.2919,-229.35895,995.81396,380.64133,252.34848,1023.7339,388.14963,-362.87534,908.6463,376.09146,24.504936,983.23724,396.38016,-395.54364,877.20557,379.79007,-10.370089,985.1944,370.04965,-395.58606,885.9577,367.86273,-41.91781,1000.9542,375.31546,-359.38434,900.36816,370.8001,4.147084,1057.9346,521.31647,-109.64946,1003.31177,497.93497,109.85976,878.3798,543.67334,-269.90057,851.02454,522.1177,-147.98753,684.36206,638.72064,-421.34204,683.2971,619.96265,-288.86966,670.5425,676.3253,-433.12366,666.6372,660.71783,-308.7709,593.3358,607.5018,-512.59283,599.7799,588.5094,-405.48935
sample9.jpg,195.48657,76.599464,-91.34376,190.96921,68.57294,-67.420906,192.90636,68.55772,-67.48157,194.99693,68.335045,-67.61383,182.29077,70.09021,-94.47568,177.89977,70.727776,-94.54219,173.52335,71.39264,-94.55092,186.04419,78.024666,47.393154,158.64542,81.79464,-73.680664,197.63312,90.731064,-47.93635,186.35147,92.34779,-83.870094,213.76826,154.6464,150.30125,131.16577,160.93188,-110.928444,242.44211,239.76848,202.24545,81.35047,246.4627,-233.86607,281.85004,258.1065,111.030594,189.86566,225.97742,-365.71252,292.1103,261.67905,96.09747,219.68376,221.67807,-405.57605,292.30704,251.45355,70.057175,228.25629,207.6821,-378.29285,285.2981,250.28528,95.77452,218.60216,214.72285,-353.8117,274.65836,312.15512,90.31039,231.0912,339.13583,-90.21547,418.8489,339.5484,-92.560844,401.84534,353.4632,-158.02818,560.2987,383.90063,-237.04686,571.5701,393.60797,-253.46812,577.899,411.43164,-256.97327,588.34625,420.02347,-264.38565,623.0646,344.11835,-317.75635,637.4401,354.86987,-333.76193
sample90.jpg,1087.1528,234.96956,38.997913,1101.5717,225.97012,34.837044,1106.9604,226.03404,34.854645,1112.4395,225.9678,34.891068,1090.714,226.75093,68.035385,1088.1251,227.13135,67.850174,1085.4404,227.5903,67.59366,1132.7628,239.21346,53.910378,1095.6809,238.19258,215.74281,1101.056,252.94931,44.600372,1086.5151,252.996,91.65534,1171.2861,318.3787,-19.743492,1073.3584,321.26273,325.4638,1210.7385,401.40216,-239.85858,1021.6611,392.03128,359.1148,1079.387,378.11395,-396.49326,949.22766,385.28345,165.8332,1041.2803,384.87988,-424.7138,924.40173,388.91086,135.04259,1041.8801,361.8394,-429.0713,928.46326,377.27283,103.661766,1058.1792,367.67892,-394.2772,939.85913,379.0788,147.58455,1059.0005,511.43924,-122.49656,1010.7592,489.46307,122.95933,875.8583,549.60706,-255.39386,853.07324,525.8611,-119.889915,693.70056,647.35535,-401.30737,678.8832,621.7563,-265.74902,681.0198,683.017,-413.91544,661.64307,661.8254,-286.9599,606.3198,617.4522,-499.536,592.0464,585.4236,-389.18973
sample91.jpg,1099.5376,239.99709,39.409523,1112.8622,228.22523,36.576527,1118.5051,227.93376,36.55573,1124.262,227.52052,36.62279,1100.5234,229.38461,67.723206,1097.1486,229.69266,67.4771,1093.7166,230.06584,67.08602,1143.8228,238.05124,65.55589,1101.4656,238.6595,216.30852,1113.6982,257.6074,49.122993,1097.8108,258.39783,92.928764,1190.4241,323.17258,13.905231,1075.2075,318.78928,328.23175,1237.4938,432.5598,-181.14343,1029.2686,404.33298,286.87885,1114.2866,386.58667,-318.02014,984.8778,397.9677,8.214567,1075.7673,384.15533,-347.6114,966.7248,400.24918,-45.06054,1081.6205,357.45157,-343.54578,975.6998,389.40503,-67.9058,1097.3546,365.96558,-311.99652,986.8017,391.19147,-9.147231,1068.1401,519.9198,-120.60527,1011.5243,494.3013,120.96404,883.28436,567.15985,-201.16055,852.23114,533.08746,-86.8552,695.2235,654.8884,-310.80026,679.19464,618.0782,-189.04051,679.8245,687.4506,-320.87488,660.5026,656.9864,-207.20741,607.60004,627.3002,-417.84885,593.9495,579.3224,-315.7098
sample92.jpg,1101.188,236.13824,11.42383,1115.6765,225.22437,10.016936,1121.5371,225.45932,9.9762,1127.5258,225.57674,10.061502,1102.6216,225.04828,39.198696,1098.992,224.91888,38.90014,1095.3278,224.86873,38.549927,1146.2798,237.43513,48.769375,1101.1492,233.75984,191.04597,1114.0223,255.21584,24.689798,1097.3308,254.26758,65.900894,1188.382,325.32727,12.731245,1072.8683,314.6051,307.83463,1252.5695,444.45813,-190.23634,1031.8425,404.252,287.168,1150.311,395.45966,-346.07437,1007.27014,395.33984,51.46987,1120.698,389.89072,-381.77826,995.59625,396.55298,8.361074,1123.4761,364.6351,-371.33447,1003.0199,386.10297,-16.054682,1134.3654,374.56833,-339.17752,1011.99365,389.10403,35.612045,1068.0059,519.1783,-116.32573,1009.82104,492.45987,116.73499,887.37244,563.85895,-195.93408,847.3884,528.64136,-89.930756,696.2953,652.7046,-286.841,675.3292,618.02747,-172.28543,678.9312,683.84906,-295.61316,657.62585,656.92694,-187.60077,606.8308,629.7857,-395.34473,586.24475,582.06635,-295.69156
sample93.jpg,1094.8132,232.39255,34.068115,1109.6337,223.10635,25.014175,1114.7682,223.14853,24.93401,1120.0374,223.0889,25.074854,1100.2848,223.86874,62.34039,1098.4362,224.26091,62.019596,1096.5721,224.75598,61.642742,1141.6923,235.69867,20.185284,1107.7383,234.95508,195.40465,1107.4037,250.9085,31.189585,1095.0422,251.10733,82.09015,1183.8894,322.24448,-54.984875,1091.9196,321.43912,315.93515,1255.6873,446.16235,-248.16318,1072.165,414.6495,379.03806,1143.6775,406.10687,-362.47278,1017.70135,406.8404,267.93298,1109.4636,403.5072,-394.67078,999.8132,408.35483,252.31342,1113.5396,375.6042,-381.01517,1001.6931,396.40552,212.17436,1127.7876,384.52158,-351.63022,1011.239,397.43283,247.55945,1067.9158,524.7086,-122.83197,1021.72723,502.70398,123.545876,873.4131,567.83746,-173.65996,849.10516,544.3399,-55.029953,690.47,650.7052,-272.38022,671.4004,623.0463,-145.22672,676.07056,683.8271,-280.6422,652.7215,661.20557,-161.05716,600.6287,619.6384,-364.13092,584.0659,582.7883,-258.99893
sample94.jpg,1092.9513,239.28459,-19.346699,1103.6738,225.8124,-25.54171,1108.8223,225.05756,-25.657139,1114.0853,224.22234,-25.573256,1092.6371,227.48344,4.8035483,1089.5056,227.79301,4.5494833,1086.3817,228.15945,4.286867,1131.2975,231.27325,-13.407516,1092.7349,234.32402,131.31123,1105.8467,255.0607,-14.332932,1091.6462,256.748,27.637535,1179.6154,313.98584,-85.83886,1078.2806,318.36084,277.90152,1226.5112,448.53125,-227.12534,1056.4749,426.6493,290.35974,1113.4156,412.08984,-315.7628,1007.6114,430.11362,78.857185,1074.9141,410.2086,-346.6925,991.68933,433.9076,45.385128,1084.8418,379.5617,-342.46658,991.6074,418.36856,10.556254,1100.7,386.4877,-307.52194,1000.84686,417.5427,57.78233,1070.5507,519.91876,-126.721054,1021.17303,498.96933,127.231224,884.812,557.7995,-167.34175,859.5185,530.791,-24.668789,705.9491,642.3444,-248.12985,690.38635,607.9021,-96.468895,693.9676,676.1365,-255.01889,673.48114,644.8358,-111.53197,617.2091,611.384,-339.30316,604.4785,569.7297,-205.88783
sample95.jpg,1085.3086,236.1649,-25.372345,1095.9283,222.27505,-31.398382,1101.1266,221.51122,-31.499466,1106.4395,220.66595,-31.443687,1084.362,223.77365,-3.215823,1080.9395,223.98402,-3.4197924,1077.5587,224.25584,-3.7621403,1123.1655,226.39917,-14.648716,1083.3964,229.39899,116.75449,1098.6085,250.7256,-17.199162,1083.707,252.20427,20.750349,1169.336,310.2749,-84.42588,1067.4176,306.2181,258.02444,1184.4363,441.00916,-162.12067,1035.3086,411.87173,273.45642,1052.4338,424.24347,-167.8584,994.8294,435.2086,63.49424,1013.9349,426.18622,-195.87488,982.8118,444.6173,22.83787,1019.10815,399.19458,-192.15024,982.25793,431.37445,-12.969164,1036.1595,403.94247,-159.78247,990.1924,429.454,42.262936,1060.5332,520.827,-126.353264,1010.8965,495.40414,126.83281,883.8447,543.41766,-177.90916,862.6399,514.80176,-10.141563,702.97473,642.50134,-270.3987,697.36804,603.55133,-88.14287,692.7672,679.13324,-277.67148,681.85767,640.77155,-103.69125,610.9948,611.85583,-352.18112,611.3675,571.25397,-184.01486
sample96.jpg,1063.5927,228.8683,-96.74087,1074.765,215.25792,-95.70912,1080.725,214.42686,-95.87503,1086.8088,213.51291,-95.92691,1061.5565,217.30281,-68.41309,1057.3328,217.73119,-68.606735,1053.1387,218.21477,-68.799385,1105.1871,219.9389,-58.36358,1060.7122,224.55171,71.05288,1080.4907,243.58844,-81.93741,1062.8617,245.49399,-44.3679,1152.7157,300.87183,-135.92256,1054.843,305.99396,209.77516,1162.9243,430.3262,-220.58017,1037.2603,407.94086,236.99039,1028.4895,433.9756,-234.43607,988.8769,443.85297,67.14862,988.1308,443.45804,-265.95044,973.39087,459.2577,33.587387,989.40216,415.49097,-261.03244,972.08246,446.155,-5.475425,1005.7246,417.58096,-226.00945,981.2853,442.20236,44.40907,1059.1106,519.87616,-124.73651,1009.9669,496.8923,125.193405,877.8479,536.58154,-188.18636,861.0615,513.78204,-17.452423,692.8238,630.47797,-293.49686,708.8799,602.2658,-93.97781,683.208,667.03094,-301.12582,695.8522,639.632,-107.74886,594.9818,600.81995,-379.10236,620.5935,573.4439,-182.82126
sample97.jpg,316.73123,177.65602,-100.10863,319.03867,162.3352,-65.85758,324.30234,162.4673,-65.76863,329.7694,162.35814,-65.7697,302.34042,162.15771,-92.217705,295.09808,161.87659,-92.22579,287.9013,161.65744,-92.11824,324.15927,170.00186,101.10526,267.5748,169.51938,-10.5260315,321.3588,194.37993,-36.043037,298.1461,194.21077,-69.150246,342.14066,247.39948,200.582,208.77806,249.40533,-67.1091,406.91348,316.50092,92.34715,224.1528,363.27942,-207.16963,504.19336,328.28903,-203.79422,332.85852,366.3119,-311.95294,543.30597,339.82645,-257.3043,360.2204,379.15268,-351.28638,529.43353,327.42914,-289.8034,378.5048,357.67337,-353.4666,509.29895,330.20712,-227.62794,368.8362,359.6223,-308.85645,332.84915,434.536,83.97841,248.5894,452.67337,-83.62533,468.83514,493.01715,-277.87067,355.45776,486.87158,-417.953,611.64233,629.0524,-573.58276,536.13165,614.7639,-660.48944,615.6981,674.41724,-608.4088,552.53656,645.0136,-684.7571,704.5005,622.06104,-734.60754,634.3969,619.03656,-823.1929
sample98.jpg,295.04636,182.97163,-111.660965,296.97534,167.17969,-80.62352,302.13214,167.05525,-80.55602,307.4593,166.67592,-80.55462,280.62204,167.5928,-106.41397,273.59488,167.50452,-106.43106,266.5845,167.458,-106.371574,302.51428,172.99588,84.20618,247.30385,174.46024,-28.820019,300.21967,198.8704,-47.334015,277.84827,199.51277,-80.5825,325.7254,247.07874,194.54298,187.01965,249.92757,-66.75787,386.06708,325.57446,73.85486,161.41605,366.80463,-214.05045,451.0806,327.30176,-242.56956,283.27728,362.741,-332.38162,477.58636,337.09204,-300.61356,320.00696,375.16354,-367.49347,462.67206,319.42572,-317.27002,334.07138,348.52655,-360.14734,447.99466,320.28455,-258.88657,321.41632,350.49484,-322.7365,324.94778,435.31476,93.08143,240.69547,455.78946,-92.76238,464.01862,491.82104,-266.31842,365.31073,501.52722,-392.71252,607.05237,619.4423,-506.75238,543.289,627.11475,-576.03796,611.78186,664.1162,-537.42474,560.3474,660.01587,-595.5767,699.19446,612.2259,-666.85364,629.1633,628.72864,-733.5223
sample99.jpg,278.93387,185.64053,-136.79826,278.88425,171.51823,-106.45798,283.5654,171.33691,-106.37125,288.4295,170.90749,-106.34726,263.80164,172.4481,-135.10033,257.15253,172.71178,-135.06023,250.51117,173.00705,-135.02371,282.76526,177.55531,56.520935,231.54518,180.74629,-70.99469,284.21848,200.52017,-73.16707,263.58276,201.8885,-110.41297,301.53775,250.06139,162.1829,172.26851,251.37009,-97.11669,349.3647,326.19302,54.502213,111.70586,352.96454,-246.30447,409.39642,321.06866,-263.807,231.82854,350.53256,-378.67154,435.30502,329.10178,-322.34497,269.24487,363.3147,-409.8233,421.30487,311.9405,-337.17316,283.07977,336.08148,-402.50885,406.40887,312.86566,-278.56424,270.585,338.113,-369.41736,300.94907,431.2451,102.54228,224.31094,453.0303,-102.396225,458.37195,499.01627,-189.48927,359.39685,510.01376,-351.64545,596.8315,616.3834,-339.17218,539.03064,623.8139,-426.23276,600.6333,656.4337,-361.48682,555.6618,653.4296,-434.70514,692.64557,611.315,-482.0024,626.2736,624.6284,-567.85205
