sample1.jpeg,409.47885,134.33917,-260.39993,407.764,121.08313,-237.72809,410.5452,121.23974,-237.66516,413.57233,121.3905,-237.66948,396.70203,120.45388,-264.18216,390.89206,119.71949,-264.15195,385.17218,119.20066,-264.13422,402.83548,126.41204,-112.25676,365.6208,124.24114,-232.2667,408.3732,149.45512,-213.11783,393.14038,148.27768,-247.01584,404.4989,200.48389,-2.3814068,323.67606,181.0419,-301.60916,501.10898,245.62799,-19.230644,403.1596,265.2463,-371.74094,587.249,283.99985,-115.140785,506.35944,285.8466,-358.2885,614.78253,300.90866,-124.20515,528.33844,301.07614,-401.85355,604.4143,294.2535,-166.6787,537.35736,290.6328,-402.64734,590.87885,294.94833,-138.40385,526.54767,290.5981,-358.61655,315.3828,353.62775,81.99058,262.55444,354.5581,-82.01481,431.85635,281.88245,-14.489499,366.9533,290.96417,-336.85367,428.76263,426.15756,95.95755,382.143,438.83704,-160.5522,409.18048,454.99323,103.81447,367.0772,462.40152,-146.44275,487.0839,458.35587,30.900358,451.03967,472.35956,-270.2273
sample10.jpeg,2084.6038,873.8396,687.65546,2090.5864,824.4636,543.3164,2081.468,823.8573,543.29236,2072.8735,822.99963,542.52234,2125.4524,827.05414,597.62085,2140.3074,826.8043,597.7205,2155.1887,827.595,597.6993,2091.6096,849.76556,16.40287,2200.8477,853.5618,267.41257,2076.9556,919.79694,519.6012,2110.5862,919.70953,594.8256,1999.1483,1110.6654,-397.92618,2349.2622,1116.2278,514.6096,1647.4108,1348.1567,-76.36807,2272.4849,1408.3333,1080.2739,1386.2479,1339.3894,698.3153,2067.2544,1448.7861,1710.4628,1304.0105,1336.2227,692.5951,2030.45,1446.6982,1872.4406,1318.9895,1313.2739,748.98914,1996.1105,1447.0707,1825.1459,1362.4866,1320.6392,730.4749,2004.0311,1449.7733,1706.4777,2231.1145,1827.7006,-367.39084,2411.3567,1784.8716,368.97327,1632.1398,1591.9373,470.491,1991.2626,1544.4688,1200.6024,1671.5756,2055.1643,1172.2537,1971.0945,1996.3925,1638.9098,1732.0376,2151.3186,1258.8575,2009.475,2081.782,1691.6775,1475.0101,2060.9087,1480.5634,1822.5271,2043.3912,1938.798
sample11.jpg,336.65442,127.42502,-379.3564,350.75705,112.14499,-373.2035,358.19794,113.49544,-373.1666,365.8684,114.75594,-373.20795,332.86258,109.58198,-365.12143,326.44196,108.4866,-365.06955,320.07376,107.621124,-364.99963,378.38974,127.01496,-277.41016,316.34607,116.313126,-239.6044,350.45038,148.39726,-340.75433,325.37332,144.20773,-329.79373,413.7776,190.33717,-148.96326,274.59943,193.57692,-286.95978,526.7226,245.49156,-202.75383,357.07672,302.14273,-341.08212,630.33405,308.57742,-312.51303,500.255,371.56714,-374.14288,670.36694,332.57733,-319.00146,528.6827,408.1183,-423.88544,659.2068,333.62723,-364.25858,552.13934,392.4828,-418.9176,637.98047,333.86777,-333.9524,540.03845,384.23904,-371.26263,363.50986,387.36713,31.50551,281.35553,401.3313,-31.093884,511.8144,295.42142,-162.42677,300.69257,316.36172,-331.37955,487.96692,466.8923,13.114255,376.28992,508.5143,-206.70247,467.38245,497.47034,33.14998,381.55923,531.62695,-194.51746,552.28296,506.33517,-16.37252,431.28717,564.0906,-285.5279
sample12.jpg,336.7735,138.33374,-435.17654,352.33627,120.76059,-429.78253,360.1867,122.16008,-429.76636,368.2376,123.47248,-429.81152,333.4544,117.69212,-423.22235,326.60162,116.24358,-423.13873,319.8299,115.028625,-423.0909,381.03516,134.09016,-322.2246,315.29376,121.75134,-290.04617,350.64297,158.80096,-390.43497,324.3085,153.82568,-381.01486,416.95193,195.74771,-181.10147,274.00067,198.05376,-330.62796,534.7672,253.82257,-225.29022,359.41083,315.6349,-381.33856,637.94476,318.01437,-347.03424,499.58295,391.89832,-414.66528,676.4292,341.8683,-356.31345,525.8019,431.1487,-468.00403,665.27686,340.8492,-402.93176,550.22473,415.9066,-463.26587,644.14935,341.03018,-369.66663,539.1887,406.7049,-411.96912,365.45712,398.25745,27.338102,282.36493,407.69083,-26.93163,498.00635,316.16232,-207.03416,287.45566,312.66083,-345.66315,458.96725,479.41245,-2.622939,373.83847,508.89722,-181.6735,439.4605,507.43594,21.023005,382.64203,532.44965,-166.27118,508.049,515.65186,-34.101593,425.97586,563.5646,-259.0098
sample13.jpeg,1332.8153,313.17877,-172.43327,1355.2397,293.35812,-226.87045,1360.4385,294.1186,-226.92369,1365.9119,294.87918,-226.97078,1353.7277,293.8644,-137.39026,1356.095,294.72684,-137.2863,1358.4274,295.90646,-137.06137,1397.9247,314.08118,-369.503,1386.6909,315.69635,40.148468,1344.7999,343.48456,-220.13673,1339.3506,343.96094,-101.17849,1392.6176,450.85684,-567.07196,1381.6271,439.9031,334.4588,1203.9393,507.1313,-652.5663,1206.0438,480.38834,503.32983,987.14136,510.18945,-537.7521,1027.2529,500.758,376.88516,946.3969,506.8734,-648.2993,994.47736,493.03073,385.67398,945.75854,485.95276,-603.6803,992.94794,481.06967,297.63867,962.5627,493.4875,-519.9537,995.79004,490.0712,335.12866,1282.3501,754.56,-289.17798,1279.5603,724.6273,289.90805,1025.0917,557.52594,-306.2994,1086.8124,592.90753,493.75186,976.70624,826.86224,66.25434,1023.3043,813.28326,855.6684,998.6388,889.8252,105.75084,1040.1884,859.81665,890.42126,856.7031,830.93036,75.988846,925.5646,843.85614,882.89355
sample14.jpg,336.7735,138.33374,-435.17654,352.33627,120.76059,-429.78253,360.1867,122.16008,-429.76636,368.2376,123.47248,-429.81152,333.4544,117.69212,-423.22235,326.60162,116.24358,-423.13873,319.8299,115.028625,-423.0909,381.03516,134.09016,-322.2246,315.29376,121.75134,-290.04617,350.64297,158.80096,-390.43497,324.3085,153.82568,-381.01486,416.95193,195.74771,-181.10147,274.00067,198.05376,-330.62796,534.7672,253.82257,-225.29022,359.41083,315.6349,-381.33856,637.94476,318.01437,-347.03424,499.58295,391.89832,-414.66528,676.4292,341.8683,-356.31345,525.8019,431.1487,-468.00403,665.27686,340.8492,-402.93176,550.22473,415.9066,-463.26587,644.14935,341.03018,-369.66663,539.1887,406.7049,-411.96912,365.45712,398.25745,27.338102,282.36493,407.69083,-26.93163,498.00635,316.16232,-207.03416,287.45566,312.66083,-345.66315,458.96725,479.41245,-2.622939,373.83847,508.89722,-181.6735,439.4605,507.43594,21.023005,382.64203,532.44965,-166.27118,508.049,515.65186,-34.101593,425.97586,563.5646,-259.0098
sample15.jpg,324.9603,134.57436,-399.61502,341.26825,117.35397,-397.5521,349.3818,118.788895,-397.49088,357.67404,120.114815,-397.5083,322.27353,113.964714,-387.93076,315.57846,112.41019,-387.8712,308.93683,111.07551,-387.77182,372.28674,130.7123,-302.58325,305.71008,117.43774,-256.3131,339.5611,154.63068,-358.40564,313.01416,149.51897,-345.08652,408.79984,187.31154,-173.72757,263.4571,193.66695,-283.19656,522.85767,252.40964,-243.78027,333.8702,319.74536,-323.77957,614.95795,322.77643,-377.57874,471.32748,393.61172,-363.3699,651.5936,349.89148,-388.51523,498.9089,431.0111,-412.8266,639.3926,351.75955,-434.4517,521.5598,415.13345,-412.12958,619.16864,351.92084,-398.66595,510.8122,406.1826,-362.37372,366.97775,376.56003,20.140043,286.80127,388.9426,-19.730667,471.13553,287.24542,-289.90616,269.62988,313.57584,-328.0428,456.12646,488.22302,-255.9157,374.4071,503.26285,-298.768,441.10825,522.00476,-249.9573,386.3006,527.2555,-295.948,498.4869,531.5822,-354.39938,428.9123,556.9706,-408.52042
sample16.jpeg,709.73517,303.27185,-425.34647,709.4772,259.54486,-380.18552,722.0791,257.38818,-379.89023,735.0919,254.98456,-379.94556,671.3944,265.00922,-421.05127,653.34033,266.17453,-420.89474,635.46173,267.70514,-420.66574,723.9388,270.24347,-110.062706,590.06305,288.40128,-274.76044,724.9519,339.38242,-320.1575,669.6005,346.2092,-366.7701,773.84674,428.35855,71.603676,477.55554,442.37103,-361.89932,948.9052,556.11816,-147.46362,549.68854,636.8465,-667.6871,1133.4213,636.647,-559.6405,793.6964,651.8666,-839.32056,1211.9241,682.87317,-615.7983,846.29504,694.38684,-902.8408,1175.978,676.46295,-677.73364,878.6966,661.0328,-908.36084,1133.9015,679.1411,-596.77234,860.6307,661.2702,-835.43414,671.0565,871.2485,118.42695,505.79276,896.07874,-117.73982,899.44507,691.1766,-469.65668,655.3679,723.3373,-849.46594,909.4452,1111.7828,-316.56122,664.63245,1165.7009,-704.74817,865.30066,1178.8121,-309.02145,641.7362,1221.9009,-692.28467,1045.2533,1252.2908,-521.2137,768.3626,1331.4998,-900.0399
sample17.jpg,324.9603,134.57436,-399.61502,341.26825,117.35397,-397.5521,349.3818,118.788895,-397.49088,357.67404,120.114815,-397.5083,322.27353,113.964714,-387.93076,315.57846,112.41019,-387.8712,308.93683,111.07551,-387.77182,372.28674,130.7123,-302.58325,305.71008,117.43774,-256.3131,339.5611,154.63068,-358.40564,313.01416,149.51897,-345.08652,408.79984,187.31154,-173.72757,263.4571,193.66695,-283.19656,522.85767,252.40964,-243.78027,333.8702,319.74536,-323.77957,614.95795,322.77643,-377.57874,471.32748,393.61172,-363.3699,651.5936,349.89148,-388.51523,498.9089,431.0111,-412.8266,639.3926,351.75955,-434.4517,521.5598,415.13345,-412.12958,619.16864,351.92084,-398.66595,510.8122,406.1826,-362.37372,366.97775,376.56003,20.140043,286.80127,388.9426,-19.730667,471.13553,287.24542,-289.90616,269.62988,313.57584,-328.0428,456.12646,488.22302,-255.9157,374.4071,503.26285,-298.768,441.10825,522.00476,-249.9573,386.3006,527.2555,-295.948,498.4869,531.5822,-354.39938,428.9123,556.9706,-408.52042
sample18.jpg,368.16885,149.14786,-418.22815,374.71924,129.46167,-401.77496,381.63657,129.97359,-401.74783,388.7292,130.33649,-401.80792,354.8295,127.712265,-414.92477,346.3458,126.64062,-414.88516,337.96896,125.72953,-414.79813,388.35413,137.66237,-262.7438,318.19455,131.32622,-315.43243,375.6473,167.2034,-360.83127,348.00146,164.501,-376.3819,412.80923,196.88385,-151.63554,265.5397,198.61285,-336.0711,522.31537,272.44977,-251.10077,340.21655,319.44968,-402.90652,619.5485,344.12155,-418.8637,477.5745,400.6443,-433.59024,658.3707,371.68613,-441.99362,500.76096,440.55194,-485.0924,641.56415,371.01385,-487.95685,529.5487,426.02408,-488.69318,620.5268,369.6528,-442.52484,518.81635,417.3077,-432.5723,370.3903,387.45322,34.274002,287.99185,403.1008,-33.739796,495.2691,288.55884,-220.89189,279.92612,319.2152,-341.23444,491.9331,474.21573,-194.35416,378.06964,508.45517,-271.46277,473.34564,506.86084,-190.3451,387.2684,535.8622,-267.12283,552.0318,519.09784,-303.4582,433.60754,561.101,-402.42905
sample19.jpeg,135.94403,60.256344,-12.046018,137.28442,56.618977,-19.124416,137.82036,56.42211,-19.13246,138.39676,56.20235,-19.134548,137.24615,56.5344,-7.924852,137.64871,56.271683,-7.939782,138.10127,56.067818,-7.9658027,143.27118,55.93981,-35.753002,142.58057,55.70225,14.480674,139.05766,63.10462,-17.443377,138.94325,62.94582,-2.8763177,152.13333,70.24012,-65.06135,149.63988,71.397095,50.615467,124.19769,86.14542,-93.82327,122.82504,86.78858,58.265865,96.02431,93.77323,-80.3648,98.73549,92.16635,24.749004,89.389435,94.82989,-93.94983,93.14006,91.1229,24.13443,89.67425,92.385796,-87.44986,92.693726,90.08619,10.577427,92.606316,92.374596,-78.088554,94.59696,91.448044,17.808474,171.05139,117.29125,-37.643135,167.6517,115.259735,37.724392,135.32257,97.57096,-51.95245,131.54704,97.38253,80.386345,124.28737,134.2482,-13.277845,120.51909,129.50252,132.78505,127.831764,143.28358,-10.112559,122.92114,137.16635,137.13788,101.0187,133.13292,-25.246698,100.26786,130.34247,135.67464
sample2.jpg,436.89682,194.65102,-43.705864,437.55804,184.43771,-35.160576,437.47913,184.40337,-35.048077,437.55844,184.35428,-35.064068,435.0904,183.36444,-55.536755,433.101,182.17834,-55.471054,431.17346,181.15178,-55.453186,430.1561,186.36305,29.537004,421.1784,181.89876,-66.788635,433.6224,204.16663,-17.784101,429.46677,202.00922,-45.493,412.9992,233.99667,136.51247,405.36752,221.41586,-139.78867,492.71536,263.7796,182.03494,500.58185,260.20905,-203.4097,559.1253,283.87567,109.84877,581.9777,274.30377,-164.57787,572.9179,287.4277,114.19073,602.04034,276.77075,-188.86406,572.76807,283.3662,81.929146,598.54443,267.69644,-175.75633,569.34424,285.78525,95.32621,590.35846,268.63733,-157.22168,360.93555,364.7683,95.36664,354.23477,365.09793,-95.140816,463.76807,281.76947,150.91666,467.02377,276.52588,-132.63475,456.45718,384.24582,269.8041,457.25928,396.55008,15.427155,441.41486,404.65057,281.00528,439.3783,415.70392,30.89217,502.04184,403.5352,289.2094,501.4992,418.7252,39.99559
sample20.jpg,368.16885,149.14786,-418.22815,374.71924,129.46167,-401.77496,381.63657,129.97359,-401.74783,388.7292,130.33649,-401.80792,354.8295,127.712265,-414.92477,346.3458,126.64062,-414.88516,337.96896,125.72953,-414.79813,388.35413,137.66237,-262.7438,318.19455,131.32622,-315.43243,375.6473,167.2034,-360.83127,348.00146,164.501,-376.3819,412.80923,196.88385,-151.63554,265.5397,198.61285,-336.0711,522.31537,272.44977,-251.10077,340.21655,319.44968,-402.90652,619.5485,344.12155,-418.8637,477.5745,400.6443,-433.59024,658.3707,371.68613,-441.99362,500.76096,440.55194,-485.0924,641.56415,371.01385,-487.95685,529.5487,426.02408,-488.69318,620.5268,369.6528,-442.52484,518.81635,417.3077,-432.5723,370.3903,387.45322,34.274002,287.99185,403.1008,-33.739796,495.2691,288.55884,-220.89189,279.92612,319.2152,-341.23444,491.9331,474.21573,-194.35416,378.06964,508.45517,-271.46277,473.34564,506.86084,-190.3451,387.2684,535.8622,-267.12283,552.0318,519.09784,-303.4582,433.60754,561.101,-402.42905
sample21.jpeg,70.17061,36.599106,-53.92095,71.1321,34.544415,-42.65074,72.26939,34.7414,-42.65146,73.43614,34.912235,-42.645287,67.4952,34.388073,-47.566975,65.97776,34.403767,-47.517735,64.47777,34.46215,-47.460686,73.1473,38.41365,3.055843,61.055164,38.033134,-18.658949,71.623,41.600346,-38.007122,66.52228,41.354744,-44.239952,80.65039,57.178627,16.622229,49.24179,57.940998,-34.493,94.19916,71.58146,-35.475876,54.325676,74.289246,-108.68128,110.91189,83.03867,-119.87688,69.5916,84.87527,-184.3431,118.68198,88.52751,-137.97739,71.812126,91.54835,-201.58899,113.4053,87.69369,-145.56503,77.27131,88.806114,-204.46675,109.87982,87.24832,-125.61527,76.64505,87.82553,-186.11957,77.01068,96.466644,11.787992,57.960087,99.49821,-11.655886,89.68251,81.39207,-109.634026,52.432796,83.65436,-141.2031,87.994354,119.838745,-85.44253,67.922455,121.50179,-109.81209,84.44713,125.59908,-84.78115,70.21463,127.28606,-107.50989,94.17213,134.07495,-125.877174,75.49802,133.79515,-144.47592
sample22.jpg,392.82874,150.5706,-388.96555,395.82516,130.96492,-368.24042,401.6717,131.41457,-368.25122,407.7479,131.74358,-368.35422,377.1636,129.208,-388.9861,368.6057,128.0742,-389.01407,360.1782,127.0882,-389.046,400.24725,138.08041,-230.47038,334.9313,131.40157,-318.69522,395.37747,168.73183,-333.87933,370.219,166.01671,-359.7799,417.73615,197.09964,-136.06375,276.248,204.31982,-351.79135,518.61707,283.5015,-203.39082,351.02127,337.29108,-432.01132,617.7012,359.2751,-354.20682,480.66638,415.94357,-466.58698,657.3325,384.08875,-374.5676,502.84308,450.90442,-520.6798,641.41626,381.66858,-420.6706,528.7856,434.38608,-522.01825,619.0385,380.7223,-378.98703,518.9635,426.7261,-466.19345,368.00113,381.3828,36.368507,283.42856,400.93558,-35.880707,497.2488,304.834,-160.1031,260.9594,346.4829,-350.46494,436.57028,451.8133,-84.050804,372.395,512.64496,-201.58066,411.78036,474.6494,-73.428185,382.99197,532.79736,-186.27364,480.68658,496.39502,-151.77892,430.8483,564.5492,-298.2464
sample23.jpg,510.7568,91.664795,-161.03535,507.84924,77.15143,-148.05554,508.37003,76.96623,-147.86226,509.01782,76.73563,-147.9442,502.80463,78.01134,-178.39008,499.2018,77.47001,-178.56313,495.5864,77.26574,-178.55351,493.46683,80.52353,-60.65368,475.55386,80.946266,-199.26498,503.22757,105.981445,-129.34027,496.00027,105.813385,-167.74362,477.9891,149.4525,48.09881,426.72607,150.33478,-266.76,564.59174,204.30003,41.500084,508.1832,228.89577,-319.95642,660.49335,245.16068,-44.909626,587.7013,283.23312,-276.32794,688.20245,254.62093,-46.56706,602.2145,301.63284,-312.8273,684.09735,249.53244,-85.86577,612.6641,292.43814,-306.5701,671.36273,252.63467,-62.60949,605.07684,288.8382,-275.9116,392.61032,318.03857,105.2658,355.5793,328.713,-105.3601,505.06696,208.47234,165.6641,502.20544,226.48616,-222.33455,462.09607,350.39618,339.61847,489.1951,387.92676,-32.828697,437.86426,373.2112,360.30212,467.48584,417.8865,-13.014033,505.12076,393.16513,393.37524,554.5126,418.58563,-25.855915
sample24.jpeg,108.727974,37.642067,-47.150715,108.44411,34.28686,-38.649014,109.75616,34.497185,-38.61939,111.09555,34.65189,-38.645226,104.19553,34.130947,-46.372105,102.222755,34.2157,-46.322124,100.28034,34.346226,-46.286438,109.43426,39.14648,4.0798974,95.08329,39.194973,-31.43085,110.50565,44.434574,-31.041883,104.59044,44.309345,-41.392017,121.86533,62.394268,21.621586,82.0242,70.437065,-45.366165,145.78838,78.53387,-7.404969,97.97352,85.67019,-90.98809,171.40132,81.65182,-79.23693,132.44398,84.53295,-129.69958,182.68958,83.90821,-92.732315,141.72975,89.93535,-143.89995,177.57553,84.461296,-102.84333,145.80415,84.85905,-146.64935,172.56349,85.578674,-85.59021,142.86627,85.13238,-130.10004,136.50777,121.440254,19.612278,115.83312,132.13106,-19.457617,157.79578,100.98203,-55.522526,119.20914,110.66234,-122.655304,172.64508,150.56728,-21.698135,142.8843,161.64812,-80.604095,169.15898,163.0565,-19.475548,144.88188,170.62888,-77.33362,199.07535,154.50931,-43.62099,157.00504,175.77507,-103.57038
sample25.jpg,510.7568,91.664795,-161.03535,507.84924,77.15143,-148.05554,508.37003,76.96623,-147.86226,509.01782,76.73563,-147.9442,502.80463,78.01134,-178.39008,499.2018,77.47001,-178.56313,495.5864,77.26574,-178.55351,493.46683,80.52353,-60.65368,475.55386,80.946266,-199.26498,503.22757,105.981445,-129.34027,496.00027,105.813385,-167.74362,477.9891,149.4525,48.09881,426.72607,150.33478,-266.76,564.59174,204.30003,41.500084,508.1832,228.89577,-319.95642,660.49335,245.16068,-44.909626,587.7013,283.23312,-276.32794,688.20245,254.62093,-46.56706,602.2145,301.63284,-312.8273,684.09735,249.53244,-85.86577,612.6641,292.43814,-306.5701,671.36273,252.63467,-62.60949,605.07684,288.8382,-275.9116,392.61032,318.03857,105.2658,355.5793,328.713,-105.3601,505.06696,208.47234,165.6641,502.20544,226.48616,-222.33455,462.09607,350.39618,339.61847,489.1951,387.92676,-32.828697,437.86426,373.2112,360.30212,467.48584,417.8865,-13.014033,505.12076,393.16513,393.37524,554.5126,418.58563,-25.855915
sample26.jpg,508.24893,91.02262,-169.5068,505.79846,76.85129,-156.67998,506.78708,76.85799,-156.52557,507.91833,76.837776,-156.63104,499.64316,77.32011,-185.56735,495.65958,76.75832,-185.65987,491.69266,76.51234,-185.62514,492.99237,81.615395,-66.218834,471.31815,80.9139,-197.76456,502.15256,105.784386,-136.40804,493.45,105.22601,-172.83154,477.19797,149.61458,48.864067,429.8593,150.16924,-271.8484,566.477,199.76347,46.893585,543.5619,220.39223,-335.65433,661.24774,241.61736,-34.87897,651.2031,244.28221,-288.5628,687.4703,251.61237,-31.61336,675.6937,256.34198,-323.47162,684.1298,247.74988,-70.89022,679.86865,242.81107,-312.21674,671.7866,250.11198,-52.383434,669.15735,241.63708,-285.0331,395.21597,316.64,104.34131,360.49686,328.09265,-104.33928,507.50943,209.47054,158.46379,505.4973,229.73268,-229.8922,466.10895,347.28073,313.0467,486.96127,384.67938,-35.58918,442.87784,369.53616,332.16904,463.92902,411.6346,-14.108324,510.49673,387.4743,373.01862,551.3922,416.4298,-6.8089085
sample27.jpeg,122.04969,37.56291,-86.14754,128.21797,33.593796,-88.82438,130.0913,34.12447,-88.81784,131.98988,34.604958,-88.79959,124.66492,32.299435,-80.20777,123.74253,31.808994,-80.19656,122.82151,31.397842,-80.22064,138.81963,38.16212,-81.73399,126.97216,33.541668,-46.073055,126.68971,44.3839,-83.03073,121.557014,42.619686,-72.82178,146.92804,66.57359,-101.75541,121.20997,59.143684,-12.405945,108.104546,96.63248,-104.873825,84.73732,80.59412,-9.717904,65.953865,110.80209,-96.27768,47.356415,93.466255,-30.240496,56.62255,117.55389,-112.86815,37.713005,96.07771,-35.008987,54.502766,111.58821,-113.56935,38.272923,93.651764,-50.242096,58.745243,110.43681,-96.912605,42.996387,94.954384,-37.49667,154.96806,127.5608,-27.116774,138.8043,121.01901,27.184175,114.97749,90.517334,-71.20633,92.5488,95.37566,29.67545,114.665405,144.2659,-34.970905,98.61121,138.35663,51.992935,121.03275,154.26859,-30.968256,104.704834,145.10918,53.704967,92.62584,152.70248,-40.45029,82.383575,147.84982,51.38944
sample28.jpg,508.24893,91.02262,-169.5068,505.79846,76.85129,-156.67998,506.78708,76.85799,-156.52557,507.91833,76.837776,-156.63104,499.64316,77.32011,-185.56735,495.65958,76.75832,-185.65987,491.69266,76.51234,-185.62514,492.99237,81.615395,-66.218834,471.31815,80.9139,-197.76456,502.15256,105.784386,-136.40804,493.45,105.22601,-172.83154,477.19797,149.61458,48.864067,429.8593,150.16924,-271.8484,566.477,199.76347,46.893585,543.5619,220.39223,-335.65433,661.24774,241.61736,-34.87897,651.2031,244.28221,-288.5628,687.4703,251.61237,-31.61336,675.6937,256.34198,-323.47162,684.1298,247.74988,-70.89022,679.86865,242.81107,-312.21674,671.7866,250.11198,-52.383434,669.15735,241.63708,-285.0331,395.21597,316.64,104.34131,360.49686,328.09265,-104.33928,507.50943,209.47054,158.46379,505.4973,229.73268,-229.8922,466.10895,347.28073,313.0467,486.96127,384.67938,-35.58918,442.87784,369.53616,332.16904,463.92902,411.6346,-14.108324,510.49673,387.4743,373.01862,551.3922,416.4298,-6.8089085
sample29.jpg,508.61984,84.41451,-130.8092,503.71628,69.66013,-120.75013,503.50864,69.20315,-120.62354,503.47253,68.75901,-120.6828,500.02466,70.87104,-151.89584,496.57504,70.61525,-151.83624,493.22702,70.54631,-151.89153,485.8965,72.70005,-44.997646,471.10175,74.57128,-186.52765,500.3041,98.09624,-101.83256,494.3947,98.505486,-141.99269,466.9517,138.73105,53.730556,429.47226,147.01839,-261.62604,553.79297,187.55864,67.298454,545.97644,221.47173,-306.02362,642.7836,221.86981,0.27674448,656.6534,242.81084,-259.10822,665.0924,225.95355,2.8613772,682.7866,251.17303,-295.4772,663.4361,223.45473,-35.963005,687.24506,237.11472,-280.25696,653.0853,228.33946,-17.524939,675.7067,237.24408,-252.27817,392.08243,311.52423,100.6812,362.63608,325.64313,-100.268196,503.4763,207.70676,151.75441,508.6394,232.39569,-209.85268,462.70148,350.2115,276.52347,491.7563,385.07553,-21.03434,440.6618,373.909,291.2629,470.0247,411.18503,-1.7542517,507.4542,387.92117,335.3726,557.4685,412.9232,14.259544
sample30.jpg,508.61984,84.41451,-130.8092,503.71628,69.66013,-120.75013,503.50864,69.20315,-120.62354,503.47253,68.75901,-120.6828,500.02466,70.87104,-151.89584,496.57504,70.61525,-151.83624,493.22702,70.54631,-151.89153,485.8965,72.70005,-44.997646,471.10175,74.57128,-186.52765,500.3041,98.09624,-101.83256,494.3947,98.505486,-141.99269,466.9517,138.73105,53.730556,429.47226,147.01839,-261.62604,553.79297,187.55864,67.298454,545.97644,221.47173,-306.02362,642.7836,221.86981,0.27674448,656.6534,242.81084,-259.10822,665.0924,225.95355,2.8613772,682.7866,251.17303,-295.4772,663.4361,223.45473,-35.963005,687.24506,237.11472,-280.25696,653.0853,228.33946,-17.524939,675.7067,237.24408,-252.27817,392.08243,311.52423,100.6812,362.63608,325.64313,-100.268196,503.4763,207.70676,151.75441,508.6394,232.39569,-209.85268,462.70148,350.2115,276.52347,491.7563,385.07553,-21.03434,440.6618,373.909,291.2629,470.0247,411.18503,-1.7542517,507.4542,387.92117,335.3726,557.4685,412.9232,14.259544
sample31.jpg,500.97748,82.67468,-169.81807,496.968,68.44268,-159.19722,497.0356,68.10713,-159.0745,497.26804,67.76911,-159.11235,493.32852,69.42535,-188.55238,490.10455,69.110825,-188.46773,487.00928,69.00857,-188.50189,481.1927,72.372215,-80.598526,466.26907,73.63404,-213.58218,492.96786,96.31093,-140.24403,486.96893,96.530624,-177.78891,469.33347,141.82542,15.80948,421.65427,143.41873,-282.90228,560.08887,191.85657,-1.6170402,533.3463,214.59952,-325.83157,652.48,229.5516,-68.81865,639.5975,240.33308,-296.9244,677.7652,236.22371,-66.2754,663.5536,251.34782,-331.6511,675.82086,235.01636,-106.041016,668.94885,239.21547,-318.60034,663.50793,238.80597,-86.566986,659.0707,238.66333,-291.24176,397.02585,310.32043,98.684944,359.9312,324.016,-98.27403,498.89935,203.90427,145.41515,499.28088,234.30495,-274.1399,462.27045,346.04776,271.40802,496.99884,386.26566,-71.349106,440.01865,369.82303,285.99417,478.7385,412.5298,-49.66139,505.61578,385.9595,328.24405,562.3725,414.03012,-39.330204
sample33.jpg,500.97748,82.67468,-169.81807,496.968,68.44268,-159.19722,497.0356,68.10713,-159.0745,497.26804,67.76911,-159.11235,493.32852,69.42535,-188.55238,490.10455,69.110825,-188.46773,487.00928,69.00857,-188.50189,481.1927,72.372215,-80.598526,466.26907,73.63404,-213.58218,492.96786,96.31093,-140.24403,486.96893,96.530624,-177.78891,469.33347,141.82542,15.80948,421.65427,143.41873,-282.90228,560.08887,191.85657,-1.6170402,533.3463,214.59952,-325.83157,652.48,229.5516,-68.81865,639.5975,240.33308,-296.9244,677.7652,236.22371,-66.2754,663.5536,251.34782,-331.6511,675.82086,235.01636,-106.041016,668.94885,239.21547,-318.60034,663.50793,238.80597,-86.566986,659.0707,238.66333,-291.24176,397.02585,310.32043,98.684944,359.9312,324.016,-98.27403,498.89935,203.90427,145.41515,499.28088,234.30495,-274.1399,462.27045,346.04776,271.40802,496.99884,386.26566,-71.349106,440.01865,369.82303,285.99417,478.7385,412.5298,-49.66139,505.61578,385.9595,328.24405,562.3725,414.03012,-39.330204
sample34.jpeg,182.17433,28.174097,-7.1259556,186.1086,24.822498,-16.826,186.9146,24.857687,-16.8318,187.76028,24.858297,-16.828676,186.22849,24.880465,-2.620934,186.93806,24.945177,-2.6609325,187.65172,25.07768,-2.6834037,194.40797,27.84367,-42.48169,193.75482,28.046669,21.791847,184.71231,33.409065,-16.000566,184.56422,33.466442,2.5569475,200.07596,52.699333,-76.71706,193.9526,53.833588,60.802193,164.97075,69.377945,-96.153984,161.95215,66.81666,76.026535,130.64069,75.011795,-80.63409,133.11342,73.2906,54.11422,123.146515,76.40641,-97.05775,126.157295,73.3382,56.301376,123.247055,72.84214,-92.15259,126.28098,71.509346,43.469425,126.4622,73.14723,-79.33257,127.53555,72.75406,47.3997,203.29063,112.318794,-43.49576,199.28732,109.52431,43.6464,160.56433,81.8605,-50.08607,162.59068,86.69244,79.885056,139.2886,124.73436,-7.3264112,138.85614,122.85522,123.38354,139.99268,136.79854,-4.16183,137.86316,132.12888,127.177986,114.00441,118.43545,-24.768045,117.39256,119.599846,118.21795
sample35.jpg,487.68842,80.54268,-174.53467,482.87875,65.824936,-165.34138,482.92636,65.40281,-165.18831,483.15674,64.98142,-165.19899,479.54276,67.160385,-195.48865,476.36316,67.019585,-195.47002,473.32745,67.08608,-195.5159,467.56662,69.790085,-88.88055,453.05893,71.9344,-227.2729,479.99878,94.276054,-145.20871,474.35922,95.135544,-184.38203,461.16086,138.66586,5.882703,403.4811,143.26434,-288.95505,555.2724,189.16325,-13.038832,493.45853,223.57411,-324.5915,650.9228,229.57964,-88.55572,587.5,263.34735,-302.02625,678.89703,236.55127,-91.69596,606.9192,277.30325,-341.4809,676.32153,234.864,-134.39603,616.0177,265.0037,-332.74774,662.7014,239.16318,-109.02301,607.4609,263.4002,-299.28876,386.14862,311.96545,97.131676,343.38266,325.80444,-96.74013,481.68423,206.61514,142.55347,463.75717,250.99538,-301.9722,455.35434,354.01465,293.17422,491.90134,390.17398,-78.61043,434.61438,380.0381,310.23407,478.79556,413.3036,-54.290813,500.2915,391.1034,339.38898,564.7484,416.68408,-60.60565
sample36.jpeg,634.6799,165.19574,-50.52732,641.60034,154.70988,-72.497116,643.43585,154.53644,-72.54388,645.35486,154.26584,-72.51693,642.01184,154.11049,-38.265163,643.4651,153.59744,-38.263584,645.0504,153.27571,-38.31621,661.5302,157.50732,-126.954384,660.70654,155.84454,27.930458,643.53064,176.42737,-68.191635,643.10803,175.7662,-23.448656,681.40436,210.72737,-203.12746,676.28357,211.10614,129.73776,576.7626,256.7832,-253.25465,580.0205,256.9581,140.99026,482.94604,274.8585,-203.62355,501.3006,276.34897,53.5922,459.89337,275.07788,-247.39738,484.0384,270.8544,55.18499,462.4562,265.8321,-227.40668,482.29605,269.52505,12.10166,472.79382,268.19333,-197.03369,488.67194,274.85474,32.825783,745.0525,359.28925,-110.67879,738.074,351.23843,111.01153,621.25745,301.52206,-136.30959,620.86426,302.51685,253.78638,594.96356,424.0358,-31.977676,593.5257,406.10764,439.0859,607.11255,452.5426,-24.69559,601.8685,427.94156,455.32706,526.11523,424.52042,-59.613426,534.564,416.08102,460.80136
sample38.jpeg,545.6476,101.40325,-24.373867,538.13464,86.30048,-7.2101183,537.33984,86.53373,-7.084176,536.9075,86.72822,-7.1586494,532.5337,85.9881,-43.555237,527.4948,85.32184,-43.66646,522.55237,84.83214,-43.617577,514.3428,99.52324,78.62812,494.56915,95.807755,-85.65605,535.40173,125.48541,7.513816,527.1013,124.15126,-40.29346,485.46603,219.76036,195.61554,450.7265,198.67262,-204.92902,608.95374,312.37878,209.99539,582.8173,312.26917,-261.92703,732.3944,355.20306,112.74829,719.2031,357.39346,-205.25003,765.01733,356.75946,117.16533,750.345,365.97867,-249.03061,763.349,356.5107,73.58262,755.1332,354.7149,-233.62181,749.7065,360.25336,91.063995,742.0873,356.0078,-200.56929,366.8051,436.90717,133.97238,336.21716,438.04938,-133.69078,559.7954,359.25476,179.71375,577.4163,379.20145,-189.51347,678.459,536.8771,287.34802,716.3684,567.3686,-80.94636,678.96027,575.615,295.28354,720.90625,610.025,-71.304,764.7763,538.24493,256.39087,820.6488,554.62494,-139.51155
sample39.jpeg,477.12497,175.59567,28.084242,483.36496,164.27019,0.88265866,484.19952,164.61867,0.92598855,485.19785,164.89645,0.9735445,486.05484,162.85463,36.64931,488.35437,162.1923,36.65743,490.85422,161.7527,36.656628,498.81085,170.87494,-77.91593,505.18182,167.23434,84.46002,481.66898,188.93872,2.9156966,483.532,187.207,49.807293,499.90543,231.54408,-174.79771,526.7855,226.95714,198.34009,411.14337,294.37524,-216.41309,439.73395,290.57394,248.0266,325.82233,314.84305,-90.531906,364.92224,309.65356,152.9193,303.76736,316.28052,-118.34642,348.2374,304.8479,165.49446,306.6796,307.8472,-94.62561,341.8416,302.00226,127.002335,317.96854,308.9087,-80.32768,345.59308,307.35162,134.4586,558.00604,398.65543,-117.73288,572.49896,388.13712,117.927055,465.37634,319.75876,-93.04007,475.5593,321.91913,267.23956,465.11517,430.47928,117.41361,471.50485,425.57864,454.25812,476.61008,451.94125,139.46957,482.49756,445.06488,472.93506,421.4693,435.83115,155.54503,431.5179,438.97665,504.7349
sample4.jpeg,354.16406,154.1903,-23.945057,362.552,148.18202,-40.10984,364.36328,148.55132,-40.115265,366.22107,148.8578,-40.10925,361.87048,147.88716,-11.702813,362.94427,147.99487,-11.71973,364.05377,148.24774,-11.639805,378.60336,156.77798,-84.56705,374.92993,155.77483,44.613686,359.11075,165.89871,-40.18672,357.6651,165.48248,-2.8610225,383.7484,209.32108,-157.57878,378.2512,209.15677,123.96847,311.12552,242.23651,-179.80612,313.94635,237.36086,166.97191,251.7738,261.47794,-118.383545,258.28406,254.99326,120.11657,237.97345,266.38144,-148.6093,245.812,255.47447,123.38569,239.21005,261.027,-140.65303,245.3766,252.68408,97.558525,245.70154,261.56863,-115.31096,247.55038,256.1712,106.91948,402.23248,329.42786,-87.73018,397.01953,322.0592,88.077324,307.31677,281.6263,-91.477356,318.18845,279.6382,169.7201,290.21857,370.7284,3.5004833,295.41296,358.44308,277.97284,297.64526,392.54776,10.32305,299.10193,375.20953,287.861,241.00584,368.67407,-27.13995,257.4541,363.39865,275.02164
sample40.jpeg,575.9885,87.08742,-382.31845,576.2414,66.207794,-349.76395,582.5662,65.52718,-349.7506,589.1268,64.70498,-349.81284,556.0594,67.93712,-371.29514,546.8765,68.24955,-371.2519,537.8004,68.72585,-371.12546,582.466,73.00661,-200.7549,513.2079,78.46686,-284.17578,582.8485,107.014854,-327.42453,554.1034,108.85615,-351.14963,610.2044,161.18129,-117.062935,442.9335,171.22762,-322.3257,704.3783,263.18402,-226.257,476.5801,314.19693,-393.99905,792.0007,363.42795,-406.88507,619.9403,395.4892,-411.7477,829.0778,397.14767,-436.9242,646.0555,432.9986,-458.64096,808.9801,395.91977,-478.09882,675.70703,416.08252,-456.45074,787.9946,391.8546,-430.63913,664.9403,407.1622,-408.61783,544.5005,360.45242,55.9996,450.57114,378.3071,-55.772068,668.7142,297.27063,-276.79263,516.33875,349.80164,-447.125,651.99536,504.91107,-262.7361,544.18304,557.08527,-411.47287,630.00323,535.39374,-262.95798,534.9579,582.8803,-409.68738,708.27057,568.20844,-384.01172,609.4058,624.37164,-562.5725
sample41.jpeg,258.66998,126.405,-170.96251,265.17648,110.75234,-156.12344,270.89005,110.60536,-156.10112,276.64334,110.413536,-156.09718,250.0926,110.340614,-162.09267,243.80136,109.59135,-162.07074,237.54773,108.98839,-161.95395,280.8805,113.43891,-47.254173,227.01128,111.7604,-69.71294,267.1219,137.74225,-128.29716,246.35965,136.8464,-135.11743,297.3588,154.05779,16.411446,197.25522,151.78152,-54.554333,347.7634,206.06866,-140.50989,208.8049,226.99158,-131.27493,312.1349,161.90799,-342.91116,242.98549,292.53268,-268.13052,303.77203,157.40462,-380.93027,242.16002,322.31546,-300.0317,294.66998,148.28201,-367.51364,261.97906,315.50385,-315.56564,294.61975,155.32858,-342.41397,264.09647,308.30972,-274.63153,270.53418,279.72693,13.535912,215.74844,287.65244,-13.163397,314.27557,197.15047,-267.72464,191.69434,254.38057,-313.5511,327.56595,340.23102,-221.32318,231.22066,351.36493,-187.04333,323.19458,356.2299,-215.41978,239.10498,358.15433,-173.18687,339.0544,400.506,-297.84192,246.41528,406.56104,-238.0925
sample42.jpeg,315.1609,155.08179,-11.311842,319.7575,145.8527,-23.240536,321.82227,145.3108,-23.279121,323.94788,144.69405,-23.283625,317.90256,145.72333,-1.0441514,318.33893,145.06769,-1.05081,318.83966,144.5528,-0.97928673,338.09515,145.55235,-47.94933,330.70953,144.87181,50.941315,325.1717,163.35352,-19.612005,322.2364,163.10721,8.750453,364.03156,185.05174,-120.96326,352.53766,192.48204,131.7864,277.24316,224.57222,-163.75397,279.48145,230.85329,168.70155,196.42982,254.17407,-124.76619,213.64755,252.19113,139.86925,178.86383,262.7466,-149.47083,197.60016,255.6191,147.03899,177.4721,257.50336,-141.91783,198.40732,251.10214,121.03477,185.38408,256.5961,-120.81015,204.00307,252.97777,127.86903,415.79297,317.27954,-79.63611,401.6144,310.31183,79.86824,289.98914,269.1897,-105.06984,290.86365,262.9451,85.89687,254.77957,362.56253,-32.838978,256.92285,349.11868,139.12202,264.4055,384.95013,-27.371243,263.97162,366.85275,141.8678,194.57642,362.5228,-52.36769,203.99092,358.75775,133.58487
sample43.jpg,802.00714,215.04749,-137.1383,816.275,198.99014,-129.61389,822.80176,197.85999,-129.80956,829.4351,196.54915,-129.89235,803.0175,201.38036,-98.64647,799.6588,201.62447,-98.72327,796.38983,202.12668,-98.64293,854.2587,201.8385,-74.86737,810.3833,207.6002,64.50748,823.19324,230.2993,-119.75516,804.89685,232.72433,-80.23322,896.6681,281.48645,-207.74979,828.6953,304.57602,207.42415,775.29614,374.76862,-280.60147,706.2955,374.5201,219.01915,653.1506,440.46173,-264.4065,591.584,436.36804,86.51811,626.7054,465.12567,-321.50806,566.24945,453.70178,74.768585,619.58826,452.1308,-320.42664,568.9213,442.6816,25.401867,631.31946,448.63855,-263.35025,579.5837,443.2228,59.776398,938.34106,517.2241,-132.84184,891.98376,511.90912,132.79753,759.39404,418.75555,-267.72147,708.3393,413.97522,161.68564,682.94403,617.20294,-173.61052,688.6561,571.13055,228.71692,700.3882,663.3535,-164.39272,706.70953,604.08954,231.02542,565.8144,631.8745,-274.90475,604.6244,591.4944,155.03516
sample44.jpg,772.57056,218.5768,-128.46674,788.8855,202.19052,-134.895,794.93713,201.3985,-134.96503,801.1395,200.43094,-134.85643,778.48193,203.50418,-96.12492,776.53937,203.2926,-96.202324,774.70404,203.38428,-96.24282,829.426,205.24045,-124.41092,793.7802,208.13702,46.216473,793.59204,235.19568,-125.9648,779.0305,236.26544,-77.00923,877.7093,284.73093,-263.38928,805.9774,308.9453,158.0387,757.47656,379.4697,-377.76355,686.9866,385.59732,151.4899,620.327,436.85297,-375.8761,569.06885,444.03387,17.666998,589.5742,459.57773,-436.83942,541.9738,457.48117,7.3819823,583.9468,446.44348,-429.6307,543.6971,447.2533,-48.37502,597.5501,443.40555,-373.78986,555.681,447.93594,-11.463223,927.3724,514.48474,-131.29575,884.4229,514.89777,131.35852,747.0437,396.78674,-280.1848,715.07965,416.48938,263.86047,680.6858,611.9822,-213.10751,790.9106,547.0854,377.35645,697.2828,658.65784,-204.31902,818.06525,566.28033,390.6747,563.4348,629.319,-307.2823,740.6788,572.58356,362.63495
sample45.jpg,749.80774,219.46861,-134.632,765.3081,202.96849,-144.95505,771.15063,201.97446,-145.01901,777.16296,200.80446,-144.88992,755.7349,204.51717,-105.16902,754.15894,204.32614,-105.24693,752.7011,204.4664,-105.26585,806.093,204.50432,-145.78856,772.792,208.43726,29.22989,771.2163,235.78072,-135.70218,757.9718,237.25125,-85.278305,857.4033,280.634,-281.8261,789.4726,309.08203,139.2573,741.9005,367.70044,-411.8651,669.51807,387.1709,134.3054,600.1565,422.65958,-426.27185,546.7695,447.3652,23.908146,568.5659,446.01263,-487.09625,519.2796,460.5474,21.301023,562.90717,431.67072,-479.99396,518.45605,450.11475,-32.278137,576.96674,428.17722,-424.9081,529.7694,450.96423,-4.118209,916.12244,513.8813,-129.06366,873.8201,515.9567,129.15282,744.3747,403.40298,-329.6603,709.1488,424.68704,314.21054,681.65234,613.40704,-269.05157,776.4811,542.7699,455.23044,696.1815,660.36646,-260.6372,800.31006,562.0368,471.284,568.18695,627.94836,-373.11246,728.29706,560.50806,446.9954
sample46.jpg,716.6788,226.6479,-136.31593,734.54834,208.4604,-147.00865,740.6289,207.77466,-147.12953,746.8473,206.88165,-147.06046,724.8386,208.75159,-103.8964,723.69415,207.78923,-103.949776,722.6916,207.16628,-103.93045,778.50397,209.93277,-150.53102,745.15894,209.25912,36.425232,738.87134,244.63211,-139.4393,725.87915,244.15758,-85.891754,827.2724,291.02353,-284.36145,766.2161,317.4596,160.1422,686.89874,383.97284,-398.4561,639.29877,403.27557,150.24008,542.7154,443.33524,-399.62018,519.7984,468.1046,38.855267,510.35168,463.71326,-468.2129,493.33328,478.4168,35.00151,504.6665,450.19925,-456.20956,494.02203,471.13702,-17.248558,519.3128,447.6451,-397.59506,506.56827,472.39847,11.24135,903.3749,519.574,-140.0348,857.3552,518.3973,140.1946,725.32745,411.6465,-391.75262,675.9785,426.9244,305.10074,680.96893,614.5978,-317.7594,672.11646,579.0091,415.8871,699.93665,660.15656,-307.7709,691.12537,609.2072,426.4027,569.6158,628.48816,-411.87372,585.14795,599.58075,403.65662
sample47.jpg,696.2261,228.07019,-141.67722,713.275,209.96875,-154.79391,718.89197,209.33395,-154.82713,724.6416,208.52132,-154.67068,705.0476,209.9358,-113.406,704.25323,208.88875,-113.4491,703.6126,208.19688,-113.422554,755.76624,212.01169,-167.26593,725.84845,211.56366,12.490286,717.6249,246.36942,-147.6994,706.0013,245.58102,-95.9552,806.16876,284.0989,-306.7753,745.9673,320.45786,125.04775,686.0194,366.82733,-456.33267,620.6192,409.21957,100.52802,543.49744,410.69736,-473.3768,493.37308,462.54346,-15.329237,510.2381,428.1711,-532.15283,463.66925,470.64023,-21.33831,506.50864,415.47385,-524.70874,461.08505,460.9919,-74.76227,521.3499,413.739,-473.1686,473.83557,463.05484,-44.89563,894.50586,510.05994,-125.73002,852.7221,514.9358,125.9153,714.66315,407.20105,-331.7118,676.9282,425.74155,280.74713,662.9271,616.0437,-257.14987,711.5162,558.3184,389.21338,678.87683,660.0892,-248.23927,735.83466,580.69336,400.1609,555.1061,637.2279,-335.73453,642.417,585.63654,392.2284
sample48.jpg,681.00305,229.05946,-42.791267,696.5738,210.58205,-46.880516,702.3657,209.63516,-47.03198,708.2429,208.476,-46.978523,687.2301,211.24707,-9.606613,685.6709,210.20352,-9.629156,684.2804,209.47417,-9.623417,737.1121,210.51021,-32.088566,703.16656,211.36101,132.45578,702.21,245.11955,-40.366417,688.75793,245.04446,6.391987,788.09155,270.7485,-182.44086,726.24396,325.22412,221.21835,667.4547,353.6516,-342.4458,610.6877,421.5232,203.83826,528.1685,410.59436,-364.30725,482.84143,472.25153,69.60215,497.34216,433.6083,-414.96008,452.98764,481.79782,64.419464,491.74344,423.29437,-409.3713,448.15186,471.77173,14.197825,506.1153,421.53085,-364.72498,461.37817,473.9448,41.077316,888.03217,523.45325,-116.06012,842.1005,537.155,116.45126,705.8715,384.06552,-263.01608,625.09143,442.58868,145.90201,671.2334,606.3244,-158.71106,636.27466,604.8553,149.24055,689.0225,645.48883,-145.62575,661.3128,628.8569,147.82812,579.97833,648.5356,-192.81989,563.5742,647.7704,125.736084
sample49.jpg,666.2307,232.5101,-52.353645,680.2662,214.65707,-58.065907,685.22266,213.80925,-58.28134,690.31116,212.7525,-58.27126,673.23535,214.99283,-19.326918,672.6478,213.68602,-19.298658,672.26904,212.71019,-19.31841,719.0393,214.30841,-53.78023,693.0148,213.6649,118.03191,686.6157,248.43805,-54.07845,676.5295,247.89824,-5.43024,771.50275,277.1854,-192.1212,722.8256,322.51913,212.32994,632.0022,363.31256,-329.39456,594.7631,416.80765,203.49113,479.47107,428.34955,-321.443,460.45404,467.67105,69.30267,444.24362,451.78403,-373.29724,429.23795,474.5332,68.13814,441.84616,439.4791,-363.5451,423.7003,467.05438,17.071753,457.7035,435.98026,-320.93045,436.18298,471.0056,39.9727,885.19495,528.0834,-124.239944,844.9157,536.1351,124.90536,700.18604,392.5038,-302.1322,644.55493,443.9146,256.9231,673.42834,610.25433,-162.40556,651.88525,602.7987,358.9265,691.9677,649.6376,-144.82648,675.0868,625.6838,367.01047,581.8247,645.33484,-206.7054,582.006,645.309,347.91537
sample5.jpg,437.83133,194.766,-40.07377,437.75122,184.41035,-32.427288,437.32245,184.25749,-32.297264,437.05273,184.0896,-32.309086,436.04077,183.62102,-53.767742,434.2449,182.49979,-53.71524,432.50485,181.53583,-53.701725,428.7486,185.96375,27.74534,422.0487,182.30168,-72.97769,433.72455,204.14381,-15.788285,430.49167,202.29266,-44.787907,411.49246,234.38168,131.26836,405.07233,222.04034,-144.73235,492.8722,263.96466,174.03897,500.1758,261.1124,-207.24817,559.08496,283.8046,101.59638,582.4871,275.82748,-167.59344,572.7143,286.92908,106.0174,602.7585,277.72244,-191.46494,572.5055,283.10526,73.88027,599.5124,268.9089,-177.51593,569.2202,285.59875,87.15395,591.314,270.09525,-160.01575,360.3858,364.2787,95.00057,354.05222,364.44827,-94.794174,461.4637,279.9853,152.37888,465.23288,276.97412,-129.61678,456.45493,383.27582,270.01138,458.39328,396.7724,17.27471,442.1355,403.7265,281.23734,441.56226,415.7954,32.47933,501.55582,402.6865,290.45343,502.58124,419.21432,39.621304
sample50.jpg,662.0071,235.31868,-96.025665,676.31165,216.59743,-109.15309,681.0853,215.74493,-109.12545,686.02905,214.70001,-108.953026,669.8263,216.62666,-70.346,669.3849,215.29175,-70.343254,669.1361,214.30687,-70.42997,715.51,215.17232,-119.88407,690.6489,214.73907,50.288017,682.8723,250.77788,-100.72522,673.3618,249.95793,-52.01783,768.06464,275.08438,-258.9704,711.5768,318.7721,144.04994,646.255,344.26498,-417.7924,580.86816,403.95566,103.513336,503.71976,396.54446,-450.53738,451.13275,451.73233,-12.6883335,470.75836,416.72272,-508.629,420.4596,457.27362,-21.838829,466.05438,404.48154,-500.55087,416.67407,448.34357,-75.262405,481.80508,402.6484,-450.8285,430.30377,451.52255,-42.961903,877.772,508.963,-113.61554,839.7577,520.8626,113.80958,696.1881,397.6478,-303.77322,683.30444,441.59778,253.33846,663.6371,616.1179,-202.33502,756.6045,552.72144,378.48798,682.02136,657.5052,-188.93958,783.32733,566.6506,391.24252,566.2989,649.3456,-261.94476,715.9738,585.477,384.49677
sample51.jpg,665.44006,228.77264,-52.307972,678.6918,212.27032,-68.09671,682.71674,212.11082,-68.16899,686.9146,211.75523,-68.11397,674.4687,210.57332,-29.479048,674.9491,208.64832,-29.468851,675.6237,207.07593,-29.523447,714.8677,215.01218,-91.549644,697.3272,208.8092,77.53409,683.48486,246.61446,-61.820663,676.9573,243.8136,-13.609233,761.01733,281.14804,-231.93231,725.319,312.21616,180.21335,622.89,359.7846,-366.48907,592.5469,402.9197,156.69534,469.5008,420.02094,-355.85495,461.14578,451.2329,43.28649,433.333,441.86438,-407.4815,430.30072,455.25345,46.76676,431.41882,428.12897,-393.8651,423.6358,448.86343,-4.0811076,448.0409,424.82083,-353.53574,435.1333,453.83273,15.5878725,875.3507,521.4428,-122.96692,843.75146,524.1263,123.478004,699.7006,403.69116,-318.7539,669.72156,442.65088,273.7376,662.58264,616.17615,-181.7124,704.1004,575.76215,404.31366,678.86694,656.5233,-164.34338,727.17865,595.1469,417.39194,566.4343,642.30664,-233.6126,646.6067,609.23,415.54565
sample52.jpg,679.99,223.57405,-173.43301,696.6261,205.74399,-188.99008,701.857,205.75432,-189.06618,707.2008,205.58182,-188.92455,689.1211,203.8554,-148.58685,688.4038,201.95508,-148.54271,687.8535,200.44092,-148.54266,736.3471,209.3093,-199.92647,708.9032,202.47154,-26.161308,699.5851,242.49435,-177.30676,688.9386,239.19492,-127.836525,783.1139,278.71,-330.72345,722.093,311.86093,70.43677,635.98987,348.3762,-461.72736,585.35657,390.60568,22.497772,485.005,406.10452,-460.90417,455.29895,439.88202,-105.24983,449.5321,426.79184,-523.2763,425.48657,444.7088,-113.70122,449.6375,414.81207,-513.0235,420.26288,438.64883,-166.49197,465.451,411.3409,-461.40192,432.4619,441.9542,-135.68463,880.7793,507.8498,-115.65354,837.1392,510.5816,116.07635,702.68726,404.56607,-337.65286,659.40784,433.44867,238.12207,659.4606,613.3375,-227.41592,696.2385,568.1092,360.89688,675.3241,654.6503,-214.20914,719.7446,588.7388,373.28244,556.46924,637.62286,-297.5871,633.83344,599.2577,361.13165
sample53.jpg,705.0751,215.91165,-251.41245,724.487,197.46426,-258.92493,731.4321,197.39589,-258.95636,738.48267,197.15341,-258.8223,712.2922,196.53636,-221.63484,709.7041,195.38554,-221.59146,707.24756,194.63089,-221.55098,767.1808,204.33556,-240.64323,725.6164,200.1239,-81.30673,725.98254,237.01541,-244.17503,709.0912,234.89249,-198.58371,800.911,281.8235,-371.6535,738.2071,311.2151,55.93344,656.37646,351.4332,-487.34512,604.2768,388.3272,9.146358,511.06522,393.56268,-480.1347,476.60565,430.98477,-120.0896,476.69293,409.37073,-542.96924,449.01776,434.34534,-130.11504,475.007,397.22296,-531.5323,443.88824,426.95847,-186.16472,490.2463,396.62997,-477.34723,456.83752,430.24255,-150.64981,888.92114,511.2568,-123.770226,846.5671,513.3486,123.890945,708.7793,409.2724,-370.69464,665.867,426.963,276.0423,658.0347,618.78955,-292.95184,697.0746,568.3805,381.1816,675.5946,666.66205,-287.23383,720.19464,595.0355,390.15222,541.5659,629.0429,-398.2231,624.7032,589.376,366.7804
sample54.jpg,734.59216,210.9396,-154.66739,751.10205,194.84573,-165.95819,756.7333,194.4739,-166.07434,762.5237,193.93524,-165.92523,742.517,195.3313,-125.1421,741.4751,194.86726,-125.14964,740.5625,194.76994,-125.13345,791.608,201.29451,-170.49178,760.8342,201.95886,9.69818,754.4141,230.46051,-157.34015,742.0997,230.5632,-105.55045,838.22424,280.32645,-324.49957,774.216,313.80365,124.84062,705.5001,343.94995,-488.61435,643.8272,386.39825,91.52037,572.0078,399.5327,-524.4128,516.12335,431.85452,-64.45266,542.08655,419.17627,-596.8241,489.34143,437.0352,-79.919106,538.151,409.21274,-584.9614,489.20288,429.70972,-138.83,551.2298,407.46378,-522.5653,501.4231,431.92773,-96.75282,903.1575,512.00726,-139.9406,862.61487,515.1796,140.18011,738.55286,393.9733,-334.69345,700.6102,402.31662,353.21457,668.9078,607.5433,-284.24194,747.7689,549.1823,474.29062,682.34283,655.92395,-279.5238,769.79443,574.1525,486.6507,555.3921,615.37537,-396.1299,691.99835,569.0302,450.87616
sample55.jpg,773.60565,194.71085,-83.495415,789.924,180.06467,-95.31569,795.11646,179.96751,-95.42551,800.4625,179.71996,-95.33776,782.74384,179.85284,-55.37886,782.3156,179.28394,-55.411407,781.9468,179.06857,-55.334286,828.0242,188.50594,-108.73111,801.9929,187.23238,70.4505,791.2432,215.44205,-89.18555,780.9692,214.61147,-37.675205,873.83154,270.2801,-264.784,807.1102,305.12506,178.18005,755.77527,331.63232,-412.62454,688.8162,370.8242,175.08493,620.6373,387.2128,-444.3593,565.2188,411.48322,45.618397,590.71375,408.896,-507.9411,539.8429,418.51288,39.32288,585.29224,399.19708,-499.87817,538.5647,408.85254,-11.409201,598.3243,397.34827,-442.4368,549.3542,410.8014,18.368208,922.93756,510.65186,-131.79315,879.19336,512.96075,131.95634,770.73114,391.51926,-353.07855,705.3248,415.36954,288.20142,673.9767,603.46594,-324.08893,730.0685,562.35297,349.5818,681.0952,652.0397,-322.7613,750.4,589.7793,356.47937,554.02045,610.45386,-449.9478,666.7242,579.08246,304.57437
sample56.jpg,831.74927,189.8314,-84.175156,848.5797,175.39346,-92.42984,854.52356,175.48125,-92.57666,860.58655,175.40195,-92.5602,837.97,174.71912,-58.277817,835.7849,173.99112,-58.323254,833.64136,173.56123,-58.33952,884.89575,184.15625,-82.88341,847.7593,181.07687,69.595406,848.6637,210.03896,-81.885605,833.97577,208.52875,-38.10554,921.7874,262.09503,-223.84836,840.8146,294.60587,174.15543,816.35425,319.5948,-362.18195,730.442,361.38403,142.20137,674.27277,369.28827,-400.18933,604.355,390.7278,25.130516,643.4459,391.63248,-459.13068,575.7813,397.88498,20.844572,634.0349,381.8872,-447.29434,573.9399,387.09863,-22.962248,647.81305,381.09003,-396.32312,587.23145,389.44852,1.9525621,950.7699,505.06726,-115.435524,897.14954,504.9682,115.58235,795.7151,409.55957,-345.42706,718.5371,422.4438,126.584236,688.49945,604.81573,-341.0824,670.2753,572.0362,66.65282,693.5022,650.71204,-339.93347,679.8785,608.2177,58.454956,574.068,611.1212,-460.73727,593.4742,575.1951,-20.109756
sample57.jpg,877.89075,186.90828,-85.10547,893.6813,173.51273,-92.74884,899.37286,173.57967,-92.90031,905.1509,173.49734,-92.997246,883.7533,173.04185,-59.01386,881.9498,172.46819,-59.06436,880.136,172.15857,-59.072975,929.69604,182.67793,-82.025,894.8302,179.9676,70.99519,895.13477,206.5428,-83.46571,881.091,205.56073,-39.670395,966.7642,266.53326,-217.98622,890.66125,287.22827,181.02159,853.08234,331.71735,-339.47437,784.983,353.4146,143.25578,707.97656,371.85638,-378.78198,661.46484,378.73297,13.4798,675.021,393.5397,-435.34027,630.47125,384.89984,5.0125484,667.20996,378.50394,-428.76468,628.3759,373.66977,-35.580513,681.2811,377.14154,-375.79495,640.995,376.6309,-8.483587,973.80927,508.98938,-112.5701,920.9944,498.9705,112.86519,813.84375,426.30377,-332.47653,759.9249,421.72278,54.575462,672.7241,609.10425,-414.19186,654.4657,565.6222,-110.22851,671.0779,653.9511,-421.0028,653.6182,610.1823,-129.77292,552.8986,605.00256,-544.08466,563.7383,547.54834,-222.17413
sample58.jpg,885.0072,216.04625,-155.66937,898.7573,199.56833,-156.80363,905.74554,198.1083,-156.8447,912.8173,196.46509,-156.8447,883.48395,203.12257,-125.77198,879.02435,203.89014,-125.79591,874.5987,204.92377,-125.8452,937.5739,199.64096,-109.933846,885.9015,209.94418,31.032276,907.62933,230.33475,-138.85985,887.0006,234.10143,-98.50499,994.75354,272.77582,-227.82072,886.7184,301.5355,135.57889,910.01373,382.04776,-334.5531,788.58954,377.96594,61.9124,771.8865,435.6964,-401.1714,673.24146,428.2526,-131.33665,742.8102,462.51978,-459.92352,642.12256,448.10022,-149.62915,729.3679,447.11014,-457.79816,647.631,438.04138,-195.6601,740.74066,444.53104,-399.09308,664.48456,436.25244,-155.87724,1000.44946,513.33466,-109.24475,933.9674,504.8105,109.03348,847.30804,411.11823,-302.12207,743.9286,396.46133,52.9914,707.121,610.4466,-308.57944,725.0359,561.6629,-54.95094,711.469,651.525,-304.61865,743.78265,596.4533,-67.36265,576.3631,623.7505,-427.10077,647.04297,575.68933,-153.07036
sample59.jpg,852.54626,209.32806,-102.42656,867.4096,195.0462,-104.20723,873.67993,194.11473,-104.28834,880.01196,192.98741,-104.257545,854.8423,197.44582,-71.40156,851.7443,197.84116,-71.448654,848.6978,198.52763,-71.5546,906.023,199.3537,-72.99302,862.84296,205.89088,76.74771,873.919,225.74973,-93.531265,856.3379,228.16513,-50.89119,961.83044,280.80096,-211.49927,864.97003,306.0406,176.82893,872.50525,382.09195,-348.76498,757.88696,374.84674,106.17657,741.94446,431.91916,-408.87524,643.05536,435.3453,-71.83869,711.38153,456.2235,-461.67386,612.8612,456.50726,-92.3499,703.7726,439.4324,-458.89713,620.03534,446.835,-134.52304,716.1643,437.54095,-406.81046,634.6179,444.60913,-95.759705,975.7417,517.7084,-121.758385,916.3126,511.43826,121.60901,820.1722,405.66034,-297.3618,726.978,405.23962,44.57079,699.4092,603.60913,-285.2936,661.43555,578.97626,-78.23055,706.7108,645.73975,-280.66763,674.89636,619.7307,-93.67946,578.9849,619.02747,-389.23334,565.7643,591.5026,-177.72154
sample6.png,392.57166,168.5519,-112.52276,396.78525,160.31438,-131.77844,398.32175,159.80081,-131.77779,399.96277,159.24696,-131.7013,396.71213,160.76762,-101.15736,397.8588,160.6657,-101.17665,399.10968,160.72314,-101.17619,413.41965,160.34895,-174.7214,411.61673,162.65808,-38.30611,400.89612,175.64178,-128.01581,400.02252,176.56061,-88.07028,430.09317,198.18527,-226.27623,431.53775,196.19319,55.847157,372.06714,226.19829,-298.72357,380.3322,228.83427,75.57488,318.50555,241.75511,-298.69275,336.5345,239.25885,-5.5251102,305.58536,242.86372,-342.9004,327.4207,233.38783,-5.315912,305.5141,236.73077,-326.18817,325.82993,233.24768,-37.02429,311.37958,237.70647,-295.16312,328.55908,237.37071,-21.644703,455.9411,290.53897,-90.816154,454.63385,284.5231,91.00995,401.68066,234.56783,-157.61661,411.9569,227.1147,232.44652,387.6379,313.59894,-92.24811,402.63147,299.29663,362.29745,390.89987,334.30267,-85.47989,403.402,316.6428,375.15128,351.89578,304.12305,-116.109955,377.09338,292.4215,386.1124
sample60.jpg,827.0924,210.23834,-58.76097,841.10315,196.19606,-59.646904,846.8219,195.53937,-59.742702,852.6269,194.69087,-59.715263,830.5909,197.48126,-27.463148,828.48846,197.40202,-27.514519,826.4525,197.60924,-27.559597,877.61743,201.72147,-39.500362,840.833,204.92697,106.71875,846.46716,227.75336,-55.002953,831.56396,228.94092,-13.355365,932.6684,279.14734,-199.17761,844.25146,313.3626,208.97612,846.65765,366.9818,-376.18402,731.10815,383.26093,171.64984,719.8235,422.78738,-449.8053,613.05725,439.25403,39.554886,692.051,447.79663,-505.47574,584.36536,455.94876,30.571465,683.56335,434.49512,-499.94626,587.6281,446.35742,-10.794907,694.94257,432.6772,-447.58173,600.4788,445.57028,16.823645,962.61304,517.1433,-128.52551,906.7367,518.71924,128.38754,794.86725,400.12885,-304.12006,713.53503,414.354,83.711716,695.0017,609.9702,-253.67538,663.26013,586.4867,27.383411,706.7539,655.31805,-247.65688,679.32007,623.6193,17.861073,574.6384,626.5557,-353.8333,565.8266,604.2498,-59.315453
sample61.jpg,801.7193,218.81569,-113.3809,817.4311,201.12666,-104.204346,824.66895,199.83386,-104.36855,832.0054,198.35144,-104.41987,802.3136,203.75159,-75.66455,798.02014,204.01279,-75.78025,793.81836,204.52957,-75.83425,857.14484,203.25859,-39.500874,806.2124,209.74268,86.7914,823.7857,233.94563,-91.833305,802.4881,236.56262,-56.025623,900.90857,279.2251,-179.12268,821.2177,310.38434,229.69423,804.9468,371.35815,-299.54068,704.3678,390.0183,221.68547,698.73175,417.00034,-305.2705,588.1954,446.95392,96.83383,676.06824,434.3524,-354.95377,559.3084,463.4258,82.55334,668.0487,422.34985,-350.0336,561.43866,451.03592,34.055687,678.2968,421.6988,-303.59308,573.85065,451.88382,70.1219,944.68555,518.6948,-128.83533,895.92444,520.8886,128.71512,765.4717,412.0008,-197.36142,710.4495,423.96628,153.58069,700.40466,610.3565,-86.13944,687.4132,587.3676,198.15605,720.7335,654.2516,-73.72256,707.01904,619.3805,198.002,590.02405,633.3804,-148.29872,602.2428,617.3294,140.74681
sample62.jpg,770.26465,216.57286,-125.01895,786.9622,199.45648,-118.67827,794.07434,198.35246,-118.84868,801.3098,197.05745,-118.84919,772.49414,202.09294,-85.835495,768.7214,202.42209,-85.87891,765.0788,203.04164,-85.9404,828.2821,202.15334,-69.14406,779.5926,208.76645,76.45026,792.81384,232.5804,-109.172,772.8198,235.06021,-67.80921,877.6637,278.7536,-221.40933,792.2816,313.84735,191.79114,765.8888,369.23608,-348.62778,678.2013,390.06262,161.34131,632.26807,433.93204,-364.0439,564.3754,449.03436,6.793355,601.97705,459.19904,-425.08606,539.0829,463.04068,-15.16466,593.58405,446.9415,-416.49878,540.5468,452.61823,-69.02596,607.09973,444.43234,-360.9993,553.3582,453.01416,-23.482525,924.8562,519.6745,-130.0847,873.5355,523.8941,130.03584,750.5307,403.28177,-262.0751,691.6522,424.14734,241.75682,685.57385,609.52655,-196.45662,703.9126,570.0629,317.0956,704.62286,656.20447,-189.3145,726.81464,596.6801,323.2819,571.27356,627.22485,-285.8284,628.9238,596.4021,275.29504
sample63.jpg,738.2248,220.84348,-129.13548,753.43195,204.64557,-148.66876,758.2379,204.26944,-148.70546,763.2211,203.71039,-148.62282,747.62445,204.1357,-106.70658,747.7223,203.18196,-106.79561,747.94305,202.55318,-106.853714,794.51575,208.88838,-182.30035,772.2735,207.05653,0.40612516,759.015,239.48833,-142.25974,750.0271,238.83362,-89.57676,851.1954,296.03442,-313.0672,795.0325,305.79495,116.49301,734.66675,391.25146,-429.17828,672.836,388.04672,125.44936,586.8823,453.07617,-420.13123,551.75867,451.2277,27.17157,554.8058,477.9361,-483.23828,524.0231,464.7141,27.460964,547.6217,461.43082,-472.7808,523.5426,455.92932,-26.747974,562.0227,455.1603,-418.73593,534.2643,456.88086,-0.26999348,915.37683,516.2251,-135.42616,876.928,508.15338,135.72986,739.4013,414.04785,-298.76953,714.5343,417.3307,322.71042,678.5727,610.73376,-211.85068,770.0758,546.63904,456.6084,692.59937,652.6669,-199.00215,792.2906,568.2758,471.35495,565.3871,622.19946,-295.18414,713.69354,563.2452,454.83875
sample64.jpg,534.5929,196.53459,-375.4992,538.1244,178.62572,-347.01776,543.64636,179.56837,-347.00824,549.52905,180.4431,-347.13055,520.4005,176.0792,-370.19684,511.9531,174.74393,-370.19058,503.65784,173.59328,-370.3385,539.9714,189.96544,-199.43056,479.1736,180.7318,-300.7188,536.0197,218.65198,-320.99973,510.48755,214.35416,-350.14142,543.26544,275.74597,-79.07785,406.6997,269.37057,-386.70264,651.2554,358.65942,-106.78314,457.6477,413.4624,-469.7028,749.6842,450.79758,-244.16602,594.9414,499.40256,-492.3067,787.00305,486.22348,-252.74069,618.3524,537.6372,-552.9907,769.33563,479.93195,-308.78467,646.11926,522.9968,-550.29944,747.6899,476.57794,-271.9767,633.4003,515.37885,-489.82745,438.00732,494.27457,86.05302,354.8834,503.9654,-85.775406,600.7739,398.44458,28.163034,452.34076,413.9958,-362.6431,550.92053,555.267,143.02042,585.25916,626.0905,-244.38246,529.41425,578.7634,157.57895,583.9411,652.6366,-231.42847,597.7058,598.8927,109.810074,708.0413,681.7503,-359.88403
sample65.jpg,553.7595,194.9917,-298.55664,556.70605,178.0292,-267.3988,562.0627,179.133,-267.3463,567.71967,180.09499,-267.42746,539.04395,174.92073,-290.3789,530.8166,173.46782,-290.42212,522.7642,172.18263,-290.4386,558.30597,188.71802,-121.693115,498.05402,178.19527,-218.13017,555.1009,215.95042,-244.82713,529.97046,211.49448,-273.02875,566.48505,272.88684,-34.647324,421.63547,264.1191,-289.9616,676.468,348.10403,-80.4272,487.7633,406.10382,-360.20282,772.47424,438.35886,-198.02753,626.2451,494.66537,-362.51767,808.85913,469.99197,-211.46704,652.5154,531.79144,-413.27728,792.70435,468.0162,-261.61877,676.7124,516.6968,-412.8631,772.8517,467.1734,-223.46298,662.40344,508.58768,-360.53644,478.1319,478.76328,66.965576,391.6416,490.30084,-66.72458,628.8703,353.53888,-128.8451,470.21094,385.12042,-361.11334,669.94006,564.67993,-193.09837,585.80804,605.90186,-359.21207,658.7257,602.02423,-196.99171,587.06744,635.2441,-357.8268,737.17596,609.3928,-282.72412,686.55457,658.1544,-486.18298
sample66.jpg,582.59375,194.125,-353.21652,582.9455,176.3455,-318.11267,587.69073,177.2272,-318.1304,592.74426,177.96611,-318.19824,565.80054,173.61577,-347.1948,557.3139,172.21582,-347.30963,549.0034,170.98112,-347.3425,578.4719,185.8601,-158.7877,520.2271,176.9992,-284.58206,580.79224,215.36404,-294.77893,556.51416,211.36519,-331.45142,586.6238,274.75308,-81.95336,438.48224,267.20782,-354.2078,692.2195,360.50092,-153.86096,509.43237,412.1875,-440.32947,787.37146,447.95886,-272.8458,661.67896,494.32367,-454.52316,825.70435,477.09726,-289.21222,691.6642,528.2281,-513.5902,808.9215,475.8371,-338.62918,713.9191,512.3439,-509.6658,788.7326,474.82104,-299.9039,698.5919,505.10184,-452.9776,506.65295,477.11984,66.91054,416.98895,494.97562,-66.6665,649.1775,350.73718,-135.61787,481.52533,411.3988,-404.10248,678.49744,551.4211,-172.67136,597.9797,623.6318,-365.6056,665.2754,590.3343,-176.13644,600.84094,653.9793,-362.45782,744.2495,591.063,-281.3698,689.34985,669.0382,-524.8016
sample67.jpg,604.1277,197.82681,-264.18445,603.48224,179.01074,-227.35823,608.295,179.52036,-227.31741,613.42725,179.95906,-227.37985,585.897,176.59499,-256.67633,577.1605,175.0524,-256.6772,568.5991,173.74286,-256.80536,600.02985,185.79391,-70.82833,539.79626,178.73112,-196.96759,602.9215,219.44324,-208.58105,578.47327,216.13727,-244.8217,606.14087,289.53088,10.63848,467.18,265.08597,-308.56784,728.3151,366.97696,-49.068268,548.23193,400.3102,-401.11243,830.3067,451.51392,-196.00374,688.6907,475.35483,-378.9307,866.4816,483.05975,-212.36578,715.3589,508.42108,-426.14835,850.14923,473.32532,-258.74243,736.0626,495.23355,-419.86786,831.07983,471.11996,-221.46097,722.0816,489.10077,-373.50208,497.33047,516.1829,78.7039,408.0384,514.09125,-78.563156,663.24866,395.09406,16.180271,496.21844,385.70248,-367.15335,630.8391,578.7854,109.45469,588.6208,611.24133,-194.73907,609.952,607.9397,119.665955,586.18384,640.56445,-179.33607,679.38696,630.12756,38.065056,684.73413,668.9591,-324.19583
sample68.jpg,622.9291,198.68295,-261.75226,622.51575,178.4096,-226.79886,627.8989,178.73207,-226.77124,633.5975,179.0172,-226.83397,603.47516,176.4467,-255.35414,594.2286,175.01175,-255.3286,585.11926,173.83304,-255.43443,621.27325,184.43774,-70.674644,555.9168,178.64368,-192.64647,623.40173,220.61699,-205.06152,596.8668,217.85709,-239.86472,628.19324,289.36453,23.500689,488.0209,266.02872,-292.11804,750.4054,369.79926,-10.639581,569.7915,401.64737,-384.4215,861.22156,449.728,-148.68799,737.8903,470.48547,-359.5602,899.2679,479.51584,-159.90523,771.4436,504.78268,-402.62592,885.2612,468.7404,-210.10895,794.2545,489.5942,-393.1934,865.52057,467.65775,-175.59691,777.98596,483.787,-351.4096,513.09326,526.52783,75.575,423.51395,520.96326,-75.6193,680.523,402.2528,12.248089,502.0843,375.0595,-364.8041,630.6822,580.8595,128.63814,584.66516,614.1313,-220.36797,608.9416,610.36346,141.50609,582.15826,643.7135,-206.75534,671.9333,626.19446,71.594986,674.74335,677.989,-340.18378
sample69.jpg,637.8479,202.67827,-315.73636,639.08514,182.75586,-283.29297,644.8689,183.00609,-283.24734,650.9413,183.21118,-283.3103,619.9276,181.27219,-307.1136,610.8355,179.91812,-307.03485,601.8545,178.8403,-307.08206,641.15045,188.48967,-123.62024,575.495,183.50632,-225.67108,640.5194,222.99774,-257.36008,613.80927,220.60794,-285.6881,648.8689,283.50244,-0.6723204,512.1455,262.9385,-328.94977,769.50635,349.24838,-25.411686,602.9763,389.6713,-418.2027,866.9032,431.0073,-153.00299,768.37476,459.17023,-382.9193,900.54834,461.36923,-162.88281,800.9088,496.9188,-427.51837,889.0689,454.3973,-214.44089,823.6108,481.14487,-417.45477,869.45825,451.4911,-179.2518,807.6816,473.88934,-373.9096,523.319,523.8238,83.235466,436.5467,515.4021,-83.22913,695.13275,415.11407,102.47337,537.663,375.80893,-421.80222,630.1384,554.1257,287.8059,587.82324,621.2463,-270.70746,608.00146,574.8634,308.36453,576.5627,652.3098,-255.81436,663.50946,589.0747,257.1948,680.03735,688.3829,-394.61853
sample7.jpeg,130.62556,34.404377,6.4812264,132.7501,29.57138,-4.1339755,133.25276,29.624338,-4.1027355,133.81206,29.66293,-4.1121497,133.23631,29.144804,5.6960964,133.96596,28.90765,5.682378,134.74911,28.741898,5.6965065,139.29103,31.642744,-33.768974,140.68394,30.215204,10.584325,133.54913,39.451847,-2.572173,133.54579,38.97036,10.39123,139.62811,58.93628,-52.38555,155.46811,52.71842,42.81331,101.25835,84.589615,-41.069927,126.592514,73.98515,77.76174,70.874985,88.62792,11.892931,97.80734,80.08406,78.712135,62.76135,90.320946,8.220402,92.07665,80.45342,83.54864,63.897076,87.0088,13.671646,91.05791,79.60122,74.29336,68.356285,87.24427,15.226037,92.529564,81.231,75.27988,147.42953,133.85002,-32.364414,156.06436,126.83356,32.50298,98.592125,90.13554,-15.16794,115.609634,85.419876,43.42622,91.10174,143.47745,37.994377,103.24428,136.52646,84.10249,95.581566,154.27858,43.12909,106.56701,147.05849,87.645325,71.85249,145.35582,55.099155,84.951515,139.35228,96.45521
sample70.jpg,644.9187,202.41783,-306.28122,646.29816,180.2093,-276.59985,652.4771,179.87973,-276.59372,658.9701,179.5211,-276.7303,626.36285,180.08942,-297.9406,616.9483,179.13666,-297.90326,607.6529,178.4356,-297.95682,649.66095,183.52704,-126.11632,581.85675,182.88722,-215.13078,648.9579,221.92609,-251.1784,621.2607,221.28223,-275.54898,655.7501,278.87997,18.920242,518.3849,267.13852,-307.34564,770.3838,354.2323,5.783678,602.8627,405.49005,-372.83636,857.4238,442.57986,-112.39895,781.8472,461.346,-316.7983,887.9613,472.4247,-112.94998,821.37646,495.84256,-356.16257,876.5335,467.832,-169.18005,839.57776,474.728,-345.14493,858.0132,465.4755,-139.56567,821.91235,468.7824,-307.12766,521.2355,528.11304,90.57708,439.9171,525.8448,-90.6637,682.6039,383.2807,168.6004,601.3385,380.62442,-366.55573,645.99805,553.1591,347.72144,603.0006,616.3958,-190.77219,626.9055,580.6404,367.79813,578.4937,647.5853,-171.0457,688.38574,590.2622,360.41306,694.99426,678.95416,-248.0839
sample71.jpg,644.878,204.4746,-248.40976,647.43176,186.60141,-217.95728,652.73535,187.6657,-217.90602,658.33984,188.6772,-217.99799,630.1053,183.0767,-243.89153,621.70984,181.00435,-243.89902,613.45044,179.19339,-243.99527,647.2399,194.27527,-63.55099,587.76263,182.84706,-178.60577,645.6446,224.90814,-191.01128,620.8828,219.81297,-223.4771,641.1283,281.23856,83.338356,525.0919,263.5171,-301.42206,756.1682,356.2379,91.84526,641.1621,390.16205,-398.4221,860.98083,435.16867,-23.74812,809.0799,443.7715,-337.9449,894.4518,466.82083,-20.102707,844.5869,476.29523,-381.20734,883.62854,458.96713,-78.23335,862.99164,457.82733,-372.1305,864.5928,457.3452,-51.408478,844.57983,453.20544,-329.511,517.69824,528.5698,102.19902,442.93085,530.45795,-102.113846,677.836,367.7973,187.1301,582.1172,377.26395,-374.8074,638.42456,563.37915,338.9875,591.578,617.98834,-193.36282,617.54706,595.67365,355.10443,566.6338,647.9819,-174.89174,683.08154,605.2503,329.3885,688.5648,681.7382,-260.97235
sample72.jpg,637.82904,201.02403,-267.3738,640.09937,182.17319,-237.87233,645.55396,182.8057,-237.81693,651.3396,183.41289,-237.91751,621.89154,179.4911,-261.72726,613.1489,177.63449,-261.7232,604.5277,176.02785,-261.68954,640.003,189.20331,-84.301796,577.723,180.3984,-188.44785,638.5759,221.7759,-211.07469,612.5984,217.54214,-240.50525,632.013,285.87543,48.6219,511.7523,256.75702,-295.01797,747.6184,360.00003,26.778912,597.0791,386.50565,-402.6441,839.3884,444.4856,-121.709015,776.02795,428.89746,-375.36676,869.5301,479.9589,-136.0441,815.0589,458.5214,-420.85648,855.21375,468.79517,-188.31003,832.4934,439.55707,-410.88342,837.3237,464.38596,-149.1694,812.8431,436.3504,-366.74747,485.53067,524.80444,91.722046,408.2782,512.7288,-91.67656,670.0762,387.45294,165.55055,534.4137,375.07397,-344.89194,665.948,573.78186,291.9804,572.0874,635.6685,-228.36908,647.7546,605.9917,305.6222,554.631,667.12805,-215.59912,724.7834,610.15704,254.37866,670.2606,713.1125,-337.883
sample73.jpg,611.7979,195.30093,-258.2976,614.35596,175.1948,-230.77567,620.0994,175.3542,-230.7211,626.1082,175.50401,-230.82745,595.95306,174.0941,-252.35797,587.2306,172.74496,-252.32355,578.6211,171.68156,-252.37128,617.06537,180.35631,-89.84763,554.6997,176.749,-182.99951,614.5868,215.78006,-206.52264,588.71,213.58467,-232.16383,615.90533,280.16003,36.924335,493.43933,258.8753,-291.91144,726.7084,342.22055,20.332354,579.32434,390.5099,-391.5314,812.68616,404.29654,-91.25825,757.0542,432.51846,-389.03262,841.053,431.0299,-96.023674,794.42004,462.81586,-434.22894,829.5066,424.5112,-143.53563,813.01025,443.81128,-422.7687,812.652,422.6096,-115.13307,795.5539,440.09076,-380.67538,479.61127,521.0203,87.103035,404.77856,509.29922,-87.12975,626.52734,404.37137,150.70605,524.4373,376.8975,-419.38306,598.42145,571.8876,314.6783,585.2456,617.0007,-277.33243,579.82086,601.38416,331.994,573.3919,648.2932,-261.96722,642.0554,606.25793,293.60562,687.68463,683.7172,-374.78653
sample74.jpg,579.33276,189.2998,-282.20157,581.89777,171.49309,-252.21179,587.4832,172.17706,-252.1753,593.36615,172.81337,-252.25694,563.2972,169.32715,-277.7884,554.53467,167.91534,-277.7502,545.9063,166.74236,-277.75885,583.8888,180.60901,-102.24152,520.4042,173.2368,-210.46837,581.2979,210.88657,-225.89111,555.0922,207.46265,-257.1146,583.6957,272.3881,20.471092,456.9113,252.42516,-309.9096,705.34595,326.60153,-5.900292,553.25366,379.05695,-379.23627,807.39746,376.58545,-173.071,695.0186,433.189,-359.15338,840.34766,402.9726,-188.24782,720.8767,464.53973,-405.91217,827.1599,392.84845,-236.13681,743.4781,449.01385,-403.75226,808.2423,392.10092,-198.62016,729.5642,444.52234,-353.94516,470.68793,497.67905,79.46547,389.9759,491.93134,-79.3417,635.04504,405.51755,-77.490746,481.90448,377.82428,-394.7598,646.9657,603.01025,17.7986,580.46893,613.39874,-299.31454,629.6483,640.60077,26.136093,577.01294,645.86884,-290.47565,713.7848,643.0493,-72.19577,683.428,674.31775,-425.1621
sample75.jpg,530.9013,189.83278,-295.22095,533.77386,172.19376,-265.6993,539.0332,172.78934,-265.63504,544.6087,173.30017,-265.67853,516.3476,170.17853,-287.56573,508.2201,168.9563,-287.53635,500.22955,167.94331,-287.457,535.5738,180.70128,-117.20514,475.83667,173.93924,-207.33926,532.3098,209.47374,-239.84845,507.60803,206.31523,-265.87015,542.36383,267.9935,-27.959995,406.09174,251.77722,-273.13757,668.55786,325.82883,-111.85846,479.88116,378.39514,-351.95203,778.52545,393.16876,-257.86298,629.9366,424.86996,-347.89578,816.2666,417.56067,-274.1577,664.1693,452.19937,-392.78235,803.40393,412.89822,-318.54047,679.6978,434.24768,-388.79697,784.8358,413.419,-282.357,665.03143,430.5869,-342.41837,442.074,482.58664,62.212452,362.61682,484.49646,-62.100304,589.41077,384.39188,-184.73782,458.3672,379.63766,-316.3069,633.2257,600.77313,-196.08888,569.8656,603.4964,-284.54553,622.2702,640.32794,-196.96776,571.8185,633.80853,-281.78653,701.23645,647.1174,-303.6311,664.33105,659.568,-416.86496
sample76.jpg,607.5791,196.14937,-238.18666,608.45825,177.1367,-201.59935,613.91125,177.86195,-201.55794,619.6923,178.51073,-201.61165,589.65216,174.33698,-229.58275,580.56085,172.672,-229.5359,571.6414,171.24084,-229.64291,608.12585,185.16231,-42.00193,543.8266,176.84244,-160.82129,608.3811,218.57892,-180.12117,582.01483,214.78578,-214.25371,615.87427,288.66113,66.1961,473.03247,261.72806,-274.78897,740.216,359.7127,55.536507,555.47253,389.88083,-376.82266,841.16425,447.84512,-79.45388,711.5351,467.98355,-352.74622,875.6115,481.1039,-88.37103,742.77496,504.65466,-395.77457,862.06555,472.2965,-140.58904,763.9247,491.0674,-387.7913,843.7352,470.105,-106.42015,747.93616,484.29236,-345.05914,511.2693,519.83563,82.19585,421.5317,515.7583,-82.14779,682.6389,389.09952,-20.754215,506.6646,367.61963,-368.52997,660.7342,593.75104,36.546024,596.38257,618.7788,-262.26447,641.47156,627.7364,43.028984,592.18524,651.8704,-252.15889,711.0566,643.49146,-49.244858,695.49915,682.80707,-392.38965
sample77.jpg,627.7935,199.8637,-267.10706,626.97034,179.5266,-232.40526,632.32416,179.71461,-232.34932,637.97736,179.85919,-232.40477,608.2148,177.88443,-260.64334,599.0839,176.53383,-260.6055,590.1016,175.44104,-260.72482,625.9099,184.02385,-74.17088,561.8655,179.5964,-196.01654,628.7388,220.53717,-209.62457,602.76886,218.29376,-244.07152,634.4274,285.2362,30.377777,496.5327,265.3518,-307.23468,759.31665,357.27612,-4.5513563,578.7675,397.1657,-395.3117,866.338,436.4865,-143.34862,745.4512,465.2755,-345.00027,903.048,466.03552,-154.66595,778.55804,499.714,-383.39325,889.01843,456.88882,-203.3889,800.5799,484.55096,-370.02896,869.531,455.2087,-169.33545,784.47314,478.3591,-333.88126,520.5671,524.89233,86.89909,434.12418,517.63184,-86.928055,676.92163,398.405,64.66218,526.1914,366.51276,-373.7937,612.07135,560.3395,188.91463,588.8548,604.5647,-230.66283,589.554,585.70496,203.55356,578.8836,636.9547,-216.89124,646.3436,600.52875,150.30309,683.70435,661.31866,-343.86966
sample78.jpg,639.81854,199.83919,-325.08997,641.6377,179.25711,-293.94305,647.50525,179.74503,-293.92197,653.6508,180.17487,-294.0368,622.2628,177.00807,-318.98187,612.98676,175.32684,-318.92233,603.8324,173.91327,-319.01086,642.3767,185.38947,-133.2744,576.2011,178.07358,-240.85089,641.3578,220.62569,-265.7581,614.38745,217.40263,-295.8866,644.50165,282.68878,8.612474,511.138,260.95312,-343.21536,754.3071,360.44144,-5.731604,610.2866,390.12592,-426.08597,846.93427,443.84702,-132.61098,778.1839,450.61194,-401.48227,879.0811,475.44244,-132.99515,811.7785,485.85526,-450.50098,868.5912,470.1707,-190.22818,832.4983,469.11792,-440.78235,849.12244,467.11554,-160.25835,815.87555,463.08792,-393.34314,523.4152,525.91376,92.70577,439.7374,520.38055,-92.69075,691.38293,411.15118,140.91109,554.43036,375.87115,-398.80573,636.76843,575.3741,302.70117,601.7807,620.7977,-258.47018,613.2342,601.36566,319.9423,586.36163,653.79504,-245.02246,682.2065,617.2814,267.9622,701.50073,683.61743,-378.5962
sample79.jpg,646.28394,200.9721,-268.5406,646.4132,180.77676,-236.09113,651.8555,180.92448,-236.02847,657.6367,181.03493,-236.12962,627.7052,179.13654,-262.01947,618.6461,177.6927,-262.0114,609.701,176.48663,-262.09293,645.95,185.3832,-77.94888,581.99896,180.3476,-189.80557,647.5619,221.0527,-210.91316,621.5387,218.69211,-242.41426,645.23285,283.531,60.926243,516.8293,260.21896,-295.1068,763.07324,362.25613,45.09784,604.39484,389.72742,-378.3696,855.5292,457.3867,-100.739365,774.05273,444.5715,-313.78116,887.3115,492.82104,-110.54305,810.1052,476.25766,-355.29614,874.02734,482.99994,-165.40352,828.91815,458.52548,-345.52496,855.0098,479.21927,-129.03642,810.4828,454.56796,-304.85486,506.45203,526.8165,96.8341,423.4103,518.9799,-96.88828,682.61316,399.65027,174.29651,554.37695,381.97305,-373.30716,649.2658,574.1874,313.6619,569.81616,634.7751,-225.08154,626.47473,602.2357,327.93835,547.39795,666.69934,-210.62796,702.15814,616.7312,272.6381,666.6266,707.8626,-342.95822
sample8.jpg,437.68008,194.80634,-40.965195,437.68784,184.4591,-33.26961,437.2956,184.31906,-33.14104,437.06296,184.16429,-33.152973,435.90335,183.63687,-54.518368,434.09003,182.50877,-54.46399,432.33255,181.53754,-54.450413,428.8426,186.03105,27.408663,421.91034,182.28136,-72.897095,433.6339,204.18597,-16.487244,430.31714,202.3016,-45.358734,411.58817,234.3186,131.2991,404.8406,221.88446,-144.76067,492.80612,263.90356,174.02754,499.9555,260.96887,-207.64781,559.01135,283.70352,101.08126,582.18005,275.516,-168.13063,572.69196,286.89145,105.31207,602.4412,277.49756,-192.0757,572.4256,283.03714,73.12458,599.1548,268.65002,-178.29704,569.0968,285.514,86.58704,590.9387,269.8016,-160.60872,360.3164,364.29968,94.95856,353.82224,364.51453,-94.753654,461.51013,280.15796,152.43997,465.15506,277.22415,-130.0726,456.43243,383.4215,270.38092,458.44907,397.0646,16.17388,442.06433,403.8847,281.6324,441.59064,416.16196,31.29532,501.62183,402.72903,290.62027,502.8454,419.37793,38.149178
sample80.jpg,638.1478,199.42514,-225.45885,641.9313,180.2438,-195.69336,647.6765,181.07469,-195.58626,653.75586,181.86893,-195.6832,623.17694,176.87181,-219.19232,614.40173,174.64914,-219.20576,605.74695,172.72737,-219.22743,644.02496,187.16788,-41.86804,580.3286,176.0625,-145.95271,640.15564,220.70428,-168.66408,613.8133,215.79152,-198.36134,636.33154,281.65652,107.8822,518.11536,256.00967,-266.6931,748.7967,365.9185,114.57138,622.1265,384.4167,-389.22043,852.25635,447.19888,-34.725224,800.8564,433.18182,-372.48456,884.80963,480.89655,-43.638725,839.08655,463.98984,-427.06934,872.0282,468.5408,-103.70036,857.3473,444.619,-415.53867,853.9967,465.27176,-64.68652,837.6653,441.12238,-364.67746,494.82092,534.372,102.10089,418.97427,526.8564,-101.73637,661.3417,373.8601,204.59602,565.0714,374.17914,-335.32233,632.0971,577.3092,330.23483,578.28235,627.4664,-189.30055,612.58215,611.6551,343.25134,554.56335,658.6657,-174.43338,682.32306,620.9663,315.1766,673.63556,701.51886,-258.76956
sample81.jpg,631.6969,192.25482,-253.88115,631.6306,171.89134,-220.47163,636.89954,171.71828,-220.42038,642.50793,171.53014,-220.5575,613.3637,171.13766,-248.013,604.4155,170.00589,-247.99242,595.60046,169.11456,-248.08136,630.1102,175.79361,-56.118027,568.2462,173.7308,-176.5976,633.11884,212.04407,-194.20503,607.5038,210.71469,-228.0461,620.91327,275.2833,96.22266,504.20883,255.31885,-290.4472,735.8828,349.97162,83.32566,596.1093,386.72623,-382.47003,818.2862,429.01398,-80.213005,774.014,430.8726,-329.96783,845.5618,461.0295,-95.49786,812.0906,460.1188,-377.98785,830.07935,450.403,-149.23181,830.1974,440.68454,-365.27432,814.003,447.28513,-108.42414,810.5934,437.64124,-320.61002,471.59094,524.15173,112.85508,397.39117,518.18195,-112.88437,652.6541,374.92334,195.96635,545.79846,369.43,-366.06854,634.8184,573.64307,328.6595,587.12225,628.81714,-237.29153,612.54297,606.77856,342.3407,565.67444,663.06335,-224.48956,699.3167,617.40656,296.2044,705.1331,697.4446,-350.23047
sample82.jpg,602.4352,191.77882,-252.87231,602.0752,173.48996,-222.90291,606.8383,173.58627,-222.84364,611.90955,173.66306,-222.94647,585.32336,172.3861,-249.7999,576.9532,171.1868,-249.78256,568.7043,170.21957,-249.85863,599.31354,178.57944,-75.989006,542.352,175.39772,-190.55992,602.3076,211.59091,-199.11227,578.6428,209.70645,-231.41016,595.8352,278.5109,45.864594,478.7447,253.7435,-298.07742,707.60614,348.5612,12.9405775,566.57263,382.79565,-387.24506,778.02734,426.2582,-170.95477,728.3876,426.77588,-367.39304,800.28455,460.5321,-187.17018,761.6853,454.12115,-416.30176,784.72485,448.45514,-239.8706,779.63245,437.95065,-404.48193,770.46204,444.04837,-197.76898,763.1327,435.56406,-359.11563,466.12094,511.62424,89.25484,392.1363,500.88168,-89.288315,622.2975,399.20294,127.61229,504.54102,368.3496,-378.91086,604.4408,584.6554,258.20154,574.8517,621.6121,-271.91217,584.3872,616.5063,271.91183,565.4305,654.6256,-261.05475,657.2204,628.83234,215.13013,677.4146,690.45886,-393.01117
sample83.jpg,566.1191,186.46318,-222.03876,569.6813,169.74463,-189.17917,575.0104,170.89186,-189.14781,580.65686,171.97928,-189.24591,551.7649,166.2661,-215.11024,543.2892,164.43147,-215.09586,534.96313,162.81992,-215.12103,570.44403,180.09506,-37.085854,509.17395,168.51875,-147.55067,566.59784,208.32544,-165.48438,541.1185,203.29895,-197.58087,565.5523,273.45453,77.3754,437.36484,249.1497,-251.36574,687.79614,325.13406,70.56695,521.3082,374.8928,-338.91217,794.9944,376.96176,-53.21464,667.6367,427.96838,-310.31845,829.5421,401.05472,-61.337147,697.5609,458.06912,-350.6218,816.67163,391.857,-106.652336,717.8592,441.82416,-347.2049,798.331,392.836,-76.955635,702.6891,438.02563,-303.57916,451.65094,498.58185,81.8198,371.04913,492.7796,-81.59725,611.4392,393.7591,-93.10547,465.67218,373.0758,-363.07828,641.4285,598.8039,-77.241806,567.8447,613.59424,-312.2649,628.3476,639.0491,-76.236755,564.0314,646.3017,-307.24286,709.4378,632.42676,-173.94905,674.52484,670.877,-433.5577
sample84.jpg,515.8529,185.83203,-222.37057,517.24915,170.37328,-190.2073,521.7572,171.48427,-190.13512,526.60693,172.50485,-190.19554,501.1627,167.10046,-215.05252,493.33798,165.49873,-215.10385,485.66663,164.07578,-215.10916,514.68054,180.78503,-45.794113,459.5398,170.47528,-149.00084,514.7469,206.7437,-169.71123,491.7306,202.09428,-199.72018,518.6609,271.6946,24.5126,386.67783,251.1081,-235.99002,646.5516,316.82077,-64.75702,464.89276,377.82095,-318.12375,744.9576,375.79218,-240.98157,603.89526,421.5866,-299.21332,779.20166,402.97314,-267.09607,633.91675,446.32413,-339.9635,760.2532,395.03918,-308.34622,650.3706,431.2792,-338.3992,743.54004,395.2038,-265.06305,635.8634,428.99274,-294.833,425.77267,489.97342,67.00946,345.32904,489.64297,-66.81376,574.72955,367.60574,-120.63541,439.4837,361.4017,-287.7023,636.14526,580.5301,-133.66722,549.9949,586.4623,-216.40668,627.31573,621.18115,-135.06773,550.66614,617.44727,-211.22266,712.4729,623.1898,-229.29,651.0951,639.98254,-335.84125
sample9.png,632.34393,373.0579,-135.88315,620.23737,359.3081,-120.4089,616.79285,359.52515,-120.30613,613.5387,359.71066,-120.17489,622.7067,359.55316,-175.3403,620.4885,359.38953,-175.29715,618.42615,359.39557,-175.29703,590.2483,366.4304,-13.44201,596.68085,365.24417,-268.1151,621.25397,387.57144,-93.587715,623.3425,387.0738,-165.47488,575.3222,437.93936,142.77725,574.93256,431.00803,-392.079,668.3691,481.83624,180.32176,687.7175,473.92944,-496.18268,760.5137,495.9786,52.33778,788.1929,493.37698,-469.39645,779.46173,494.83185,60.347614,810.93536,497.1244,-534.9416,778.7719,493.37,5.155964,812.47473,489.22067,-506.9493,774.7139,498.3961,28.32261,803.52313,491.42514,-459.00964,545.9138,619.69617,167.79552,540.2274,630.95746,-167.16756,628.1037,483.5916,365.34512,631.4021,484.0205,-311.73193,619.8573,638.20624,597.893,636.08234,662.674,-105.47656,606.20056,663.6609,618.9417,624.22577,695.17175,-87.68964,661.7218,665.7501,661.543,691.9785,676.89685,-89.467026
